--
-- Script was generated by Devart dbForge Studio 2019 for MySQL, Version 8.2.23.0
-- Product home page: http://www.devart.com/dbforge/mysql/studio
-- Script date 12/17/2021 1:42:41 AM
-- Server version: 5.5.5-10.4.21-MariaDB
-- Client version: 4.1
--

-- 
-- Disable foreign keys
-- 
/*!40014 SET @OLD_FOREIGN_KEY_CHECKS=@@FOREIGN_KEY_CHECKS, FOREIGN_KEY_CHECKS=0 */;

-- 
-- Set SQL mode
-- 
/*!40101 SET @OLD_SQL_MODE=@@SQL_MODE, SQL_MODE='NO_AUTO_VALUE_ON_ZERO' */;

--
-- Set default database
--
USE b17dccn190_dmha_pttk_sqa;

--
-- Drop table `hoadonluongtt`
--
DROP TABLE IF EXISTS hoadonluongtt;

--
-- Drop table `trongtai_tott`
--
DROP TABLE IF EXISTS trongtai_tott;

--
-- Drop table `trongtai`
--
DROP TABLE IF EXISTS trongtai;

--
-- Drop procedure `proc_GetSuKienGhiBanTheoTranDauCuaDoiBong`
--
DROP PROCEDURE IF EXISTS proc_GetSuKienGhiBanTheoTranDauCuaDoiBong;

--
-- Drop procedure `proc_GetTKCauThuGhiBans`
--
DROP PROCEDURE IF EXISTS proc_GetTKCauThuGhiBans;

--
-- Drop procedure `proc_GetTranDauTheoCauThuGhiBan`
--
DROP PROCEDURE IF EXISTS proc_GetTranDauTheoCauThuGhiBan;

--
-- Drop procedure `proc_UpdateDoiBong_TranDau`
--
DROP PROCEDURE IF EXISTS proc_UpdateDoiBong_TranDau;

--
-- Drop table `sukien`
--
DROP TABLE IF EXISTS sukien;

--
-- Drop table `cauthu_doibong_trandau`
--
DROP TABLE IF EXISTS cauthu_doibong_trandau;

--
-- Drop table `doibong_trandau`
--
DROP TABLE IF EXISTS doibong_trandau;

--
-- Drop table `trandau_hopdong`
--
DROP TABLE IF EXISTS trandau_hopdong;

--
-- Drop table `trandau`
--
DROP TABLE IF EXISTS trandau;

--
-- Drop table `tott`
--
DROP TABLE IF EXISTS tott;

--
-- Drop table `vttrongtai`
--
DROP TABLE IF EXISTS vttrongtai;

--
-- Drop table `loaisukien`
--
DROP TABLE IF EXISTS loaisukien;

--
-- Drop table `cauthu`
--
DROP TABLE IF EXISTS cauthu;

--
-- Drop table `vtcauthu`
--
DROP TABLE IF EXISTS vtcauthu;

--
-- Drop table `hoadonbqth`
--
DROP TABLE IF EXISTS hoadonbqth;

--
-- Drop table `doibong`
--
DROP TABLE IF EXISTS doibong;

--
-- Drop table `sandau`
--
DROP TABLE IF EXISTS sandau;

--
-- Drop table `hopdongbqth`
--
DROP TABLE IF EXISTS hopdongbqth;

--
-- Drop table `doitac`
--
DROP TABLE IF EXISTS doitac;

--
-- Drop table `bangdau`
--
DROP TABLE IF EXISTS bangdau;

--
-- Drop table `vongdau`
--
DROP TABLE IF EXISTS vongdau;

--
-- Drop table `giaidau`
--
DROP TABLE IF EXISTS giaidau;

--
-- Drop procedure `proc_CheckLogin`
--
DROP PROCEDURE IF EXISTS proc_CheckLogin;

--
-- Drop table `thanhvienbtc`
--
DROP TABLE IF EXISTS thanhvienbtc;

--
-- Drop table `bantochuc`
--
DROP TABLE IF EXISTS bantochuc;

--
-- Set default database
--
USE b17dccn190_dmha_pttk_sqa;

--
-- Create table `bantochuc`
--
CREATE TABLE bantochuc (
  Id char(36) NOT NULL,
  TenBTC varchar(255) DEFAULT NULL,
  Hotline varchar(255) DEFAULT NULL,
  Email varchar(50) DEFAULT NULL,
  PRIMARY KEY (Id)
)
ENGINE = INNODB,
AVG_ROW_LENGTH = 16384,
CHARACTER SET utf8mb4,
COLLATE utf8mb4_general_ci,
COMMENT = 'ban to chuc';

--
-- Create table `thanhvienbtc`
--
CREATE TABLE thanhvienbtc (
  Id char(36) NOT NULL,
  MaThanhVien varchar(255) DEFAULT NULL,
  Ten varchar(255) DEFAULT NULL,
  TenDangNhap varchar(255) DEFAULT NULL,
  MatKhau varchar(255) DEFAULT NULL,
  NgaySinh date DEFAULT NULL,
  DiaChi varchar(255) DEFAULT NULL,
  Email varchar(255) DEFAULT NULL,
  Luong double DEFAULT NULL,
  BanToChucId char(36) DEFAULT NULL,
  PRIMARY KEY (Id)
)
ENGINE = INNODB,
AVG_ROW_LENGTH = 819,
CHARACTER SET utf8mb4,
COLLATE utf8mb4_general_ci,
COMMENT = 'thanh vien ban to chuc';

--
-- Create foreign key
--
ALTER TABLE thanhvienbtc
ADD CONSTRAINT FK_thanhvienbtc_bantochuc_Id FOREIGN KEY (BanToChucId)
REFERENCES bantochuc (Id) ON DELETE NO ACTION;

DELIMITER $$

--
-- Create procedure `proc_CheckLogin`
--
CREATE DEFINER = 'root'@'localhost'
PROCEDURE proc_CheckLogin (IN TenDangNhap varchar(255), IN MatKhau varchar(255))
BEGIN
  SELECT
    *
  FROM thanhvienbtc t
  WHERE t.TenDangNhap = TenDangNhap
  AND t.MatKhau = MatKhau;
END
$$

DELIMITER ;

--
-- Create table `giaidau`
--
CREATE TABLE giaidau (
  Id char(36) NOT NULL,
  TenGiai varchar(255) DEFAULT NULL,
  MuaGiai varchar(255) DEFAULT NULL,
  MoTa varchar(255) DEFAULT NULL,
  PRIMARY KEY (Id)
)
ENGINE = INNODB,
AVG_ROW_LENGTH = 16384,
CHARACTER SET utf8mb4,
COLLATE utf8mb4_general_ci,
COMMENT = 'giai dau';

--
-- Create table `vongdau`
--
CREATE TABLE vongdau (
  Id char(36) NOT NULL,
  TenVongDau varchar(255) DEFAULT NULL,
  MoTa varchar(255) DEFAULT NULL,
  GiaiDauId varchar(255) DEFAULT NULL,
  PRIMARY KEY (Id)
)
ENGINE = INNODB,
AVG_ROW_LENGTH = 3276,
CHARACTER SET utf8mb4,
COLLATE utf8mb4_general_ci,
COMMENT = 'vong dau';

--
-- Create foreign key
--
ALTER TABLE vongdau
ADD CONSTRAINT FK_vongdau_giaidau_Id FOREIGN KEY (GiaiDauId)
REFERENCES giaidau (Id) ON DELETE NO ACTION;

--
-- Create table `bangdau`
--
CREATE TABLE bangdau (
  Id char(36) NOT NULL,
  TenBang varchar(255) DEFAULT NULL,
  MoTa varchar(255) DEFAULT NULL,
  PRIMARY KEY (Id)
)
ENGINE = INNODB,
AVG_ROW_LENGTH = 4096,
CHARACTER SET utf8mb4,
COLLATE utf8mb4_general_ci,
COMMENT = 'bang dau';

--
-- Create table `doitac`
--
CREATE TABLE doitac (
  Id char(36) NOT NULL,
  Ten varchar(255) DEFAULT NULL,
  Hotline varchar(255) DEFAULT NULL,
  Email varchar(50) DEFAULT NULL,
  DiaChi varchar(255) DEFAULT NULL,
  PRIMARY KEY (Id)
)
ENGINE = INNODB,
AVG_ROW_LENGTH = 327,
CHARACTER SET utf8mb4,
COLLATE utf8mb4_general_ci,
COMMENT = 'doi tac';

--
-- Create table `hopdongbqth`
--
CREATE TABLE hopdongbqth (
  Id char(36) NOT NULL,
  MaHopDong varchar(255) DEFAULT NULL,
  TenHopDong varchar(255) DEFAULT NULL,
  NoiDung varchar(255) DEFAULT NULL,
  GhiChu varchar(255) DEFAULT NULL,
  NgayKy date DEFAULT NULL,
  DiaDiem varchar(255) DEFAULT NULL,
  ThanhVienBTCId char(36) DEFAULT NULL,
  DoiTacId char(36) DEFAULT NULL,
  PRIMARY KEY (Id)
)
ENGINE = INNODB,
AVG_ROW_LENGTH = 491,
CHARACTER SET utf8mb4,
COLLATE utf8mb4_general_ci,
COMMENT = 'hop dong ban quyen truyen hinh';

--
-- Create foreign key
--
ALTER TABLE hopdongbqth
ADD CONSTRAINT FK_hopdongbqth_doitac_Id FOREIGN KEY (DoiTacId)
REFERENCES doitac (Id) ON DELETE NO ACTION;

--
-- Create foreign key
--
ALTER TABLE hopdongbqth
ADD CONSTRAINT FK_hopdongbqth_thanhvienbtc_Id FOREIGN KEY (ThanhVienBTCId)
REFERENCES thanhvienbtc (Id) ON DELETE NO ACTION;

--
-- Create table `sandau`
--
CREATE TABLE sandau (
  Id char(36) NOT NULL,
  TenSan varchar(255) DEFAULT NULL,
  SoLuongGhe int(11) DEFAULT NULL,
  DiaChi varchar(255) DEFAULT NULL,
  PRIMARY KEY (Id)
)
ENGINE = INNODB,
AVG_ROW_LENGTH = 819,
CHARACTER SET utf8mb4,
COLLATE utf8mb4_general_ci,
COMMENT = 'san dau';

--
-- Create table `doibong`
--
CREATE TABLE doibong (
  Id char(36) NOT NULL,
  MaDoiBong varchar(255) DEFAULT NULL,
  TenDoiBong varchar(255) DEFAULT NULL,
  AoSanNha varchar(255) DEFAULT NULL,
  AoSanKhach varchar(255) DEFAULT NULL,
  MoTa varchar(255) DEFAULT NULL,
  BangDauId char(36) DEFAULT NULL,
  SanDauId char(36) DEFAULT NULL,
  GiaiDauId char(36) DEFAULT NULL,
  PRIMARY KEY (Id)
)
ENGINE = INNODB,
AVG_ROW_LENGTH = 1024,
CHARACTER SET utf8mb4,
COLLATE utf8mb4_general_ci,
COMMENT = 'doi bong';

--
-- Create foreign key
--
ALTER TABLE doibong
ADD CONSTRAINT FK_doibong_BangDauId FOREIGN KEY (BangDauId)
REFERENCES bangdau (Id) ON DELETE NO ACTION;

--
-- Create foreign key
--
ALTER TABLE doibong
ADD CONSTRAINT FK_doibong_GiaiDauId FOREIGN KEY (GiaiDauId)
REFERENCES giaidau (Id) ON DELETE NO ACTION;

--
-- Create foreign key
--
ALTER TABLE doibong
ADD CONSTRAINT FK_doibong_SanDauId FOREIGN KEY (SanDauId)
REFERENCES sandau (Id) ON DELETE NO ACTION;

--
-- Create table `hoadonbqth`
--
CREATE TABLE hoadonbqth (
  Id char(36) NOT NULL,
  MaHoaDon varchar(255) DEFAULT NULL,
  TongTien double DEFAULT NULL,
  ThoiGianXuatHD datetime DEFAULT NULL,
  TrangThai varchar(255) DEFAULT NULL,
  GhiChu varchar(255) DEFAULT NULL,
  ThanhVienBTCId char(36) DEFAULT NULL,
  DoiBongId char(36) DEFAULT NULL,
  PRIMARY KEY (Id)
)
ENGINE = INNODB,
AVG_ROW_LENGTH = 819,
CHARACTER SET utf8mb4,
COLLATE utf8mb4_general_ci,
COMMENT = 'hoa don ban quyen truyen hinh';

--
-- Create foreign key
--
ALTER TABLE hoadonbqth
ADD CONSTRAINT FK_hoadonbqth_doibong_Id FOREIGN KEY (DoiBongId)
REFERENCES doibong (Id) ON DELETE NO ACTION;

--
-- Create foreign key
--
ALTER TABLE hoadonbqth
ADD CONSTRAINT FK_hoadonbqth_thanhvienbtc_Id FOREIGN KEY (ThanhVienBTCId)
REFERENCES thanhvienbtc (Id) ON DELETE NO ACTION;

--
-- Create table `vtcauthu`
--
CREATE TABLE vtcauthu (
  Id char(36) NOT NULL,
  TenViTri varchar(255) DEFAULT NULL,
  MoTa varchar(255) DEFAULT NULL,
  PRIMARY KEY (Id)
)
ENGINE = INNODB,
AVG_ROW_LENGTH = 4096,
CHARACTER SET utf8mb4,
COLLATE utf8mb4_general_ci,
COMMENT = 'Vi tri cau thu';

--
-- Create table `cauthu`
--
CREATE TABLE cauthu (
  Id char(36) NOT NULL,
  MaCauThu varchar(255) DEFAULT NULL,
  Ten varchar(255) DEFAULT NULL,
  NgaySinh date DEFAULT NULL,
  Email varchar(255) DEFAULT NULL,
  ChieuCao varchar(255) DEFAULT NULL,
  CanNang varchar(255) DEFAULT NULL,
  ChanThuan varchar(255) DEFAULT NULL,
  SoAo int(11) DEFAULT NULL,
  VTCauThuId char(36) DEFAULT NULL,
  DoiBongId char(36) DEFAULT NULL,
  PRIMARY KEY (Id)
)
ENGINE = INNODB,
AVG_ROW_LENGTH = 341,
CHARACTER SET utf8mb4,
COLLATE utf8mb4_general_ci,
COMMENT = 'cau thu';

--
-- Create foreign key
--
ALTER TABLE cauthu
ADD CONSTRAINT FK_cauthu_doibong_Id FOREIGN KEY (DoiBongId)
REFERENCES doibong (Id) ON DELETE NO ACTION ON UPDATE NO ACTION;

--
-- Create foreign key
--
ALTER TABLE cauthu
ADD CONSTRAINT FK_cauthu_vtcauthu_Id FOREIGN KEY (VTCauThuId)
REFERENCES vtcauthu (Id) ON DELETE NO ACTION;

--
-- Create table `loaisukien`
--
CREATE TABLE loaisukien (
  Id char(36) NOT NULL,
  Ten varchar(255) DEFAULT NULL,
  MoTa varchar(255) DEFAULT NULL,
  PRIMARY KEY (Id)
)
ENGINE = INNODB,
AVG_ROW_LENGTH = 2048,
CHARACTER SET utf8mb4,
COLLATE utf8mb4_general_ci,
COMMENT = 'loai su kien';

--
-- Create table `vttrongtai`
--
CREATE TABLE vttrongtai (
  Id char(36) NOT NULL,
  TenViTri varchar(255) DEFAULT NULL,
  MoTa varchar(255) DEFAULT NULL,
  PRIMARY KEY (Id)
)
ENGINE = INNODB,
AVG_ROW_LENGTH = 5461,
CHARACTER SET utf8mb4,
COLLATE utf8mb4_general_ci,
COMMENT = 'vi tri trong tai';

--
-- Create table `tott`
--
CREATE TABLE tott (
  Id char(36) NOT NULL,
  MaToTT varchar(255) DEFAULT NULL,
  MoTa varchar(255) DEFAULT NULL,
  PRIMARY KEY (Id)
)
ENGINE = INNODB,
AVG_ROW_LENGTH = 819,
CHARACTER SET utf8mb4,
COLLATE utf8mb4_general_ci,
COMMENT = 'to trong tai';

--
-- Create table `trandau`
--
CREATE TABLE trandau (
  Id char(36) NOT NULL,
  MaTranDau varchar(255) DEFAULT NULL,
  ThoiGianBatDau datetime DEFAULT NULL,
  MoTa varchar(255) DEFAULT NULL,
  SoVe int(11) DEFAULT NULL,
  SoPhutBuGio int(11) DEFAULT NULL,
  SanDauId char(36) DEFAULT NULL,
  VongDauId char(36) DEFAULT NULL,
  ToTTId char(36) DEFAULT NULL,
  PRIMARY KEY (Id)
)
ENGINE = INNODB,
AVG_ROW_LENGTH = 393,
CHARACTER SET utf8mb4,
COLLATE utf8mb4_general_ci,
COMMENT = 'tran dau';

--
-- Create foreign key
--
ALTER TABLE trandau
ADD CONSTRAINT FK_trandau_sandau_Id FOREIGN KEY (SanDauId)
REFERENCES sandau (Id) ON DELETE NO ACTION;

--
-- Create foreign key
--
ALTER TABLE trandau
ADD CONSTRAINT FK_trandau_tott_Id FOREIGN KEY (ToTTId)
REFERENCES tott (Id) ON DELETE NO ACTION;

--
-- Create foreign key
--
ALTER TABLE trandau
ADD CONSTRAINT FK_trandau_vongdau_Id FOREIGN KEY (VongDauId)
REFERENCES vongdau (Id) ON DELETE NO ACTION;

--
-- Create table `trandau_hopdong`
--
CREATE TABLE trandau_hopdong (
  Id char(36) NOT NULL,
  TongTien double DEFAULT NULL,
  DaThanhToan bit(1) DEFAULT NULL,
  HopDongBQTHId char(36) DEFAULT NULL,
  TranDauId char(36) DEFAULT NULL,
  PRIMARY KEY (Id)
)
ENGINE = INNODB,
AVG_ROW_LENGTH = 245,
CHARACTER SET utf8mb4,
COLLATE utf8mb4_general_ci,
COMMENT = 'tran dau - hop dong';

--
-- Create foreign key
--
ALTER TABLE trandau_hopdong
ADD CONSTRAINT FK_trandau_hopdong_hopdongbqth_Id FOREIGN KEY (HopDongBQTHId)
REFERENCES hopdongbqth (Id) ON DELETE NO ACTION;

--
-- Create foreign key
--
ALTER TABLE trandau_hopdong
ADD CONSTRAINT FK_trandau_hopdong_trandau_Id FOREIGN KEY (TranDauId)
REFERENCES trandau (Id) ON DELETE NO ACTION;

--
-- Create table `doibong_trandau`
--
CREATE TABLE doibong_trandau (
  Id char(36) NOT NULL,
  LaDoiNha bit(1) DEFAULT NULL,
  SoBanThang int(11) DEFAULT NULL,
  TienBanQuyen double DEFAULT NULL,
  DaThanhToan bit(1) DEFAULT NULL,
  HeSoDoanhThu double DEFAULT NULL,
  Diem int(11) DEFAULT NULL,
  DoiBongId char(36) DEFAULT NULL,
  TranDauId char(36) DEFAULT NULL,
  HoaDonBQTHId char(36) DEFAULT NULL,
  PRIMARY KEY (Id)
)
ENGINE = INNODB,
AVG_ROW_LENGTH = 327,
CHARACTER SET utf8mb4,
COLLATE utf8mb4_general_ci,
COMMENT = 'doi bong - tran dau';

--
-- Create foreign key
--
ALTER TABLE doibong_trandau
ADD CONSTRAINT FK_doibong_trandau_doibong_Id FOREIGN KEY (DoiBongId)
REFERENCES doibong (Id) ON DELETE NO ACTION;

--
-- Create foreign key
--
ALTER TABLE doibong_trandau
ADD CONSTRAINT FK_doibong_trandau_hoadonbqth_Id FOREIGN KEY (HoaDonBQTHId)
REFERENCES hoadonbqth (Id) ON DELETE NO ACTION;

--
-- Create foreign key
--
ALTER TABLE doibong_trandau
ADD CONSTRAINT FK_doibong_trandau_trandau_Id FOREIGN KEY (TranDauId)
REFERENCES trandau (Id) ON DELETE NO ACTION;

--
-- Create table `cauthu_doibong_trandau`
--
CREATE TABLE cauthu_doibong_trandau (
  Id char(36) NOT NULL,
  LaDaChinh bit(1) DEFAULT NULL,
  CauThuId char(36) DEFAULT NULL,
  DoiBong_TranDauId char(36) DEFAULT NULL,
  PRIMARY KEY (Id)
)
ENGINE = INNODB,
AVG_ROW_LENGTH = 327,
CHARACTER SET utf8mb4,
COLLATE utf8mb4_general_ci,
COMMENT = 'cau thu - doi bong - tran dau';

--
-- Create foreign key
--
ALTER TABLE cauthu_doibong_trandau
ADD CONSTRAINT FK_cauthu_doibong_trandau_CauThuId FOREIGN KEY (CauThuId)
REFERENCES cauthu (Id) ON DELETE NO ACTION;

--
-- Create foreign key
--
ALTER TABLE cauthu_doibong_trandau
ADD CONSTRAINT FK_cauthu_doibong_trandau_DoiBong_TranDauId FOREIGN KEY (DoiBong_TranDauId)
REFERENCES doibong_trandau (Id) ON DELETE NO ACTION;

--
-- Create table `sukien`
--
CREATE TABLE sukien (
  Id char(36) NOT NULL,
  ThoiDiem int(11) DEFAULT NULL,
  GhiChu varchar(255) DEFAULT NULL,
  CauThu_DoiBong_TranDauId char(36) DEFAULT NULL,
  LoaiSuKienId char(36) DEFAULT NULL,
  PRIMARY KEY (Id)
)
ENGINE = INNODB,
AVG_ROW_LENGTH = 327,
CHARACTER SET utf8mb4,
COLLATE utf8mb4_general_ci,
COMMENT = 'su kien';

--
-- Create foreign key
--
ALTER TABLE sukien
ADD CONSTRAINT FK_sukien_CauThu_DoiBong_TranDauId FOREIGN KEY (CauThu_DoiBong_TranDauId)
REFERENCES cauthu_doibong_trandau (Id) ON DELETE NO ACTION;

--
-- Create foreign key
--
ALTER TABLE sukien
ADD CONSTRAINT FK_sukien_loaisukien_Id FOREIGN KEY (LoaiSuKienId)
REFERENCES loaisukien (Id) ON DELETE NO ACTION;

DELIMITER $$

--
-- Create procedure `proc_UpdateDoiBong_TranDau`
--
CREATE DEFINER = 'root'@'localhost'
PROCEDURE proc_UpdateDoiBong_TranDau ()
BEGIN
  CREATE TEMPORARY TABLE DoiBong_BanThang AS (SELECT
      cdt.DoiBong_TranDauId,
      COUNT(s.LoaiSuKienId) AS SoBanThang
    FROM cauthu_doibong_trandau cdt
      INNER JOIN sukien s
        ON cdt.Id = s.CauThu_DoiBong_TranDauId
    WHERE s.LoaiSuKienId = '1e3fea6d-4c76-3028-01e6-60ef96f96cf1'
    GROUP BY cdt.DoiBong_TranDauId);

  UPDATE doibong_trandau dt
  SET dt.SoBanThang = 0,
      dt.Diem = 0;

  UPDATE doibong_trandau dt, DoiBong_BanThang dbbt
  SET dt.SoBanThang = dbbt.SoBanThang
  WHERE dt.Id = dbbt.DoiBong_TranDauId;

  CREATE TEMPORARY TABLE t_doibong_trandau AS (SELECT
      dt.*,
      (SELECT
          dt1.SoBanThang
        FROM doibong_trandau dt1
        WHERE dt1.TranDauId = dt.TranDauId
        AND dt1.Id != dt.Id) AS SoBanThua
    FROM doibong_trandau dt);

  UPDATE doibong_trandau dt, t_doibong_trandau tdt
  SET dt.Diem = IF(tdt.SoBanThang > tdt.SoBanThua, 3, IF(tdt.SoBanThang = tdt.SoBanThua AND tdt.SoBanThang > 0, 1, 0))
  WHERE dt.Id = tdt.Id;

  DROP TEMPORARY TABLE DoiBong_BanThang;
  DROP TEMPORARY TABLE t_doibong_trandau;
END
$$

--
-- Create procedure `proc_GetTranDauTheoCauThuGhiBan`
--
CREATE DEFINER = 'root'@'localhost'
PROCEDURE proc_GetTranDauTheoCauThuGhiBan (IN CauThuId char(36))
BEGIN
  CREATE TEMPORARY TABLE IF NOT EXISTS ThongKeDoiBongTranDaus AS (SELECT
      dt.*,
      d.TenDoiBong,
      (SELECT
          d1.TenDoiBong
        FROM doibong d1
          INNER JOIN doibong_trandau dt1
            ON d1.Id = dt1.DoiBongId
        WHERE dt.Id <> dt1.Id
        AND dt.TranDauId = dt1.TranDauId) AS TenDoiThu
    FROM doibong_trandau dt
      INNER JOIN doibong d
        ON dt.DoiBongId = d.Id);

  SELECT
    t.Id AS TranDauId,
    t.MaTranDau,
    tkdbtd.SoBanThang,
    tkdbtd.TenDoiBong AS TenDoiTa,
    tkdbtd.TenDoiThu AS TenDoiThu,
    tkdbtd.Id AS DoiBong_TranDauId
  FROM trandau t
    INNER JOIN ThongKeDoiBongTranDaus tkdbtd
      ON t.Id = tkdbtd.TranDauId
    INNER JOIN cauthu_doibong_trandau cdt
      ON tkdbtd.Id = cdt.DoiBong_TranDauId
    INNER JOIN sukien s
      ON cdt.Id = s.CauThu_DoiBong_TranDauId
  WHERE cdt.CauThuId = CauThuId
  AND s.LoaiSuKienId = '1e3fea6d-4c76-3028-01e6-60ef96f96cf1'
  GROUP BY t.Id;
  DROP TEMPORARY TABLE ThongKeDoiBongTranDaus;
END
$$

--
-- Create procedure `proc_GetTKCauThuGhiBans`
--
CREATE DEFINER = 'root'@'localhost'
PROCEDURE proc_GetTKCauThuGhiBans ()
BEGIN
  -- lay thong ke ban thang
  CREATE TEMPORARY TABLE IF NOT EXISTS ThongKeBanThangs AS (SELECT
      cdt.CauThuId,
      COUNT(s.LoaiSuKienId) AS SoBanThang
    FROM cauthu_doibong_trandau cdt
      INNER JOIN sukien s
        ON cdt.Id = s.CauThu_DoiBong_TranDauId
    WHERE s.LoaiSuKienId = '1e3fea6d-4c76-3028-01e6-60ef96f96cf1'
    GROUP BY cdt.CauThuId);

  -- lay thong ke kien tao
  CREATE TEMPORARY TABLE IF NOT EXISTS ThongKeKienTaos AS (SELECT
      cdt.CauThuId,
      COUNT(s.LoaiSuKienId) AS SoBanKienTao
    FROM cauthu_doibong_trandau cdt
      INNER JOIN sukien s
        ON cdt.Id = s.CauThu_DoiBong_TranDauId
    WHERE s.LoaiSuKienId = '52776972-4378-19fb-a3b5-71773acb3ca3'
    GROUP BY cdt.CauThuId);

  -- lay thong ke doi bong tran dau
  CREATE TEMPORARY TABLE IF NOT EXISTS t_doibong_trandau AS (SELECT
      dt.*,
      (SELECT
          dt1.SoBanThang
        FROM doibong_trandau dt1
        WHERE dt1.TranDauId = dt.TranDauId
        AND dt1.Id <> dt.Id) AS SoBanThua
    FROM doibong_trandau dt);

  -- lay thong ke doi bong diem
  CREATE TEMPORARY TABLE IF NOT EXISTS ThongKeDoiBongDiems AS (SELECT
      d.Id,
      d.MaDoiBong,
      d.TenDoiBong,
      SUM(tdt.Diem) AS Diem,
      SUM(tdt.SoBanThang) AS SoBanThang,
      SUM(tdt.SoBanThua) AS SoBanThua,
      (SUM(tdt.SoBanThang) - SUM(tdt.SoBanThua)) AS HieuSo,
      COUNT(tdt.Id) AS SoTran
    FROM doibong d
      INNER JOIN t_doibong_trandau tdt
        ON d.Id = tdt.DoiBongId
    GROUP BY d.Id
    ORDER BY Diem DESC, HieuSo DESC, SoBanThang DESC, SoBanThua DESC, SoTran DESC);

  -- lay thong ke bxh
  SET @stt = 0;
  CREATE TEMPORARY TABLE IF NOT EXISTS ThongKeBXH AS (SELECT
      @stt := @stt + 1 AS ThuHang,
      tkdbd.*
    FROM ThongKeDoiBongDiems tkdbd);

  -- lay thong ke thoi gian theo cau thu tran dau
  CREATE TEMPORARY TABLE IF NOT EXISTS ThongKeThoiGianCauThuTranDaus AS (SELECT
      cdt.CauThuId,
      CASE WHEN cdt.LaDaChinh = 1 THEN CASE WHEN s.LoaiSuKienId = '3a8e2ab6-61f3-40a6-6777-fd2ea5b5f96c' THEN s.ThoiDiem WHEN s.LoaiSuKienId IS NULL THEN 90 + t.SoPhutBuGio END WHEN cdt.LaDaChinh = 0 THEN CASE WHEN s.LoaiSuKienId = '6791db26-20dc-4136-0f3e-0e0d0971fd2e' THEN 90 + t.SoPhutBuGio - s.ThoiDiem WHEN s.LoaiSuKienId IS NULL THEN 0 END END AS ThoiGian
    FROM cauthu_doibong_trandau cdt
      INNER JOIN doibong_trandau dt
        ON cdt.DoiBong_TranDauId = dt.Id
      INNER JOIN trandau t
        ON dt.TranDauId = t.Id
      LEFT JOIN sukien s
        ON cdt.Id = s.CauThu_DoiBong_TranDauId
        AND s.LoaiSuKienId IN ('3a8e2ab6-61f3-40a6-6777-fd2ea5b5f96c', '6791db26-20dc-4136-0f3e-0e0d0971fd2e'));

  -- lay thong ke thoi gian thi dau
  CREATE TEMPORARY TABLE IF NOT EXISTS ThongKeThoiGians AS (SELECT
      c.Id,
      SUM(tktgcttd.ThoiGian) AS ThoiGianThiDau
    FROM cauthu c
      INNER JOIN ThongKeThoiGianCauThuTranDaus tktgcttd
        ON c.Id = tktgcttd.CauThuId
    GROUP BY c.Id);

  -- thong ke final
  SELECT
    c.*,
    d.TenDoiBong,
    tkbt.SoBanThang AS SoBanThang,
    IF(tkkt.SoBanKienTao IS NOT NULL, tkkt.SoBanKienTao, 0) AS KienTao,
    tkbxh.ThuHang,
    tktg.ThoiGianThiDau
  FROM cauthu c
    INNER JOIN ThongKeBXH tkbxh
      ON c.DoiBongId = tkbxh.Id
    INNER JOIN doibong d
      ON c.DoiBongId = d.Id
    LEFT JOIN ThongKeThoiGians tktg
      ON c.Id = tktg.Id
    LEFT JOIN ThongKeBanThangs tkbt
      ON c.Id = tkbt.CauThuId
    LEFT JOIN ThongKeKienTaos tkkt
      ON c.Id = tkkt.CauThuId
  HAVING SoBanThang > 0
  ORDER BY SoBanThang DESC, KienTao DESC, ThuHang ASC, ThoiGianThiDau ASC;

  DROP TEMPORARY TABLE ThongKeBanThangs;
  DROP TEMPORARY TABLE ThongKeKienTaos;
  DROP TEMPORARY TABLE t_doibong_trandau;
  DROP TEMPORARY TABLE ThongKeDoiBongDiems;
  DROP TEMPORARY TABLE ThongKeBXH;
  DROP TEMPORARY TABLE ThongKeThoiGianCauThuTranDaus;
  DROP TEMPORARY TABLE ThongKeThoiGians;
END
$$

--
-- Create procedure `proc_GetSuKienGhiBanTheoTranDauCuaDoiBong`
--
CREATE DEFINER = 'root'@'localhost'
PROCEDURE proc_GetSuKienGhiBanTheoTranDauCuaDoiBong (IN TranDauId char(36), IN DoiBong_TranDauId char(36))
BEGIN
  SELECT
    s.Id,
    s.ThoiDiem,
    c.Ten AS GhiChu
  FROM sukien s
    INNER JOIN cauthu_doibong_trandau cdt
      ON s.CauThu_DoiBong_TranDauId = cdt.Id
    INNER JOIN doibong_trandau dt
      ON cdt.DoiBong_TranDauId = dt.Id
    INNER JOIN trandau t
      ON dt.TranDauId = t.Id
    INNER JOIN cauthu c
      ON cdt.CauThuId = c.Id
  WHERE t.Id = TranDauId
  AND s.LoaiSuKienId = '1e3fea6d-4c76-3028-01e6-60ef96f96cf1'
  AND dt.Id = DoiBong_TranDauId
  ORDER BY s.ThoiDiem ASC;
END
$$

DELIMITER ;

--
-- Create table `trongtai`
--
CREATE TABLE trongtai (
  Id char(36) NOT NULL,
  MaTrongTai varchar(255) DEFAULT NULL,
  Ten varchar(255) DEFAULT NULL,
  NgaySinh date DEFAULT NULL,
  SDT varchar(255) DEFAULT NULL,
  Email varchar(255) DEFAULT NULL,
  DiaChi varchar(255) DEFAULT NULL,
  NamKinhNghiem int(11) DEFAULT NULL,
  MoTa varchar(255) DEFAULT NULL,
  PRIMARY KEY (Id)
)
ENGINE = INNODB,
AVG_ROW_LENGTH = 204,
CHARACTER SET utf8mb4,
COLLATE utf8mb4_general_ci,
COMMENT = 'trong tai';

--
-- Create table `trongtai_tott`
--
CREATE TABLE trongtai_tott (
  Id char(36) NOT NULL,
  TienCong double DEFAULT NULL,
  DaThanhToan bit(1) DEFAULT NULL,
  VTTrongTaiId char(36) DEFAULT NULL,
  ToTTId char(36) DEFAULT NULL,
  TrongTaiId char(36) DEFAULT NULL,
  PRIMARY KEY (Id)
)
ENGINE = INNODB,
AVG_ROW_LENGTH = 204,
CHARACTER SET utf8mb4,
COLLATE utf8mb4_general_ci,
COMMENT = 'trong tai - to trong tai';

--
-- Create foreign key
--
ALTER TABLE trongtai_tott
ADD CONSTRAINT FK_trongtai_tott_tott_Id FOREIGN KEY (ToTTId)
REFERENCES tott (Id) ON DELETE NO ACTION;

--
-- Create foreign key
--
ALTER TABLE trongtai_tott
ADD CONSTRAINT FK_trongtai_tott_trongtai_Id FOREIGN KEY (TrongTaiId)
REFERENCES trongtai (Id) ON DELETE NO ACTION;

--
-- Create foreign key
--
ALTER TABLE trongtai_tott
ADD CONSTRAINT FK_trongtai_tott_vttrongtai_Id FOREIGN KEY (VTTrongTaiId)
REFERENCES vttrongtai (Id) ON DELETE NO ACTION;

--
-- Create table `hoadonluongtt`
--
CREATE TABLE hoadonluongtt (
  Id char(36) NOT NULL,
  MaHoaDon varchar(255) DEFAULT NULL,
  TongTien double DEFAULT NULL,
  ThoiGianXuatHD datetime DEFAULT NULL,
  TrangThai varchar(255) DEFAULT NULL,
  GhiChu varchar(255) DEFAULT NULL,
  ThanhVienBTCId char(36) DEFAULT NULL,
  TrongTaiId char(36) DEFAULT NULL,
  PRIMARY KEY (Id)
)
ENGINE = INNODB,
AVG_ROW_LENGTH = 819,
CHARACTER SET utf8mb4,
COLLATE utf8mb4_general_ci,
COMMENT = 'hoa don luong trong tai';

--
-- Create foreign key
--
ALTER TABLE hoadonluongtt
ADD CONSTRAINT FK_hoadonluongtt_thanhvienbtc_Id FOREIGN KEY (ThanhVienBTCId)
REFERENCES thanhvienbtc (Id) ON DELETE NO ACTION;

--
-- Create foreign key
--
ALTER TABLE hoadonluongtt
ADD CONSTRAINT FK_hoadonluongtt_trongtai_Id FOREIGN KEY (TrongTaiId)
REFERENCES trongtai (Id) ON DELETE NO ACTION;

-- 
-- Dumping data for table bantochuc
--
INSERT INTO bantochuc VALUES
('3304dddb-1b72-607f-25c2-579daad24557', 'Brazil', '0815474996', 'brazilwc@gmail.com');

-- 
-- Dumping data for table giaidau
--
INSERT INTO giaidau VALUES
('4b24c549-7e20-66b7-b073-961b5d5b8db8', 'Premier League', '2021', 'nothing');

-- 
-- Dumping data for table bangdau
--
INSERT INTO bangdau VALUES
('142cb08f-7c31-21fa-8e90-67245e8b283e', 'A', 'Bảng đấu chứa các đội bóng'),
('17120d02-6ab5-3e43-18cb-66948daf6128', 'D', 'Bảng đấu chứa các đội bóng'),
('469b3ece-744a-45d5-957d-e8c757976496', 'B', 'Bảng đấu chứa các đội bóng'),
('4e272fc4-7875-78d6-7d32-6a1673ffca7c', 'C', 'Bảng đấu chứa các đội bóng');

-- 
-- Dumping data for table vongdau
--
INSERT INTO vongdau VALUES
('1b2e57dc-23af-2fc9-56c2-1cf647aea761', 'vòng bảng', 'nothing', '4b24c549-7e20-66b7-b073-961b5d5b8db8'),
('219af9a0-3833-4074-a5b7-a919cab3d500', 'Vòng loại trực tiếp', 'nothing', '4b24c549-7e20-66b7-b073-961b5d5b8db8'),
('34aa5486-2c77-66d0-69e1-d1c6b9046484', 'vòng tứ kết', 'nothing', '4b24c549-7e20-66b7-b073-961b5d5b8db8'),
('49977065-44e0-58fe-89cc-aea518759ca4', 'Vòng bán kết', 'nothing', '4b24c549-7e20-66b7-b073-961b5d5b8db8'),
('6a90a400-76ac-5619-3d77-9e4463160e48', 'Vòng chung kết', 'nothing', '4b24c549-7e20-66b7-b073-961b5d5b8db8');

-- 
-- Dumping data for table tott
--
INSERT INTO tott VALUES
('11408d06-1a15-51c7-34ac-74c1abc316fc', 'TTT961', 'nothing'),
('132a0dc4-33ae-7205-93bb-829820139dc6', 'TTT421', 'nothing'),
('2501ff37-299c-273f-e5e3-324ff508046d', 'TTT038', 'nothing'),
('27616729-411f-6fea-6ab1-dae6d51a1f11', 'TTT807', 'nothing'),
('2a32a549-1c73-6d78-fe2e-b100daa09d86', 'TTT532', 'nothing'),
('2c7039e5-73b7-2fe0-e6e3-324ff508046d', 'TTT179', 'nothing'),
('2fdae412-7f4a-6ecc-94bb-829820139dc6', 'TTT036', 'nothing'),
('3287d147-4258-7142-7970-04e73b7b03ad', 'TTT476', 'nothing'),
('4012c5ea-7eeb-72e4-92bb-829820139dc6', 'TTT585', 'nothing'),
('47e574a7-6b12-5ad9-82fc-5898bab2b82a', 'TTT602', 'nothing'),
('4de9363d-2588-302a-91bb-829820139dc6', 'TTT757', 'nothing'),
('50a9c3e5-54de-4737-1f61-f60fc72b7de2', 'TTT658', 'nothing'),
('54f3da6c-79d9-44f5-6cb1-dae6d51a1f11', 'TTT115', 'nothing'),
('570d7a77-43bd-399a-7a70-04e73b7b03ad', 'TTT542', 'nothing'),
('58ecf563-62ca-6e47-84fc-5898bab2b82a', 'TTT984', 'nothing'),
('59350888-6758-2a0a-7b70-04e73b7b03ad', 'TTT908', 'nothing'),
('64064254-4c18-2023-6bb1-dae6d51a1f11', 'TTT213', 'nothing'),
('6765d569-13ee-7c83-83fc-5898bab2b82a', 'TTT548', 'nothing'),
('7a2a9d8e-3ad6-59dc-943c-b6db1b08a834', 'TTT431', 'nothing'),
('7e30f019-2be3-2ece-ff2e-b100daa09d86', 'TTT187', 'nothing');

-- 
-- Dumping data for table sandau
--
INSERT INTO sandau VALUES
('1799ce95-50d1-5078-c1cf-40da395526b0', 'Ramon Sanchez-Pizjuan Stadium', 110000, 'Estadio Beira-Rio'),
('19d7d5e4-53ce-7973-3deb-2305cc661988', 'Stamford Bridge', 110000, 'Estadio Da Baixada'),
('1bf4c592-3ed4-5354-2fb8-7265ab5e4dd2', 'San Siro Stadium', 120000, 'Estadio Beira-Rio'),
('26370e2b-7a4b-1e9c-4503-f11690f6e6eb', 'Le Parc des Princes', 100000, 'Estadio Das Dunas'),
('31a91785-3caf-2f79-75b4-6865aee0822f', ' NSC Olimpiyskiy', 80000, 'Arena De Sao Paulo'),
('352ed722-6b01-363f-77b4-6865aee0822f', 'Signal Iduna Park', 80000, 'Estadio Do Maracana'),
('3e0acba8-75d8-510a-a5ed-48c36e016452', 'Jan Breydel Stadium', 105000, 'Estadio Pantanal'),
('5140a41a-688c-6524-5f69-eab3c948e915', 'Allianz Stadium', 90000, 'Arena De Sao Paulo'),
('57c7cade-25de-20ed-4403-f11690f6e6eb', 'MCH Arena', 100000, 'Estadio Mineirao'),
('6456a494-700b-68b5-2eb8-7265ab5e4dd2', 'Gewiss Stadium', 95000, 'Arena Pernambuco'),
('6614b51e-1601-1db7-3ceb-2305cc661988', 'Etihad Stadium', 70000, 'Estadio Pantanal'),
('6743104a-20cc-4d43-78b4-6865aee0822f', 'Groupama Arena', 95000, 'Estadio Beira-Rio'),
('6ffe697e-4135-2991-5d69-eab3c948e915', 'RZD Arena', 105000, 'Estadio Amazonia'),
('73e4947c-6848-2878-5e69-eab3c948e915', 'Anfield', 75000, 'Arena Pernambuco'),
('746bf215-69f0-63d5-24a0-a553e7ce7f6e', 'National Sports Complex', 90000, 'Estadio Do Maracana'),
('75de55af-2d40-377a-8ca2-ca118a69ca38', '', 85000, 'Estadio Pantanal'),
('7cc2bcb8-1a41-5e1c-76b4-6865aee0822f', 'Allianz Arena', 115000, 'Estadio Mineirao'),
('7e913fcd-61f0-14ce-d91a-bf8b1eedbfc9', 'Old Trafford', 70000, 'Estadio Pantanal'),
('7ecb3390-7390-54b9-4303-f11690f6e6eb', 'Camp Nou', 85000, 'Arena Pernambuco'),
('7f7d8c60-24a7-7edf-2db8-7265ab5e4dd2', 'Red Bull Arena', 75000, 'Estadio Amazonia');

-- 
-- Dumping data for table thanhvienbtc
--
INSERT INTO thanhvienbtc VALUES
('1ac84e54-1605-73ec-da48-a63e8f7f5b87', 'TV120', 'Dorsey Mccartney', 'admin16', '123456', '1999-06-15', 'nothing', 'nothing', 114004567671787, '3304dddb-1b72-607f-25c2-579daad24557'),
('1e4772dd-41de-1b16-ec09-a63d71b861bb', 'TV415', 'Laci Shuler', 'admin01', '123456', '1999-03-14', 'nothing', 'nothing', 419916554238004, '3304dddb-1b72-607f-25c2-579daad24557'),
('22877e36-553c-5e68-638d-62cdcf318413', 'TV007', 'Dexter Altman', 'admin11', '123456', '1999-06-26', 'nothing', 'nothing', 382479960325483, '3304dddb-1b72-607f-25c2-579daad24557'),
('2b4568d1-4019-4a1e-aaba-3ea8b7d05250', 'TV576', 'Deandre Bratcher', 'admin12', '123456', '1999-05-20', 'nothing', 'nothing', 422712232783571, '3304dddb-1b72-607f-25c2-579daad24557'),
('2c385729-3945-69f9-926f-c0f6d238b936', 'TV101', 'Adalberto Crawley', 'admin04', '123456', '1999-09-25', 'nothing', 'nothing', 995983562735800, '3304dddb-1b72-607f-25c2-579daad24557'),
('36668394-764e-71f5-d3be-278c8c20c8a1', 'TV387', 'Nova Ricci', 'admin13', '123456', '1999-01-02', 'nothing', 'nothing', 20128172638640, '3304dddb-1b72-607f-25c2-579daad24557'),
('37bf2411-7aa3-12ca-906f-c0f6d238b936', 'TV103', 'Leonel Betancourt', 'admin10', '123456', '1999-01-06', 'nothing', 'nothing', 39545152792171, '3304dddb-1b72-607f-25c2-579daad24557'),
('3815457e-5498-2be8-d4be-278c8c20c8a1', 'TV319', 'Willia Hogue', 'admin07', '123456', '1999-02-03', 'nothing', 'nothing', 516650032360481, '3304dddb-1b72-607f-25c2-579daad24557'),
('520306c1-6198-3120-061c-777061e1fef3', 'TV621', 'Avril Thames', 'admin19', '123456', '1999-01-21', 'nothing', 'nothing', 672172218942652, '3304dddb-1b72-607f-25c2-579daad24557'),
('5652e88b-3da4-5ab0-7dd8-e07eb4c91d2d', 'TV284', 'Loren Abbott', 'admin18', '123456', '1999-01-06', 'nothing', 'nothing', 535763694647691, '3304dddb-1b72-607f-25c2-579daad24557'),
('57dad6d6-7d4b-7607-c4fd-278daae7c16d', 'TV370', 'Dallas Marrero', 'admin08', NULL, '1999-01-06', 'nothing', 'nothing', 430989136896033, '3304dddb-1b72-607f-25c2-579daad24557'),
('5bcb39ca-52cd-6fa9-916f-c0f6d238b936', 'TV072', 'Ahmad Tremblay', 'admin06', '123456', '1999-10-20', 'nothing', 'nothing', 612255118119522, '3304dddb-1b72-607f-25c2-579daad24557'),
('635c2f8d-46af-47e5-dc48-a63e8f7f5b87', 'TV825', 'Reinaldo Cartwright', 'admin02', '123456', '1999-03-16', 'nothing', 'nothing', 803001397557914, '3304dddb-1b72-607f-25c2-579daad24557'),
('664c835e-23cc-566d-7cd8-e07eb4c91d2d', 'TV572', 'Nathanael Berger', 'admin05', NULL, '1999-09-11', 'nothing', 'nothing', 382404758149310, '3304dddb-1b72-607f-25c2-579daad24557'),
('6af9af24-2ded-185d-eb09-a63d71b861bb', 'TV329', 'Reinaldo Cartwright', 'admin00', '123456', '1999-06-07', 'nothing', 'nothing', 71457627022530, '3304dddb-1b72-607f-25c2-579daad24557'),
('6e28e256-362a-49f9-c3fd-278daae7c16d', 'TV854', 'Fidel Colvin', 'admin14', '123456', '1999-01-15', 'nothing', 'nothing', 862935673746226, '3304dddb-1b72-607f-25c2-579daad24557'),
('78a854af-6ff9-2e00-db48-a63e8f7f5b87', 'TV066', 'Barney Bohannon', 'admin15', '123456', '1999-03-26', 'nothing', 'nothing', 177115946840104, '3304dddb-1b72-607f-25c2-579daad24557'),
('79cf0141-1844-2fa0-c2fd-278daae7c16d', 'TV582', 'Ilda Holley', 'admin09', '123456', '1999-01-24', 'nothing', 'nothing', 391596477147676, '3304dddb-1b72-607f-25c2-579daad24557'),
('7cd47758-7ddb-3470-648d-62cdcf318413', 'TV987', 'Elmo Rooney', 'admin03', '123456', '1999-09-09', 'nothing', 'nothing', 973169185775733, '3304dddb-1b72-607f-25c2-579daad24557'),
('7cf4a79f-43d5-5d92-a9ba-3ea8b7d05250', 'TV702', 'Jude Bishop', 'admin17', '123456', '1999-02-23', 'nothing', 'nothing', 55110197235638, '3304dddb-1b72-607f-25c2-579daad24557');

-- 
-- Dumping data for table doibong
--
INSERT INTO doibong VALUES
('114b715b-430f-74cd-d5c6-21b180c0988f', 'DB869', 'Leipzig', 'Vàng', 'Trắng', 'nothing', '4e272fc4-7875-78d6-7d32-6a1673ffca7c', '352ed722-6b01-363f-77b4-6865aee0822f', '4b24c549-7e20-66b7-b073-961b5d5b8db8'),
('1242d680-4f02-3bbb-9d66-a58ab8ff47ca', 'DB285', 'Krasnodar', 'Trắng', 'Đỏ', 'nothing', '4e272fc4-7875-78d6-7d32-6a1673ffca7c', '26370e2b-7a4b-1e9c-4503-f11690f6e6eb', '4b24c549-7e20-66b7-b073-961b5d5b8db8'),
('13a507d0-342d-6292-6de3-2ceaa9cf3765', 'DB778', 'Manchester City', 'Đen trắng', 'Xanh dương', 'nothing', '142cb08f-7c31-21fa-8e90-67245e8b283e', '6456a494-700b-68b5-2eb8-7265ab5e4dd2', '4b24c549-7e20-66b7-b073-961b5d5b8db8'),
('1949dae3-4d44-217e-9c66-a58ab8ff47ca', 'DB670', 'Club Brugge', 'Trắng', 'Xanh dương', 'nothing', '469b3ece-744a-45d5-957d-e8c757976496', '1799ce95-50d1-5078-c1cf-40da395526b0', '4b24c549-7e20-66b7-b073-961b5d5b8db8'),
('1f60e54f-196f-45f3-5498-ae38c5379e4b', 'DB612', 'Porto', 'Đen trắng', 'Đỏ', 'nothing', '142cb08f-7c31-21fa-8e90-67245e8b283e', '3e0acba8-75d8-510a-a5ed-48c36e016452', '4b24c549-7e20-66b7-b073-961b5d5b8db8'),
('234be17d-3820-7daa-5698-ae38c5379e4b', 'DB695', 'Midtjylland', 'Trắng', 'Vàng', 'nothing', '4e272fc4-7875-78d6-7d32-6a1673ffca7c', '7e913fcd-61f0-14ce-d91a-bf8b1eedbfc9', '4b24c549-7e20-66b7-b073-961b5d5b8db8'),
('23df2104-50d7-1d9c-eadb-93dede770727', 'DB216', 'Sevilla', 'Cam', 'Đỏ', 'nothing', '17120d02-6ab5-3e43-18cb-66948daf6128', '5140a41a-688c-6524-5f69-eab3c948e915', '4b24c549-7e20-66b7-b073-961b5d5b8db8'),
('26895d47-1420-68d0-9e66-a58ab8ff47ca', 'DB684', 'Manchester United', 'Trắng', 'Đen trắng', 'nothing', '17120d02-6ab5-3e43-18cb-66948daf6128', '6614b51e-1601-1db7-3ceb-2305cc661988', '4b24c549-7e20-66b7-b073-961b5d5b8db8'),
('3564d2c8-2839-5bf7-851b-27d9d367aeb0', 'DB781', 'Chelsea', 'Cam', 'Trắng', 'nothing', '4e272fc4-7875-78d6-7d32-6a1673ffca7c', '6743104a-20cc-4d43-78b4-6865aee0822f', '4b24c549-7e20-66b7-b073-961b5d5b8db8'),
('3650c04e-62b1-6908-5598-ae38c5379e4b', 'DB933', 'Liverpool', 'Đen trắng', 'Vàng', 'nothing', '142cb08f-7c31-21fa-8e90-67245e8b283e', '19d7d5e4-53ce-7973-3deb-2305cc661988', '4b24c549-7e20-66b7-b073-961b5d5b8db8'),
('47782bc9-1bf1-7c7b-6ee3-2ceaa9cf3765', 'DB965', 'Juventus', 'Đỏ', 'Cam', 'nothing', '469b3ece-744a-45d5-957d-e8c757976496', '7cc2bcb8-1a41-5e1c-76b4-6865aee0822f', '4b24c549-7e20-66b7-b073-961b5d5b8db8'),
('4958949d-17c9-454d-841b-27d9d367aeb0', 'DB355', 'Zenit', 'Cam', 'Trắng', 'nothing', '469b3ece-744a-45d5-957d-e8c757976496', '57c7cade-25de-20ed-4403-f11690f6e6eb', '4b24c549-7e20-66b7-b073-961b5d5b8db8'),
('4c411322-7cb4-657d-6fe3-2ceaa9cf3765', 'DB317', 'Paris', 'Đỏ', 'Cam', 'nothing', '17120d02-6ab5-3e43-18cb-66948daf6128', '6ffe697e-4135-2991-5d69-eab3c948e915', '4b24c549-7e20-66b7-b073-961b5d5b8db8'),
('6827e1c0-5b98-6d19-831b-27d9d367aeb0', 'DB185', 'Inter', 'Cam', 'Đỏ', 'nothing', '469b3ece-744a-45d5-957d-e8c757976496', '31a91785-3caf-2f79-75b4-6865aee0822f', '4b24c549-7e20-66b7-b073-961b5d5b8db8'),
('6e0dc48e-3eac-6143-9b66-a58ab8ff47ca', 'DB118', 'Barcelona', 'Xanh dương', 'Cam', 'nothing', '142cb08f-7c31-21fa-8e90-67245e8b283e', '1bf4c592-3ed4-5354-2fb8-7265ab5e4dd2', '4b24c549-7e20-66b7-b073-961b5d5b8db8'),
('7fa72f44-2825-2b26-d190-152dfadf6d0d', 'DB774', 'Olympiacos', 'Xanh dương', 'Cam', 'nothing', '17120d02-6ab5-3e43-18cb-66948daf6128', '75de55af-2d40-377a-8ca2-ca118a69ca38', '4b24c549-7e20-66b7-b073-961b5d5b8db8');

-- 
-- Dumping data for table trandau
--
INSERT INTO trandau VALUES
('129def19-5eef-7c12-3ecf-d01c94b12388', 'TD751', '2021-11-01 00:00:08', 'nothing', 43746, 5, '6614b51e-1601-1db7-3ceb-2305cc661988', '49977065-44e0-58fe-89cc-aea518759ca4', '11408d06-1a15-51c7-34ac-74c1abc316fc'),
('12da34f4-2618-445f-ec72-b37060223e2b', 'TD550', '2021-11-04 08:30:03', 'nothing', 43914, 8, '6614b51e-1601-1db7-3ceb-2305cc661988', '34aa5486-2c77-66d0-69e1-d1c6b9046484', '47e574a7-6b12-5ad9-82fc-5898bab2b82a'),
('1371fd31-2358-5e47-1a23-282384b72b34', 'TD578', '2021-11-01 00:00:34', 'nothing', 51124, 13, '7ecb3390-7390-54b9-4303-f11690f6e6eb', '219af9a0-3833-4074-a5b7-a919cab3d500', '11408d06-1a15-51c7-34ac-74c1abc316fc'),
('159cbc6d-6948-7424-1e23-282384b72b34', 'TD313', '2021-11-13 08:10:31', 'nothing', 49451, 11, '26370e2b-7a4b-1e9c-4503-f11690f6e6eb', '49977065-44e0-58fe-89cc-aea518759ca4', '2501ff37-299c-273f-e5e3-324ff508046d'),
('190441e1-78e9-6bcb-31e4-2051ed4a11e6', 'TD666', '2021-11-01 00:27:21', 'nothing', 46278, 20, '1bf4c592-3ed4-5354-2fb8-7265ab5e4dd2', '1b2e57dc-23af-2fc9-56c2-1cf647aea761', '570d7a77-43bd-399a-7a70-04e73b7b03ad'),
('19368d9c-5dfa-6983-ea67-e4dad11e07c3', 'TD965', '2021-11-16 09:19:44', 'nothing', 45684, 15, '6456a494-700b-68b5-2eb8-7265ab5e4dd2', '49977065-44e0-58fe-89cc-aea518759ca4', '2501ff37-299c-273f-e5e3-324ff508046d'),
('197990d8-20d7-5709-2884-526baf198a6e', 'TD413', '2021-11-06 14:08:22', 'nothing', 58303, 0, '6614b51e-1601-1db7-3ceb-2305cc661988', '1b2e57dc-23af-2fc9-56c2-1cf647aea761', '570d7a77-43bd-399a-7a70-04e73b7b03ad'),
('1b6072d5-4cb5-3bec-d81c-6629ed866da9', 'TD654', '2021-11-08 08:00:03', 'nothing', 53159, 16, '7ecb3390-7390-54b9-4303-f11690f6e6eb', '6a90a400-76ac-5619-3d77-9e4463160e48', '2c7039e5-73b7-2fe0-e6e3-324ff508046d'),
('1b653393-63bc-5c4b-cf27-35bf7b8aa411', 'TD480', '2021-11-12 19:07:44', 'nothing', 59845, 5, '73e4947c-6848-2878-5e69-eab3c948e915', '1b2e57dc-23af-2fc9-56c2-1cf647aea761', '11408d06-1a15-51c7-34ac-74c1abc316fc'),
('1bcbe6e6-4e69-711b-412f-9f02d2e2aaff', 'TD739', '2021-11-05 08:53:41', 'nothing', 45032, 4, '3e0acba8-75d8-510a-a5ed-48c36e016452', '1b2e57dc-23af-2fc9-56c2-1cf647aea761', '6765d569-13ee-7c83-83fc-5898bab2b82a'),
('1cdab504-7452-3d8c-2f6e-a6d4684fc54d', 'TD392', '2021-11-23 07:13:46', 'nothing', 47200, 10, '73e4947c-6848-2878-5e69-eab3c948e915', '6a90a400-76ac-5619-3d77-9e4463160e48', '50a9c3e5-54de-4737-1f61-f60fc72b7de2'),
('1d7eeb09-6e30-2549-482f-9f02d2e2aaff', 'TD061', '2021-11-01 15:49:29', 'nothing', 47039, 5, '7cc2bcb8-1a41-5e1c-76b4-6865aee0822f', '34aa5486-2c77-66d0-69e1-d1c6b9046484', '2fdae412-7f4a-6ecc-94bb-829820139dc6'),
('1dda8a67-234d-736f-1923-282384b72b34', 'TD159', '2021-11-22 07:58:17', 'nothing', 43723, 9, '7f7d8c60-24a7-7edf-2db8-7265ab5e4dd2', '34aa5486-2c77-66d0-69e1-d1c6b9046484', '54f3da6c-79d9-44f5-6cb1-dae6d51a1f11'),
('1df48f43-6f26-1ab8-2be4-2051ed4a11e6', 'TD041', '2021-11-23 03:06:23', 'nothing', 53954, 7, '6614b51e-1601-1db7-3ceb-2305cc661988', '1b2e57dc-23af-2fc9-56c2-1cf647aea761', '570d7a77-43bd-399a-7a70-04e73b7b03ad'),
('1f3594d4-7131-2f44-2784-526baf198a6e', 'TD105', '2021-11-13 16:35:28', 'nothing', 44033, 3, '1bf4c592-3ed4-5354-2fb8-7265ab5e4dd2', '34aa5486-2c77-66d0-69e1-d1c6b9046484', '2501ff37-299c-273f-e5e3-324ff508046d'),
('1f6d841a-5eff-2814-366e-a6d4684fc54d', 'TD418', '2021-11-08 06:01:04', 'nothing', 55740, 8, '19d7d5e4-53ce-7973-3deb-2305cc661988', '49977065-44e0-58fe-89cc-aea518759ca4', '64064254-4c18-2023-6bb1-dae6d51a1f11'),
('21f015fc-1a97-7f82-442f-9f02d2e2aaff', 'TD803', '2021-11-11 21:10:24', 'nothing', 42953, 25, '1799ce95-50d1-5078-c1cf-40da395526b0', '219af9a0-3833-4074-a5b7-a919cab3d500', '58ecf563-62ca-6e47-84fc-5898bab2b82a'),
('224e9854-7db0-3246-1523-282384b72b34', 'TD699', '2021-11-01 00:11:21', 'nothing', 40205, 23, '6ffe697e-4135-2991-5d69-eab3c948e915', '49977065-44e0-58fe-89cc-aea518759ca4', '54f3da6c-79d9-44f5-6cb1-dae6d51a1f11'),
('22eeedaa-4a1c-60ad-da1c-6629ed866da9', 'TD700', '2021-11-22 09:12:42', 'nothing', 47751, 4, '31a91785-3caf-2f79-75b4-6865aee0822f', '1b2e57dc-23af-2fc9-56c2-1cf647aea761', '2fdae412-7f4a-6ecc-94bb-829820139dc6'),
('2311de1e-5900-47d0-34e4-2051ed4a11e6', 'TD473', '2021-11-17 21:55:32', 'nothing', 43962, 22, '1799ce95-50d1-5078-c1cf-40da395526b0', '219af9a0-3833-4074-a5b7-a919cab3d500', '58ecf563-62ca-6e47-84fc-5898bab2b82a'),
('23324809-28cc-1ce2-d327-35bf7b8aa411', 'TD597', '2021-11-12 07:07:32', 'nothing', 58995, 7, '3e0acba8-75d8-510a-a5ed-48c36e016452', '34aa5486-2c77-66d0-69e1-d1c6b9046484', '7a2a9d8e-3ad6-59dc-943c-b6db1b08a834'),
('233df00d-7409-7591-ed72-b37060223e2b', 'TD063', '2021-11-01 06:58:58', 'nothing', 56133, 8, '31a91785-3caf-2f79-75b4-6865aee0822f', '49977065-44e0-58fe-89cc-aea518759ca4', '64064254-4c18-2023-6bb1-dae6d51a1f11'),
('241f269f-357f-2136-ef72-b37060223e2b', 'TD730', '2021-11-14 06:34:59', 'nothing', 43631, 25, '19d7d5e4-53ce-7973-3deb-2305cc661988', '6a90a400-76ac-5619-3d77-9e4463160e48', '570d7a77-43bd-399a-7a70-04e73b7b03ad'),
('256fabcc-1cdd-319b-492f-9f02d2e2aaff', 'TD627', '2021-11-07 23:28:52', 'nothing', 45585, 25, '6ffe697e-4135-2991-5d69-eab3c948e915', '219af9a0-3833-4074-a5b7-a919cab3d500', '570d7a77-43bd-399a-7a70-04e73b7b03ad'),
('25897895-7235-4939-1723-282384b72b34', 'TD833', '2021-11-02 11:31:23', 'nothing', 45148, 10, '5140a41a-688c-6524-5f69-eab3c948e915', '1b2e57dc-23af-2fc9-56c2-1cf647aea761', '27616729-411f-6fea-6ab1-dae6d51a1f11'),
('268e2355-331b-5b9b-f267-e4dad11e07c3', 'TD898', '2021-11-01 01:36:41', 'nothing', 55250, 18, '6743104a-20cc-4d43-78b4-6865aee0822f', '6a90a400-76ac-5619-3d77-9e4463160e48', '59350888-6758-2a0a-7b70-04e73b7b03ad'),
('26aa96d3-5a7d-5bd7-f067-e4dad11e07c3', 'TD774', '2021-11-13 17:58:07', 'nothing', 59476, 30, '19d7d5e4-53ce-7973-3deb-2305cc661988', '1b2e57dc-23af-2fc9-56c2-1cf647aea761', '27616729-411f-6fea-6ab1-dae6d51a1f11'),
('28439498-409b-3406-d21c-6629ed866da9', 'TD635', '2021-11-01 00:00:07', 'nothing', 45850, 12, '26370e2b-7a4b-1e9c-4503-f11690f6e6eb', '6a90a400-76ac-5619-3d77-9e4463160e48', '6765d569-13ee-7c83-83fc-5898bab2b82a'),
('288644db-51b6-2a43-d31c-6629ed866da9', 'TD153', '2021-11-01 01:42:54', 'nothing', 54451, 20, '5140a41a-688c-6524-5f69-eab3c948e915', '34aa5486-2c77-66d0-69e1-d1c6b9046484', '50a9c3e5-54de-4737-1f61-f60fc72b7de2'),
('2893452c-67d6-3492-1d84-526baf198a6e', 'TD243', '2021-11-01 00:00:08', 'nothing', 57407, 5, '6743104a-20cc-4d43-78b4-6865aee0822f', '49977065-44e0-58fe-89cc-aea518759ca4', '50a9c3e5-54de-4737-1f61-f60fc72b7de2'),
('2967eac0-7102-2e0e-3bcf-d01c94b12388', 'TD263', '2021-11-11 23:49:56', 'nothing', 58175, 1, '6614b51e-1601-1db7-3ceb-2305cc661988', '49977065-44e0-58fe-89cc-aea518759ca4', '59350888-6758-2a0a-7b70-04e73b7b03ad'),
('29decb2b-5865-4741-326e-a6d4684fc54d', 'TD983', '2021-11-13 15:54:59', 'nothing', 59572, 4, '6743104a-20cc-4d43-78b4-6865aee0822f', '1b2e57dc-23af-2fc9-56c2-1cf647aea761', '64064254-4c18-2023-6bb1-dae6d51a1f11'),
('2aacf05a-522d-5b9a-d027-35bf7b8aa411', 'TD894', '2021-11-01 00:00:02', 'nothing', 54441, 15, '6456a494-700b-68b5-2eb8-7265ab5e4dd2', '1b2e57dc-23af-2fc9-56c2-1cf647aea761', '2501ff37-299c-273f-e5e3-324ff508046d'),
('2afa2b1b-44e4-3204-2ce4-2051ed4a11e6', 'TD451', '2021-11-02 04:20:33', 'nothing', 46957, 0, '26370e2b-7a4b-1e9c-4503-f11690f6e6eb', '1b2e57dc-23af-2fc9-56c2-1cf647aea761', '47e574a7-6b12-5ad9-82fc-5898bab2b82a'),
('2b088036-4f2e-4652-2484-526baf198a6e', 'TD628', '2021-11-01 00:12:21', 'nothing', 52852, 16, '5140a41a-688c-6524-5f69-eab3c948e915', '6a90a400-76ac-5619-3d77-9e4463160e48', '132a0dc4-33ae-7205-93bb-829820139dc6'),
('2c5dd0fe-20d6-1f51-1423-282384b72b34', 'TD197', '2021-11-07 18:32:05', 'nothing', 48295, 17, '7ecb3390-7390-54b9-4303-f11690f6e6eb', '1b2e57dc-23af-2fc9-56c2-1cf647aea761', '50a9c3e5-54de-4737-1f61-f60fc72b7de2'),
('2c60e19a-70c5-25a3-2ae4-2051ed4a11e6', 'TD732', '2021-11-20 19:08:44', 'nothing', 59141, 27, '7cc2bcb8-1a41-5e1c-76b4-6865aee0822f', '34aa5486-2c77-66d0-69e1-d1c6b9046484', '64064254-4c18-2023-6bb1-dae6d51a1f11'),
('2e014cdd-43a2-4889-3acf-d01c94b12388', 'TD210', '2021-11-17 17:41:07', 'nothing', 45118, 19, '19d7d5e4-53ce-7973-3deb-2305cc661988', '1b2e57dc-23af-2fc9-56c2-1cf647aea761', '47e574a7-6b12-5ad9-82fc-5898bab2b82a'),
('2e9137b4-4233-7736-2a6e-a6d4684fc54d', 'TD728', '2021-11-06 19:25:46', 'nothing', 47501, 13, '6456a494-700b-68b5-2eb8-7265ab5e4dd2', '1b2e57dc-23af-2fc9-56c2-1cf647aea761', '59350888-6758-2a0a-7b70-04e73b7b03ad'),
('2fdc8cdc-56a4-1ac1-356e-a6d4684fc54d', 'TD007', '2021-11-16 19:51:56', 'nothing', 47045, 4, '57c7cade-25de-20ed-4403-f11690f6e6eb', '6a90a400-76ac-5619-3d77-9e4463160e48', '11408d06-1a15-51c7-34ac-74c1abc316fc'),
('31605693-20ac-2666-43cf-d01c94b12388', 'TD528', '2021-11-01 00:11:13', 'nothing', 43328, 1, '1bf4c592-3ed4-5354-2fb8-7265ab5e4dd2', '6a90a400-76ac-5619-3d77-9e4463160e48', '3287d147-4258-7142-7970-04e73b7b03ad'),
('31c43448-530b-5742-316e-a6d4684fc54d', 'TD812', '2021-11-01 00:00:49', 'nothing', 51209, 25, '31a91785-3caf-2f79-75b4-6865aee0822f', '6a90a400-76ac-5619-3d77-9e4463160e48', '2c7039e5-73b7-2fe0-e6e3-324ff508046d'),
('33180633-1cdc-521d-2c6e-a6d4684fc54d', 'TD551', '2021-11-01 00:01:26', 'nothing', 42923, 10, '7cc2bcb8-1a41-5e1c-76b4-6865aee0822f', '219af9a0-3833-4074-a5b7-a919cab3d500', '2fdae412-7f4a-6ecc-94bb-829820139dc6'),
('3321dd02-3ee1-498e-462f-9f02d2e2aaff', 'TD286', '2021-11-12 04:34:46', 'nothing', 52050, 17, '1bf4c592-3ed4-5354-2fb8-7265ab5e4dd2', '49977065-44e0-58fe-89cc-aea518759ca4', '11408d06-1a15-51c7-34ac-74c1abc316fc'),
('346d102f-6ce0-257d-1323-282384b72b34', 'TD273', '2021-11-01 02:36:28', 'nothing', 59203, 1, '1bf4c592-3ed4-5354-2fb8-7265ab5e4dd2', '6a90a400-76ac-5619-3d77-9e4463160e48', '54f3da6c-79d9-44f5-6cb1-dae6d51a1f11'),
('34a87410-5a2a-118f-1e84-526baf198a6e', 'TD350', '2021-11-06 23:10:48', 'nothing', 45636, 9, '352ed722-6b01-363f-77b4-6865aee0822f', '219af9a0-3833-4074-a5b7-a919cab3d500', '59350888-6758-2a0a-7b70-04e73b7b03ad'),
('36589461-7f8b-647a-41cf-d01c94b12388', 'TD748', '2021-11-21 14:29:50', 'nothing', 58364, 3, '3e0acba8-75d8-510a-a5ed-48c36e016452', '6a90a400-76ac-5619-3d77-9e4463160e48', '54f3da6c-79d9-44f5-6cb1-dae6d51a1f11'),
('37925337-469a-3547-2584-526baf198a6e', 'TD853', '2021-11-01 00:01:01', 'nothing', 50456, 18, '352ed722-6b01-363f-77b4-6865aee0822f', '34aa5486-2c77-66d0-69e1-d1c6b9046484', '64064254-4c18-2023-6bb1-dae6d51a1f11'),
('38913aa0-1418-11de-306e-a6d4684fc54d', 'TD510', '2021-11-15 17:09:50', 'nothing', 53665, 4, '19d7d5e4-53ce-7973-3deb-2305cc661988', '34aa5486-2c77-66d0-69e1-d1c6b9046484', '59350888-6758-2a0a-7b70-04e73b7b03ad'),
('3940a24b-6db2-77d0-e872-b37060223e2b', 'TD536', '2021-11-01 00:15:30', 'nothing', 45246, 8, '6456a494-700b-68b5-2eb8-7265ab5e4dd2', '49977065-44e0-58fe-89cc-aea518759ca4', '4de9363d-2588-302a-91bb-829820139dc6'),
('3b26d785-2bd9-1f70-2084-526baf198a6e', 'TD181', '2021-11-18 06:11:34', 'nothing', 48453, 4, '7e913fcd-61f0-14ce-d91a-bf8b1eedbfc9', '1b2e57dc-23af-2fc9-56c2-1cf647aea761', '132a0dc4-33ae-7205-93bb-829820139dc6'),
('3b454fb3-69c8-5e45-3e2f-9f02d2e2aaff', 'TD523', '2021-11-20 00:04:29', 'nothing', 53047, 16, '26370e2b-7a4b-1e9c-4503-f11690f6e6eb', '34aa5486-2c77-66d0-69e1-d1c6b9046484', '7e30f019-2be3-2ece-ff2e-b100daa09d86'),
('3d54556c-1223-4d3c-d727-35bf7b8aa411', 'TD134', '2021-11-14 03:51:43', 'nothing', 50275, 17, '26370e2b-7a4b-1e9c-4503-f11690f6e6eb', '1b2e57dc-23af-2fc9-56c2-1cf647aea761', '27616729-411f-6fea-6ab1-dae6d51a1f11'),
('3fb6a561-45eb-5b39-d427-35bf7b8aa411', 'TD465', '2021-11-01 00:00:05', 'nothing', 59678, 3, '3e0acba8-75d8-510a-a5ed-48c36e016452', '49977065-44e0-58fe-89cc-aea518759ca4', '50a9c3e5-54de-4737-1f61-f60fc72b7de2'),
('414d2bd3-7d9d-28fa-ea72-b37060223e2b', 'TD799', '2021-11-06 18:44:59', 'nothing', 51596, 23, '7ecb3390-7390-54b9-4303-f11690f6e6eb', '34aa5486-2c77-66d0-69e1-d1c6b9046484', '6765d569-13ee-7c83-83fc-5898bab2b82a'),
('414f0a74-5734-72f6-1f84-526baf198a6e', 'TD387', '2021-11-01 00:04:00', 'nothing', 58259, 30, '6743104a-20cc-4d43-78b4-6865aee0822f', '49977065-44e0-58fe-89cc-aea518759ca4', '4012c5ea-7eeb-72e4-92bb-829820139dc6'),
('4179d155-4764-3761-d927-35bf7b8aa411', 'TD621', '2021-11-01 16:06:01', 'nothing', 40139, 28, '7ecb3390-7390-54b9-4303-f11690f6e6eb', '49977065-44e0-58fe-89cc-aea518759ca4', '54f3da6c-79d9-44f5-6cb1-dae6d51a1f11'),
('45c4104f-6fd8-3ef8-36cf-d01c94b12388', 'TD431', '2021-11-18 12:07:25', 'nothing', 53009, 27, '31a91785-3caf-2f79-75b4-6865aee0822f', '49977065-44e0-58fe-89cc-aea518759ca4', '7e30f019-2be3-2ece-ff2e-b100daa09d86'),
('4680841e-14cf-181d-f272-b37060223e2b', 'TD276', '2021-11-09 11:21:58', 'nothing', 52007, 24, '6456a494-700b-68b5-2eb8-7265ab5e4dd2', '49977065-44e0-58fe-89cc-aea518759ca4', '59350888-6758-2a0a-7b70-04e73b7b03ad'),
('4745ca3d-4ca3-5ee5-e967-e4dad11e07c3', 'TD677', '2021-11-01 00:15:42', 'nothing', 44568, 8, '6ffe697e-4135-2991-5d69-eab3c948e915', '34aa5486-2c77-66d0-69e1-d1c6b9046484', '2a32a549-1c73-6d78-fe2e-b100daa09d86'),
('47ff9eed-71e7-2d66-346e-a6d4684fc54d', 'TD255', '2021-11-01 00:11:50', 'nothing', 50166, 9, '7f7d8c60-24a7-7edf-2db8-7265ab5e4dd2', '1b2e57dc-23af-2fc9-56c2-1cf647aea761', '2a32a549-1c73-6d78-fe2e-b100daa09d86'),
('4900728f-337d-58f1-f172-b37060223e2b', 'TD697', '2021-11-01 00:35:41', 'nothing', 44120, 13, '3e0acba8-75d8-510a-a5ed-48c36e016452', '34aa5486-2c77-66d0-69e1-d1c6b9046484', '2a32a549-1c73-6d78-fe2e-b100daa09d86'),
('4a401cbe-3a2a-3847-432f-9f02d2e2aaff', 'TD976', '2021-11-02 02:05:18', 'nothing', 53818, 27, '7e913fcd-61f0-14ce-d91a-bf8b1eedbfc9', '1b2e57dc-23af-2fc9-56c2-1cf647aea761', '2501ff37-299c-273f-e5e3-324ff508046d'),
('4a8b1418-4dcb-4b88-472f-9f02d2e2aaff', 'TD106', '2021-11-04 05:21:41', 'nothing', 55609, 16, '7ecb3390-7390-54b9-4303-f11690f6e6eb', '219af9a0-3833-4074-a5b7-a919cab3d500', '4de9363d-2588-302a-91bb-829820139dc6'),
('4bebc5a9-6c38-3e92-452f-9f02d2e2aaff', 'TD474', '2021-11-23 10:30:42', 'nothing', 42789, 16, '26370e2b-7a4b-1e9c-4503-f11690f6e6eb', '49977065-44e0-58fe-89cc-aea518759ca4', '2fdae412-7f4a-6ecc-94bb-829820139dc6'),
('4c0034b1-35c3-43df-4a2f-9f02d2e2aaff', 'TD676', '2021-11-04 08:21:04', 'nothing', 50161, 26, '746bf215-69f0-63d5-24a0-a553e7ce7f6e', '6a90a400-76ac-5619-3d77-9e4463160e48', '3287d147-4258-7142-7970-04e73b7b03ad'),
('4d3320b1-40c8-339e-2684-526baf198a6e', 'TD683', '2021-11-08 02:44:27', 'nothing', 56856, 22, '7cc2bcb8-1a41-5e1c-76b4-6865aee0822f', '49977065-44e0-58fe-89cc-aea518759ca4', '58ecf563-62ca-6e47-84fc-5898bab2b82a'),
('4d500ec9-5573-3e45-1623-282384b72b34', 'TD029', '2021-11-01 00:00:19', 'nothing', 53909, 28, '57c7cade-25de-20ed-4403-f11690f6e6eb', '6a90a400-76ac-5619-3d77-9e4463160e48', '58ecf563-62ca-6e47-84fc-5898bab2b82a'),
('4ead33b3-417f-60c5-32e4-2051ed4a11e6', 'TD688', '2021-11-19 16:39:29', 'nothing', 57894, 28, '31a91785-3caf-2f79-75b4-6865aee0822f', '49977065-44e0-58fe-89cc-aea518759ca4', '2fdae412-7f4a-6ecc-94bb-829820139dc6'),
('4eca857d-6b13-4910-39cf-d01c94b12388', 'TD735', '2021-11-21 14:37:31', 'nothing', 58521, 0, '352ed722-6b01-363f-77b4-6865aee0822f', '219af9a0-3833-4074-a5b7-a919cab3d500', '2a32a549-1c73-6d78-fe2e-b100daa09d86'),
('4faef86d-61a1-193b-da27-35bf7b8aa411', 'TD545', '2021-11-04 07:52:19', 'nothing', 50370, 28, '7cc2bcb8-1a41-5e1c-76b4-6865aee0822f', '6a90a400-76ac-5619-3d77-9e4463160e48', '7e30f019-2be3-2ece-ff2e-b100daa09d86'),
('4ffbf5a8-5c31-39cf-f372-b37060223e2b', 'TD054', '2021-11-03 22:40:08', 'nothing', 57787, 17, '7ecb3390-7390-54b9-4303-f11690f6e6eb', '49977065-44e0-58fe-89cc-aea518759ca4', '2c7039e5-73b7-2fe0-e6e3-324ff508046d'),
('508acc03-6815-1f30-d11c-6629ed866da9', 'TD145', '2021-11-01 00:16:27', 'nothing', 58063, 13, '19d7d5e4-53ce-7973-3deb-2305cc661988', '34aa5486-2c77-66d0-69e1-d1c6b9046484', '132a0dc4-33ae-7205-93bb-829820139dc6'),
('51af3cc8-6b38-38e0-42cf-d01c94b12388', 'TD043', '2021-11-01 00:01:57', 'nothing', 40295, 9, '746bf215-69f0-63d5-24a0-a553e7ce7f6e', '49977065-44e0-58fe-89cc-aea518759ca4', '4012c5ea-7eeb-72e4-92bb-829820139dc6'),
('51b262fa-19ea-1b45-3f2f-9f02d2e2aaff', 'TD082', '2021-11-05 12:30:25', 'nothing', 57909, 14, '1799ce95-50d1-5078-c1cf-40da395526b0', '6a90a400-76ac-5619-3d77-9e4463160e48', '4de9363d-2588-302a-91bb-829820139dc6'),
('5249ecec-3695-5493-2384-526baf198a6e', 'TD275', '2021-11-05 15:20:26', 'nothing', 55799, 11, '6614b51e-1601-1db7-3ceb-2305cc661988', '219af9a0-3833-4074-a5b7-a919cab3d500', '4012c5ea-7eeb-72e4-92bb-829820139dc6'),
('5296bd2f-5735-756c-2fe4-2051ed4a11e6', 'TD925', '2021-11-13 00:03:30', 'nothing', 56306, 16, '1799ce95-50d1-5078-c1cf-40da395526b0', '219af9a0-3833-4074-a5b7-a919cab3d500', '7a2a9d8e-3ad6-59dc-943c-b6db1b08a834'),
('55a6b2aa-4add-32ae-30e4-2051ed4a11e6', 'TD566', '2021-11-05 14:26:24', 'nothing', 54040, 4, '26370e2b-7a4b-1e9c-4503-f11690f6e6eb', '219af9a0-3833-4074-a5b7-a919cab3d500', '27616729-411f-6fea-6ab1-dae6d51a1f11'),
('5668da4d-174d-6ecc-336e-a6d4684fc54d', 'TD013', '2021-11-14 00:35:26', 'nothing', 58930, 29, '6ffe697e-4135-2991-5d69-eab3c948e915', '1b2e57dc-23af-2fc9-56c2-1cf647aea761', '7a2a9d8e-3ad6-59dc-943c-b6db1b08a834'),
('56851062-20a1-1322-40cf-d01c94b12388', 'TD445', '2021-11-22 15:45:56', 'nothing', 51509, 24, '6456a494-700b-68b5-2eb8-7265ab5e4dd2', '34aa5486-2c77-66d0-69e1-d1c6b9046484', '2a32a549-1c73-6d78-fe2e-b100daa09d86'),
('58c3db93-6c4d-14ce-422f-9f02d2e2aaff', 'TD838', '2021-11-08 04:57:37', 'nothing', 48042, 6, '1799ce95-50d1-5078-c1cf-40da395526b0', '34aa5486-2c77-66d0-69e1-d1c6b9046484', '4012c5ea-7eeb-72e4-92bb-829820139dc6'),
('599540fb-6a6d-5529-d61c-6629ed866da9', 'TD704', '2021-11-10 09:26:13', 'nothing', 43734, 25, '73e4947c-6848-2878-5e69-eab3c948e915', '6a90a400-76ac-5619-3d77-9e4463160e48', '2a32a549-1c73-6d78-fe2e-b100daa09d86'),
('5a34c2b8-1396-1268-1d23-282384b72b34', 'TD586', '2021-11-18 16:30:03', 'nothing', 52611, 3, '7cc2bcb8-1a41-5e1c-76b4-6865aee0822f', '1b2e57dc-23af-2fc9-56c2-1cf647aea761', '50a9c3e5-54de-4737-1f61-f60fc72b7de2'),
('5a5e9c81-64f7-48e0-3fcf-d01c94b12388', 'TD779', '2021-11-17 02:15:56', 'nothing', 44232, 1, '7e913fcd-61f0-14ce-d91a-bf8b1eedbfc9', '219af9a0-3833-4074-a5b7-a919cab3d500', '47e574a7-6b12-5ad9-82fc-5898bab2b82a'),
('5bb79363-3cd7-1220-ec67-e4dad11e07c3', 'TD823', '2021-11-01 00:04:06', 'nothing', 47598, 24, '73e4947c-6848-2878-5e69-eab3c948e915', '219af9a0-3833-4074-a5b7-a919cab3d500', '58ecf563-62ca-6e47-84fc-5898bab2b82a'),
('5bfe67d3-34a6-365c-376e-a6d4684fc54d', 'TD520', '2021-11-01 00:15:31', 'nothing', 52543, 6, '3e0acba8-75d8-510a-a5ed-48c36e016452', '34aa5486-2c77-66d0-69e1-d1c6b9046484', '50a9c3e5-54de-4737-1f61-f60fc72b7de2'),
('5c33c223-38ae-306a-eb67-e4dad11e07c3', 'TD484', '2021-11-01 00:00:50', 'nothing', 57998, 30, '1bf4c592-3ed4-5354-2fb8-7265ab5e4dd2', '34aa5486-2c77-66d0-69e1-d1c6b9046484', '59350888-6758-2a0a-7b70-04e73b7b03ad'),
('5cb92e61-25ea-145c-33e4-2051ed4a11e6', 'TD694', '2021-11-17 12:17:33', 'nothing', 56687, 12, '1799ce95-50d1-5078-c1cf-40da395526b0', '49977065-44e0-58fe-89cc-aea518759ca4', '2501ff37-299c-273f-e5e3-324ff508046d'),
('5d62cb7f-25ee-34a1-d127-35bf7b8aa411', 'TD795', '2021-11-01 00:08:22', 'nothing', 57391, 1, '3e0acba8-75d8-510a-a5ed-48c36e016452', '34aa5486-2c77-66d0-69e1-d1c6b9046484', '132a0dc4-33ae-7205-93bb-829820139dc6'),
('5dda7a49-4fa1-50d1-ed67-e4dad11e07c3', 'TD250', '2021-11-11 14:50:46', 'nothing', 50842, 2, '6743104a-20cc-4d43-78b4-6865aee0822f', '6a90a400-76ac-5619-3d77-9e4463160e48', '7a2a9d8e-3ad6-59dc-943c-b6db1b08a834'),
('5eeb20c7-40d4-44da-2a84-526baf198a6e', 'TD228', '2021-11-01 12:42:23', 'nothing', 47803, 14, '73e4947c-6848-2878-5e69-eab3c948e915', '49977065-44e0-58fe-89cc-aea518759ca4', '7e30f019-2be3-2ece-ff2e-b100daa09d86'),
('60ba4ede-62cf-67c6-1b23-282384b72b34', 'TD317', '2021-11-01 00:14:08', 'nothing', 56114, 7, '19d7d5e4-53ce-7973-3deb-2305cc661988', '49977065-44e0-58fe-89cc-aea518759ca4', '59350888-6758-2a0a-7b70-04e73b7b03ad'),
('62435172-4246-164d-3dcf-d01c94b12388', 'TD977', '2021-11-20 10:35:34', 'nothing', 53969, 1, '1799ce95-50d1-5078-c1cf-40da395526b0', '6a90a400-76ac-5619-3d77-9e4463160e48', '2c7039e5-73b7-2fe0-e6e3-324ff508046d'),
('62f7bd60-1327-5c0a-1c23-282384b72b34', 'TD014', '2021-11-07 10:52:57', 'nothing', 58646, 12, '19d7d5e4-53ce-7973-3deb-2305cc661988', '6a90a400-76ac-5619-3d77-9e4463160e48', '11408d06-1a15-51c7-34ac-74c1abc316fc'),
('640b419f-4bdb-6cb0-2de4-2051ed4a11e6', 'TD923', '2021-11-02 04:53:46', 'nothing', 50137, 21, '31a91785-3caf-2f79-75b4-6865aee0822f', '6a90a400-76ac-5619-3d77-9e4463160e48', '2a32a549-1c73-6d78-fe2e-b100daa09d86'),
('64375ee6-4122-2b3d-1823-282384b72b34', 'TD696', '2021-11-21 21:35:58', 'nothing', 40876, 6, '57c7cade-25de-20ed-4403-f11690f6e6eb', '49977065-44e0-58fe-89cc-aea518759ca4', '27616729-411f-6fea-6ab1-dae6d51a1f11'),
('6549a224-5ac5-5629-d41c-6629ed866da9', 'TD284', '2021-11-02 11:11:02', 'nothing', 49400, 2, '5140a41a-688c-6524-5f69-eab3c948e915', '219af9a0-3833-4074-a5b7-a919cab3d500', '58ecf563-62ca-6e47-84fc-5898bab2b82a'),
('65629078-1b85-4eb7-ef67-e4dad11e07c3', 'TD360', '2021-11-11 17:15:49', 'nothing', 42816, 15, '3e0acba8-75d8-510a-a5ed-48c36e016452', '6a90a400-76ac-5619-3d77-9e4463160e48', '59350888-6758-2a0a-7b70-04e73b7b03ad'),
('66494184-6653-5d44-eb72-b37060223e2b', 'TD049', '2021-11-01 00:00:08', 'nothing', 41060, 21, '3e0acba8-75d8-510a-a5ed-48c36e016452', '1b2e57dc-23af-2fc9-56c2-1cf647aea761', '570d7a77-43bd-399a-7a70-04e73b7b03ad'),
('689c9404-61d4-7696-ee67-e4dad11e07c3', 'TD006', '2021-11-11 22:40:17', 'nothing', 58614, 9, '1799ce95-50d1-5078-c1cf-40da395526b0', '1b2e57dc-23af-2fc9-56c2-1cf647aea761', '64064254-4c18-2023-6bb1-dae6d51a1f11'),
('6c19f6e9-2562-1a07-f072-b37060223e2b', 'TD073', '2021-11-07 07:42:00', 'nothing', 52001, 19, '7e913fcd-61f0-14ce-d91a-bf8b1eedbfc9', '34aa5486-2c77-66d0-69e1-d1c6b9046484', '6765d569-13ee-7c83-83fc-5898bab2b82a'),
('6c5aa458-7628-5903-38cf-d01c94b12388', 'TD272', '2021-11-15 18:21:34', 'nothing', 40016, 22, '7e913fcd-61f0-14ce-d91a-bf8b1eedbfc9', '34aa5486-2c77-66d0-69e1-d1c6b9046484', '4de9363d-2588-302a-91bb-829820139dc6'),
('6da4dc5b-1d48-4424-e972-b37060223e2b', 'TD498', '2021-11-01 00:00:01', 'nothing', 59320, 0, '5140a41a-688c-6524-5f69-eab3c948e915', '1b2e57dc-23af-2fc9-56c2-1cf647aea761', '4de9363d-2588-302a-91bb-829820139dc6'),
('6f4e6675-79b9-24a0-d51c-6629ed866da9', 'TD238', '2021-11-19 10:18:09', 'nothing', 49781, 29, '7cc2bcb8-1a41-5e1c-76b4-6865aee0822f', '49977065-44e0-58fe-89cc-aea518759ca4', '7e30f019-2be3-2ece-ff2e-b100daa09d86'),
('7110e373-5949-461b-1223-282384b72b34', 'TD226', '2021-11-01 00:00:34', 'nothing', 43367, 19, '1bf4c592-3ed4-5354-2fb8-7265ab5e4dd2', '49977065-44e0-58fe-89cc-aea518759ca4', '58ecf563-62ca-6e47-84fc-5898bab2b82a'),
('729ffabc-3786-38c1-f167-e4dad11e07c3', 'TD493', '2021-11-08 06:33:43', 'nothing', 40673, 22, '3e0acba8-75d8-510a-a5ed-48c36e016452', '34aa5486-2c77-66d0-69e1-d1c6b9046484', '2a32a549-1c73-6d78-fe2e-b100daa09d86'),
('731242ae-132a-35a5-2ee4-2051ed4a11e6', 'TD293', '2021-11-16 02:54:30', 'nothing', 56100, 16, '7ecb3390-7390-54b9-4303-f11690f6e6eb', '34aa5486-2c77-66d0-69e1-d1c6b9046484', '3287d147-4258-7142-7970-04e73b7b03ad'),
('73ab455e-7f6c-2256-ee72-b37060223e2b', 'TD933', '2021-11-01 00:00:33', 'nothing', 57295, 20, '6614b51e-1601-1db7-3ceb-2305cc661988', '219af9a0-3833-4074-a5b7-a919cab3d500', '58ecf563-62ca-6e47-84fc-5898bab2b82a'),
('7415550d-1c45-177a-2e6e-a6d4684fc54d', 'TD307', '2021-11-01 02:05:10', 'nothing', 52647, 9, '1bf4c592-3ed4-5354-2fb8-7265ab5e4dd2', '1b2e57dc-23af-2fc9-56c2-1cf647aea761', '132a0dc4-33ae-7205-93bb-829820139dc6'),
('74e44598-1ffa-44a4-2284-526baf198a6e', 'TD298', '2021-11-22 16:58:30', 'nothing', 51099, 12, '19d7d5e4-53ce-7973-3deb-2305cc661988', '1b2e57dc-23af-2fc9-56c2-1cf647aea761', '6765d569-13ee-7c83-83fc-5898bab2b82a'),
('75ea3ec8-3acc-7cea-2984-526baf198a6e', 'TD217', '2021-11-06 17:06:37', 'nothing', 56922, 9, '26370e2b-7a4b-1e9c-4503-f11690f6e6eb', '49977065-44e0-58fe-89cc-aea518759ca4', '2c7039e5-73b7-2fe0-e6e3-324ff508046d'),
('75ee1219-5bc3-412a-d71c-6629ed866da9', 'TD763', '2021-11-01 00:00:22', 'nothing', 54346, 8, '5140a41a-688c-6524-5f69-eab3c948e915', '219af9a0-3833-4074-a5b7-a919cab3d500', '132a0dc4-33ae-7205-93bb-829820139dc6'),
('769f614d-7f60-79a7-d91c-6629ed866da9', 'TD459', '2021-11-08 09:16:15', 'nothing', 45891, 25, '6ffe697e-4135-2991-5d69-eab3c948e915', '6a90a400-76ac-5619-3d77-9e4463160e48', '3287d147-4258-7142-7970-04e73b7b03ad'),
('76ef6511-2672-4c00-d227-35bf7b8aa411', 'TD396', '2021-11-01 00:00:08', 'nothing', 53112, 14, '7ecb3390-7390-54b9-4303-f11690f6e6eb', '34aa5486-2c77-66d0-69e1-d1c6b9046484', '4de9363d-2588-302a-91bb-829820139dc6'),
('773e003c-2a9e-432d-3ccf-d01c94b12388', 'TD828', '2021-11-01 01:25:22', 'nothing', 46209, 24, '1799ce95-50d1-5078-c1cf-40da395526b0', '34aa5486-2c77-66d0-69e1-d1c6b9046484', '2501ff37-299c-273f-e5e3-324ff508046d'),
('78980ce8-55c8-194a-37cf-d01c94b12388', 'TD280', '2021-11-18 07:56:01', 'nothing', 56477, 19, '3e0acba8-75d8-510a-a5ed-48c36e016452', '6a90a400-76ac-5619-3d77-9e4463160e48', '54f3da6c-79d9-44f5-6cb1-dae6d51a1f11'),
('79d1eb3e-1e0d-70c4-2d6e-a6d4684fc54d', 'TD746', '2021-11-12 12:23:54', 'nothing', 42881, 4, '57c7cade-25de-20ed-4403-f11690f6e6eb', '34aa5486-2c77-66d0-69e1-d1c6b9046484', '11408d06-1a15-51c7-34ac-74c1abc316fc'),
('7afd43c5-62c4-3d44-d527-35bf7b8aa411', 'TD914', '2021-11-21 09:24:05', 'nothing', 58196, 25, '6456a494-700b-68b5-2eb8-7265ab5e4dd2', '49977065-44e0-58fe-89cc-aea518759ca4', '7a2a9d8e-3ad6-59dc-943c-b6db1b08a834'),
('7b4568d6-69ef-74e9-402f-9f02d2e2aaff', 'TD140', '2021-11-05 09:04:57', 'nothing', 43445, 20, '75de55af-2d40-377a-8ca2-ca118a69ca38', '49977065-44e0-58fe-89cc-aea518759ca4', '7a2a9d8e-3ad6-59dc-943c-b6db1b08a834'),
('7be75e56-475e-566f-d627-35bf7b8aa411', 'TD855', '2021-11-13 11:13:25', 'nothing', 50996, 21, '6ffe697e-4135-2991-5d69-eab3c948e915', '6a90a400-76ac-5619-3d77-9e4463160e48', '27616729-411f-6fea-6ab1-dae6d51a1f11'),
('7c4a6414-37e1-13e8-2b6e-a6d4684fc54d', 'TD471', '2021-11-21 21:54:17', 'nothing', 53579, 22, '6743104a-20cc-4d43-78b4-6865aee0822f', '219af9a0-3833-4074-a5b7-a919cab3d500', '3287d147-4258-7142-7970-04e73b7b03ad'),
('7ca6a182-45ab-13c6-2184-526baf198a6e', 'TD793', '2021-11-01 00:00:03', 'nothing', 58909, 19, '6ffe697e-4135-2991-5d69-eab3c948e915', '34aa5486-2c77-66d0-69e1-d1c6b9046484', '2501ff37-299c-273f-e5e3-324ff508046d'),
('7dd27499-5339-1f41-e772-b37060223e2b', 'TD084', '2021-11-01 01:24:20', 'nothing', 43242, 21, '7ecb3390-7390-54b9-4303-f11690f6e6eb', '49977065-44e0-58fe-89cc-aea518759ca4', '4012c5ea-7eeb-72e4-92bb-829820139dc6'),
('7dfb2f4c-3684-7213-d827-35bf7b8aa411', 'TD185', '2021-11-01 00:00:06', 'nothing', 55410, 25, '1799ce95-50d1-5078-c1cf-40da395526b0', '1b2e57dc-23af-2fc9-56c2-1cf647aea761', '6765d569-13ee-7c83-83fc-5898bab2b82a'),
('7f42a452-64ec-7cd4-29e4-2051ed4a11e6', 'TD241', '2021-11-01 00:16:09', 'nothing', 47433, 15, '7f7d8c60-24a7-7edf-2db8-7265ab5e4dd2', '34aa5486-2c77-66d0-69e1-d1c6b9046484', '4012c5ea-7eeb-72e4-92bb-829820139dc6');

-- 
-- Dumping data for table hoadonbqth
--
INSERT INTO hoadonbqth VALUES
('112424cc-2810-12c6-7cb4-543cf3233de1', 'HDTH487', 230538841, '2021-11-01 00:07:34', 'Chưa thanh toán', 'nothing', '6af9af24-2ded-185d-eb09-a63d71b861bb', '1242d680-4f02-3bbb-9d66-a58ab8ff47ca'),
('223a95f8-69c3-120f-0722-6d00901b693d', 'HDTH491', 211149533, '2021-11-08 02:40:06', 'Đã thanh toán', 'nothing', '635c2f8d-46af-47e5-dc48-a63e8f7f5b87', '7fa72f44-2825-2b26-d190-152dfadf6d0d'),
('227bb43c-1eaa-5726-b282-1b8b8623dfb6', 'HDTH709', 400200081, '2021-11-03 23:16:18', 'Đã thanh toán', 'nothing', '7cf4a79f-43d5-5d92-a9ba-3ea8b7d05250', '1949dae3-4d44-217e-9c66-a58ab8ff47ca'),
('2feb5322-5141-4fa1-9a37-9dd9a18b459d', 'HDTH459', 433849673, '2021-11-06 07:48:57', 'Đã thanh toán', 'nothing', '57dad6d6-7d4b-7607-c4fd-278daae7c16d', '1242d680-4f02-3bbb-9d66-a58ab8ff47ca'),
('33378eba-4fc8-4506-216d-ebb174b30257', 'HDTH005', 185382511, '2021-11-13 10:14:23', 'Đã thanh toán', 'nothing', '635c2f8d-46af-47e5-dc48-a63e8f7f5b87', '4c411322-7cb4-657d-6fe3-2ceaa9cf3765'),
('37f249b9-3399-5b07-7db4-543cf3233de1', 'HDTH275', 164106599, '2021-11-19 20:36:42', 'Đã thanh toán', 'nothing', '57dad6d6-7d4b-7607-c4fd-278daae7c16d', '114b715b-430f-74cd-d5c6-21b180c0988f'),
('43bc1ae0-4075-2d7a-1f6d-ebb174b30257', 'HDTH507', 407810127, '2021-11-01 00:54:29', 'Chưa thanh toán', 'nothing', '5bcb39ca-52cd-6fa9-916f-c0f6d238b936', '3650c04e-62b1-6908-5598-ae38c5379e4b'),
('48c65f94-7434-2fea-3c88-b0b9ae204823', 'HDTH916', 475827092, '2021-11-01 00:00:02', 'Chưa thanh toán', 'nothing', '22877e36-553c-5e68-638d-62cdcf318413', '1f60e54f-196f-45f3-5498-ae38c5379e4b'),
('5362287e-553d-2692-9837-9dd9a18b459d', 'HDTH748', 507513514, '2021-11-09 08:51:38', 'Đã thanh toán', 'nothing', '664c835e-23cc-566d-7cd8-e07eb4c91d2d', '234be17d-3820-7daa-5698-ae38c5379e4b'),
('5a3bacb6-51d5-22bb-b182-1b8b8623dfb6', 'HDTH321', 362046835, '2021-11-14 00:01:23', 'Chưa thanh toán', 'nothing', '78a854af-6ff9-2e00-db48-a63e8f7f5b87', '4958949d-17c9-454d-841b-27d9d367aeb0'),
('5d52122d-3d31-6bf6-0822-6d00901b693d', 'HDTH368', 164881242, '2021-11-02 11:15:11', 'Đã thanh toán', 'nothing', '57dad6d6-7d4b-7607-c4fd-278daae7c16d', '47782bc9-1bf1-7c7b-6ee3-2ceaa9cf3765'),
('611f84a1-429e-1c2d-91ff-d2edd7bbd6fa', 'HDTH306', 388142856, '2021-11-03 21:19:28', 'Chưa thanh toán', 'nothing', '6e28e256-362a-49f9-c3fd-278daae7c16d', '234be17d-3820-7daa-5698-ae38c5379e4b'),
('65044b7e-508b-3730-9b37-9dd9a18b459d', 'HDTH930', 490278272, '2021-11-23 01:09:31', 'Chưa thanh toán', 'nothing', '78a854af-6ff9-2e00-db48-a63e8f7f5b87', '3564d2c8-2839-5bf7-851b-27d9d367aeb0'),
('699ab6db-4553-6a93-206d-ebb174b30257', 'HDTH234', 395433965, '2021-11-09 21:35:02', 'Chưa thanh toán', 'nothing', '520306c1-6198-3120-061c-777061e1fef3', '3650c04e-62b1-6908-5598-ae38c5379e4b'),
('6cf1f8db-32a5-5a4f-b382-1b8b8623dfb6', 'HDTH429', 65369177, '2021-11-06 14:21:41', 'Chưa thanh toán', 'nothing', '79cf0141-1844-2fa0-c2fd-278daae7c16d', '3650c04e-62b1-6908-5598-ae38c5379e4b'),
('70788815-6dd2-67e4-f810-81c42d958f77', 'HDTH782', 131602618, '2021-11-01 00:00:03', 'Đã thanh toán', 'nothing', '1e4772dd-41de-1b16-ec09-a63d71b861bb', '4c411322-7cb4-657d-6fe3-2ceaa9cf3765'),
('726b7918-3aac-4f65-92ff-d2edd7bbd6fa', 'HDTH350', 93781175, '2021-11-03 22:55:43', 'Đã thanh toán', 'nothing', '2c385729-3945-69f9-926f-c0f6d238b936', '114b715b-430f-74cd-d5c6-21b180c0988f'),
('741e2d8f-5b59-3993-9937-9dd9a18b459d', 'HDTH710', 337956009, '2021-11-01 01:33:28', 'Chưa thanh toán', 'nothing', '6e28e256-362a-49f9-c3fd-278daae7c16d', '234be17d-3820-7daa-5698-ae38c5379e4b'),
('74de2e75-78de-7b73-0922-6d00901b693d', 'HDTH401', 414485339, '2021-11-14 18:33:09', 'Đã thanh toán', 'nothing', '78a854af-6ff9-2e00-db48-a63e8f7f5b87', '23df2104-50d7-1d9c-eadb-93dede770727'),
('7d5fa9e4-3244-5df0-b482-1b8b8623dfb6', 'HDTH124', 260432143, '2021-11-01 00:00:11', 'Đã thanh toán', 'nothing', '78a854af-6ff9-2e00-db48-a63e8f7f5b87', '1f60e54f-196f-45f3-5498-ae38c5379e4b');

-- 
-- Dumping data for table vtcauthu
--
INSERT INTO vtcauthu VALUES
('1a79e25d-15ed-25af-66ef-5e83c2936996', 'Hậu vệ', 'nothing'),
('353675f2-73c0-55a3-bc5d-100ccbc59147', 'Tiền đạo', 'nothing'),
('5aca2a5b-3d14-4908-d4a8-8ebdaf5d2b61', 'Trung vệ', 'nothing'),
('65f88212-5922-6619-4ea4-e0d1ddfbcf7c', 'Thủ môn', 'nothing');

-- 
-- Dumping data for table doitac
--
INSERT INTO doitac VALUES
('12005c59-4cdb-2a35-f0f6-092cdb0ab5e8', 'Magda Croteau', '0379261328', 'Derr@gmail.com', 'Estadio Da Baixada'),
('1ae4f1d0-48f9-3cac-2cdc-88a3ac8a3bba', 'Ariel Albers', '0385072804', 'Pogue@gmail.com', 'Estadio Castelao'),
('1f6428fc-3a0a-5d80-dcab-8b7af6721bcf', 'Rey Rollins', '01902765852', 'Corrine@gmail.com', 'Estadio Das Dunas'),
('215c458d-76a1-715d-b8b1-c1540d491251', 'Adalberto Crawley', '0528825945', 'Derr@gmail.com', 'Arena De Sao Paulo'),
('2229d431-6911-6ec7-d592-0ed10b503732', 'Elmo Rooney', '0873063537', 'Barney Bohannon@gmail.com', 'Estadio Castelao'),
('24873f8c-4b36-5550-2bdc-88a3ac8a3bba', 'Rhonda Clinton', '0544324197', 'Sledge@gmail.com', 'Estadio Do Maracana'),
('24b6e294-3962-3cac-eff6-092cdb0ab5e8', 'Elden Hook', '0355675282', 'Corrine@gmail.com', 'Estadio Pantanal'),
('26908de3-5b2d-58bb-f1f6-092cdb0ab5e8', 'Demetrice Abney', '0825510051', 'Derr@gmail.com', 'Estadio Mineirao'),
('2bdbb408-2566-47f8-dbab-8b7af6721bcf', 'Rey Rollins', '0364671313', 'Corrine@gmail.com', 'Estadio Das Dunas'),
('2d2631c0-30a8-1850-bb47-901f27b89d18', 'Abby Mares', '0892428030', 'Riley@gmail.com', 'Estadio Beira-Rio'),
('31163c02-33fc-587f-f2f6-092cdb0ab5e8', 'Ben Abrams', '0300295637', 'Georgene@gmail.com', 'Estadio Das Dunas'),
('329cf47b-1dcc-5625-d792-0ed10b503732', 'Rayna Amos', '01|96475370', 'Romaine@gmail.com', 'Estadio Beira-Rio'),
('3483adfe-38c9-1789-9f66-43a328b17837', 'Abby Mares', '0368717240', 'Derr@gmail.com', 'Estadio Pantanal'),
('35251a6d-3944-4983-ba47-901f27b89d18', 'Elbert Horner', '0801969480', 'Olene@gmail.com', 'Estadio Das Dunas'),
('3616bf85-6fa7-5d66-eaf2-17995bf2968c', 'Jetta Mckenna', '0381784776', 'Derr@gmail.com', 'Arena De Sao Paulo'),
('396eaf2d-5bc5-5766-e7f2-17995bf2968c', 'Jude Bishop', '0379029916', 'Riley@gmail.com', 'Arena Pernambuco'),
('3d99a93b-28ef-1fd5-e8f2-17995bf2968c', 'Elmo Rooney', '0333177183', 'Romaine@gmail.com', 'Estadio Do Maracana'),
('45422559-79e1-254d-cfa7-99e7765afd72', 'Merrill Acker', '0704612942', 'Sledge@gmail.com', 'Estadio Nacional'),
('46335fb5-1ac4-66ae-b6b1-c1540d491251', 'Tim Amador', '0874158844', 'Derr@gmail.com', 'Arena Pernambuco'),
('47fc0199-4500-4075-d2a7-99e7765afd72', 'Macy Abbott', '0507746094', 'Abraham@gmail.com', 'Arena De Sao Paulo'),
('4a756255-60b4-6d83-d392-0ed10b503732', 'Dorsey Mccartney', '0864508816', 'Barney Bohannon@gmail.com', 'Arena De Sao Paulo'),
('4cabaf0d-1c77-2fab-1391-0af2c7f2a1a0', 'Laci Shuler', '0574676794', 'Pogue@gmail.com', 'Estadio Mineirao'),
('4d963204-46cc-538c-9d66-43a328b17837', 'Nell Crow', '0812169435', 'OneillDaniele@gmail.com', 'Estadio Da Baixada'),
('4ddd46a8-42d2-6d26-1191-0af2c7f2a1a0', 'Linda Alger', '01226946460', 'Corrine@gmail.com', 'Estadio Das Dunas'),
('4e4dd06a-1a04-681f-29dc-88a3ac8a3bba', 'Nova Ricci', '01|96649164', 'Olene@gmail.com', 'Estadio Da Baixada'),
('4e9da7be-7985-16d6-a066-43a328b17837', 'Rhonda Clinton', '01|48227264', 'OneillDaniele@gmail.com', 'Estadio Beira-Rio'),
('4f3d42c1-6e2c-2c89-e6f2-17995bf2968c', 'Victor Abney', '0746732497', 'Romaine@gmail.com', 'Estadio Beira-Rio'),
('4fac4b9e-6c96-177f-d292-0ed10b503732', 'Idella Swafford', '0952802723', 'Pogue@gmail.com', 'Arena De Sao Paulo'),
('5017b949-77c1-2758-e5f2-17995bf2968c', 'Dallas Marrero', '0730649878', 'Corrine@gmail.com', 'Estadio Pantanal'),
('50cd7cd2-6007-63f8-cea7-99e7765afd72', 'Rey Rollins', '0522820020', 'Sledge@gmail.com', 'Estadio Mineirao'),
('51573293-1a8a-5622-be47-901f27b89d18', 'Beckie Abraham', '0541492525', 'Georgene@gmail.com', 'Estadio Nacional'),
('52865d12-2628-2164-9e66-43a328b17837', 'Arnoldo Adams', '01284225707', 'Barney Bohannon@gmail.com', 'Arena Pernambuco'),
('538eb3ed-1f4f-6709-b9b1-c1540d491251', 'Dallas Marrero', '0847142196', 'Olene@gmail.com', 'Estadio Da Baixada'),
('592b006d-6335-6101-edf6-092cdb0ab5e8', 'Dallas Marrero', '0502435228', 'Wasson@gmail.com', 'Estadio Das Dunas'),
('5a80a199-54ec-1c66-d492-0ed10b503732', 'Galen Abreu', '0963145398', 'Pogue@gmail.com', 'Estadio Mineirao'),
('5d104629-56c9-1241-daab-8b7af6721bcf', 'Victor Abney', '0523045731', 'Olene@gmail.com', 'Estadio Mineirao'),
('60e353a5-58e0-5144-d8ab-8b7af6721bcf', 'Leonel Betancourt', '0776987007', 'Corrine@gmail.com', 'Arena De Sao Paulo'),
('61cf5088-6432-5af3-1291-0af2c7f2a1a0', 'Merrill Nieto', '0743064904', 'Olene@gmail.com', 'Estadio Do Maracana'),
('629d287a-406b-4f35-eef6-092cdb0ab5e8', 'Magda Croteau', '0891715266', 'Riley@gmail.com', 'Estadio Das Dunas'),
('641eb0d6-1506-74b9-2adc-88a3ac8a3bba', 'Allen Staton', '0529453084', 'Schindler@gmail.com', 'Estadio Amazonia'),
('6737a48e-36e0-26f6-d9ab-8b7af6721bcf', 'Tim Amador', '0749924888', 'Barney Bohannon@gmail.com', 'Estadio Castelao'),
('69827ce8-2a62-31e0-bc47-901f27b89d18', 'Abby Mares', '01251501261', 'Ferraro@gmail.com', 'Estadio Pantanal'),
('7135b52a-553e-39d8-d1a7-99e7765afd72', 'Laci Shuler', '0330739537', 'Ferraro@gmail.com', 'Estadio Da Baixada'),
('74794097-6a44-73fb-e9f2-17995bf2968c', 'Shavonne Anthony', '0822552262', 'Wasson@gmail.com', 'Estadio Amazonia'),
('76b970ae-70a0-32ec-b7b1-c1540d491251', 'Carlos Staton', '0941404410', 'Riley@gmail.com', 'Estadio Beira-Rio'),
('786f7632-26e0-6731-bd47-901f27b89d18', 'Laci Shuler', '01|10296997', 'Romaine@gmail.com', 'Estadio Mineirao'),
('796fb75a-1d7c-15bd-d0a7-99e7765afd72', 'Kristofer Mccombs', '0334362373', 'Abraham@gmail.com', 'Estadio Nacional'),
('7c6369f2-18d3-679e-d7ab-8b7af6721bcf', 'Albertina Browning', '0963093075', 'Abraham@gmail.com', 'Estadio Amazonia'),
('7e951f52-34a1-2e20-cda7-99e7765afd72', 'Shantell Benner', '0302387506', 'Barney Bohannon@gmail.com', 'Estadio Das Dunas'),
('7fe66e5d-6151-3077-d692-0ed10b503732', 'Leonel Betancourt', '0836669173', 'Pogue@gmail.com', 'Estadio Mineirao');

-- 
-- Dumping data for table doibong_trandau
--
INSERT INTO doibong_trandau VALUES
('1112c9b4-55c0-2384-02ad-2c73cbe1da8e', True, 8, 62814197, True, 0.3, 3, '4c411322-7cb4-657d-6fe3-2ceaa9cf3765', '5bb79363-3cd7-1220-ec67-e4dad11e07c3', '37f249b9-3399-5b07-7db4-543cf3233de1'),
('119bfd91-566b-2108-ef61-aec1e6494175', True, 0, 86133819, True, 0.2, 0, '1242d680-4f02-3bbb-9d66-a58ab8ff47ca', '599540fb-6a6d-5529-d61c-6629ed866da9', '65044b7e-508b-3730-9b37-9dd9a18b459d'),
('11c74af0-3e04-527d-e7b4-8d4600c9080b', True, 0, 69501146, False, 0.4, 0, '3564d2c8-2839-5bf7-851b-27d9d367aeb0', '26aa96d3-5a7d-5bd7-f067-e4dad11e07c3', '699ab6db-4553-6a93-206d-ebb174b30257'),
('11d9e686-2b5e-27fc-f561-aec1e6494175', True, 0, 51089218, False, 0.3, 0, '7fa72f44-2825-2b26-d190-152dfadf6d0d', '5a34c2b8-1396-1268-1d23-282384b72b34', '65044b7e-508b-3730-9b37-9dd9a18b459d'),
('12a55b3d-386e-6f07-7cb0-22cff29e2663', True, 3, 90051227, False, 0.3, 3, '26895d47-1420-68d0-9e66-a58ab8ff47ca', '23324809-28cc-1ce2-d327-35bf7b8aa411', '227bb43c-1eaa-5726-b282-1b8b8623dfb6'),
('12b28924-2015-5d35-f1ff-0bf8e460a224', True, 4, 91410291, True, 0.2, 3, '4c411322-7cb4-657d-6fe3-2ceaa9cf3765', '1b653393-63bc-5c4b-cf27-35bf7b8aa411', '74de2e75-78de-7b73-0922-6d00901b693d'),
('12bada4d-7664-71a3-0100-0cf8e460a224', True, 1, 97798261, True, 0.2, 3, '47782bc9-1bf1-7c7b-6ee3-2ceaa9cf3765', '190441e1-78e9-6bcb-31e4-2051ed4a11e6', '48c65f94-7434-2fea-3c88-b0b9ae204823'),
('136493d2-1738-1f27-39cd-03b483c2e9bb', True, 2, 65456918, False, 0.3, 3, '4c411322-7cb4-657d-6fe3-2ceaa9cf3765', '4d3320b1-40c8-339e-2684-526baf198a6e', '5a3bacb6-51d5-22bb-b182-1b8b8623dfb6'),
('13ad0112-494a-7371-1e82-85029f2a50a2', True, 7, 54887131, True, 0.3, 3, '6e0dc48e-3eac-6143-9b66-a58ab8ff47ca', '29decb2b-5865-4741-326e-a6d4684fc54d', '699ab6db-4553-6a93-206d-ebb174b30257'),
('152006a5-7b03-6321-00ad-2c73cbe1da8e', True, 0, 54307562, True, 0.4, 0, '1f60e54f-196f-45f3-5498-ae38c5379e4b', '3fb6a561-45eb-5b39-d427-35bf7b8aa411', '699ab6db-4553-6a93-206d-ebb174b30257'),
('15b51006-20dd-4701-f6ff-0bf8e460a224', True, 6, 70777436, False, 0.4, 3, '6e0dc48e-3eac-6143-9b66-a58ab8ff47ca', '33180633-1cdc-521d-2c6e-a6d4684fc54d', '611f84a1-429e-1c2d-91ff-d2edd7bbd6fa'),
('15b90510-1813-5004-29cd-03b483c2e9bb', True, 6, 67035665, True, 0.3, 3, '13a507d0-342d-6292-6de3-2ceaa9cf3765', '2893452c-67d6-3492-1d84-526baf198a6e', '227bb43c-1eaa-5726-b282-1b8b8623dfb6'),
('1635c70e-1a06-3a91-6865-a41d0e078d49', True, 0, 70089696, False, 0.4, 0, '7fa72f44-2825-2b26-d190-152dfadf6d0d', '1371fd31-2358-5e47-1a23-282384b72b34', '6cf1f8db-32a5-5a4f-b382-1b8b8623dfb6'),
('16670d05-31ef-289f-72b0-22cff29e2663', True, 0, 50241221, False, 0.3, 0, '26895d47-1420-68d0-9e66-a58ab8ff47ca', '78980ce8-55c8-194a-37cf-d01c94b12388', '699ab6db-4553-6a93-206d-ebb174b30257'),
('17acf552-180c-4896-2282-85029f2a50a2', True, 0, 73194057, True, 0.2, 0, '6827e1c0-5b98-6d19-831b-27d9d367aeb0', '268e2355-331b-5b9b-f267-e4dad11e07c3', '70788815-6dd2-67e4-f810-81c42d958f77'),
('1897b01b-1b25-3c3e-f5ff-0bf8e460a224', True, 0, 99932334, False, 0.3, 0, '26895d47-1420-68d0-9e66-a58ab8ff47ca', '7110e373-5949-461b-1223-282384b72b34', '74de2e75-78de-7b73-0922-6d00901b693d'),
('1944b6f1-133c-42bf-0fad-2c73cbe1da8e', True, 1, 75897612, True, 0.4, 3, '234be17d-3820-7daa-5698-ae38c5379e4b', '6c19f6e9-2562-1a07-f072-b37060223e2b', '611f84a1-429e-1c2d-91ff-d2edd7bbd6fa'),
('195d3ac2-5bc7-3c56-34cd-03b483c2e9bb', True, 3, 61929646, False, 0.4, 3, '47782bc9-1bf1-7c7b-6ee3-2ceaa9cf3765', '64375ee6-4122-2b3d-1823-282384b72b34', '48c65f94-7434-2fea-3c88-b0b9ae204823'),
('1a4396a4-1ae3-1f1b-3ccd-03b483c2e9bb', True, 3, 53965571, False, 0.2, 3, '47782bc9-1bf1-7c7b-6ee3-2ceaa9cf3765', '7dfb2f4c-3684-7213-d827-35bf7b8aa411', '7d5fa9e4-3244-5df0-b482-1b8b8623dfb6'),
('1a805adb-2519-2e9d-0984-9c028a2517db', True, 2, 82186885, False, 0.2, 3, '1949dae3-4d44-217e-9c66-a58ab8ff47ca', '7afd43c5-62c4-3d44-d527-35bf7b8aa411', '37f249b9-3399-5b07-7db4-543cf3233de1'),
('1d120a18-1f8d-47d7-1c82-85029f2a50a2', True, 4, 74879421, True, 0.4, 3, '3564d2c8-2839-5bf7-851b-27d9d367aeb0', '73ab455e-7f6c-2256-ee72-b37060223e2b', '5a3bacb6-51d5-22bb-b182-1b8b8623dfb6'),
('1da1f7f9-5c1a-2359-05ad-2c73cbe1da8e', True, 5, 83252099, False, 0.4, 3, '234be17d-3820-7daa-5698-ae38c5379e4b', '31c43448-530b-5742-316e-a6d4684fc54d', '65044b7e-508b-3730-9b37-9dd9a18b459d'),
('1ddeb8b3-47c4-3566-f0ff-0bf8e460a224', True, 0, 60810656, True, 0.2, 0, '7fa72f44-2825-2b26-d190-152dfadf6d0d', '7dd27499-5339-1f41-e772-b37060223e2b', '5d52122d-3d31-6bf6-0822-6d00901b693d'),
('1fd5948b-4228-620e-fdac-2c73cbe1da8e', True, 0, 90879132, False, 0.2, 0, '7fa72f44-2825-2b26-d190-152dfadf6d0d', '28439498-409b-3406-d21c-6629ed866da9', '112424cc-2810-12c6-7cb4-543cf3233de1'),
('2023c0ae-5991-6e1d-ed61-aec1e6494175', True, 0, 52426171, True, 0.2, 0, '7fa72f44-2825-2b26-d190-152dfadf6d0d', '62435172-4246-164d-3dcf-d01c94b12388', '37f249b9-3399-5b07-7db4-543cf3233de1'),
('2171d9a7-4313-381a-3ecd-03b483c2e9bb', True, 0, 79129238, True, 0.2, 0, '234be17d-3820-7daa-5698-ae38c5379e4b', '2311de1e-5900-47d0-34e4-2051ed4a11e6', '33378eba-4fc8-4506-216d-ebb174b30257'),
('2186ada8-4434-4b8a-08ad-2c73cbe1da8e', True, 0, 80574535, True, 0.2, 0, '4958949d-17c9-454d-841b-27d9d367aeb0', '1dda8a67-234d-736f-1923-282384b72b34', '48c65f94-7434-2fea-3c88-b0b9ae204823'),
('21ba8a29-5aee-7dea-eab4-8d4600c9080b', True, 0, 99083918, True, 0.2, 0, '6827e1c0-5b98-6d19-831b-27d9d367aeb0', '5cb92e61-25ea-145c-33e4-2051ed4a11e6', '699ab6db-4553-6a93-206d-ebb174b30257'),
('221062e7-5e55-3f34-6f65-a41d0e078d49', True, 7, 50227159, True, 0.2, 3, '3650c04e-62b1-6908-5598-ae38c5379e4b', '1f3594d4-7131-2f44-2784-526baf198a6e', '5d52122d-3d31-6bf6-0822-6d00901b693d'),
('234e9507-772c-1d50-5a65-a41d0e078d49', True, 2, 87140540, False, 0.3, 3, '1949dae3-4d44-217e-9c66-a58ab8ff47ca', '2aacf05a-522d-5b9a-d027-35bf7b8aa411', '5d52122d-3d31-6bf6-0822-6d00901b693d'),
('24378f3e-23a2-2540-0bad-2c73cbe1da8e', True, 0, 76152245, False, 0.3, 0, '3564d2c8-2839-5bf7-851b-27d9d367aeb0', '241f269f-357f-2136-ef72-b37060223e2b', '5362287e-553d-2692-9837-9dd9a18b459d'),
('245854d1-4cf5-1a00-2bcf-1ab46ebdb0f4', True, 0, 71782419, True, 0.2, 0, '26895d47-1420-68d0-9e66-a58ab8ff47ca', '36589461-7f8b-647a-41cf-d01c94b12388', '741e2d8f-5b59-3993-9937-9dd9a18b459d'),
('2499c672-66a3-6014-e161-aec1e6494175', True, 0, 78335352, True, 0.4, 0, '26895d47-1420-68d0-9e66-a58ab8ff47ca', '34a87410-5a2a-118f-1e84-526baf198a6e', '227bb43c-1eaa-5726-b282-1b8b8623dfb6'),
('24ea0d58-4d0c-7bc6-1682-85029f2a50a2', True, 0, 67690937, True, 0.3, 0, '4c411322-7cb4-657d-6fe3-2ceaa9cf3765', '224e9854-7db0-3246-1523-282384b72b34', '726b7918-3aac-4f65-92ff-d2edd7bbd6fa'),
('2563140a-1b8d-24fc-6665-a41d0e078d49', True, 0, 74502130, True, 0.2, 0, '234be17d-3820-7daa-5698-ae38c5379e4b', '2b088036-4f2e-4652-2484-526baf198a6e', '611f84a1-429e-1c2d-91ff-d2edd7bbd6fa'),
('2624d22e-2c79-58f3-f661-aec1e6494175', False, 6, 87914538, True, 0.4, 3, '13a507d0-342d-6292-6de3-2ceaa9cf3765', '268e2355-331b-5b9b-f267-e4dad11e07c3', '70788815-6dd2-67e4-f810-81c42d958f77'),
('2694623b-318b-57e7-0000-0cf8e460a224', True, 0, 54968932, True, 0.2, 0, '26895d47-1420-68d0-9e66-a58ab8ff47ca', '129def19-5eef-7c12-3ecf-d01c94b12388', '5362287e-553d-2692-9837-9dd9a18b459d'),
('27560cb6-7f46-456c-dab4-8d4600c9080b', True, 0, 82434478, True, 0.2, 0, '26895d47-1420-68d0-9e66-a58ab8ff47ca', '3940a24b-6db2-77d0-e872-b37060223e2b', '37f249b9-3399-5b07-7db4-543cf3233de1'),
('275f74e6-7fb2-6f41-76b0-22cff29e2663', True, 0, 81199251, False, 0.2, 0, '3564d2c8-2839-5bf7-851b-27d9d367aeb0', '4eca857d-6b13-4910-39cf-d01c94b12388', '611f84a1-429e-1c2d-91ff-d2edd7bbd6fa'),
('27a2e182-4bcb-6b58-2fcd-03b483c2e9bb', True, 0, 73127245, True, 0.2, 0, '3564d2c8-2839-5bf7-851b-27d9d367aeb0', '7415550d-1c45-177a-2e6e-a6d4684fc54d', '611f84a1-429e-1c2d-91ff-d2edd7bbd6fa'),
('27ff38f4-62d9-3911-deb4-8d4600c9080b', True, 4, 84762864, False, 0.4, 3, '3650c04e-62b1-6908-5598-ae38c5379e4b', '2c60e19a-70c5-25a3-2ae4-2051ed4a11e6', '223a95f8-69c3-120f-0722-6d00901b693d'),
('283ab08b-7a84-39a5-1284-9c028a2517db', True, 0, 83442503, False, 0.2, 0, '47782bc9-1bf1-7c7b-6ee3-2ceaa9cf3765', '769f614d-7f60-79a7-d91c-6629ed866da9', '227bb43c-1eaa-5726-b282-1b8b8623dfb6'),
('2876e6b9-7b5a-3822-1582-85029f2a50a2', True, 0, 73460373, True, 0.3, 0, '4958949d-17c9-454d-841b-27d9d367aeb0', '1bcbe6e6-4e69-711b-412f-9f02d2e2aaff', '5362287e-553d-2692-9837-9dd9a18b459d'),
('28fac2a7-3b08-4b3b-d8b4-8d4600c9080b', True, 0, 93623103, False, 0.4, 0, '6e0dc48e-3eac-6143-9b66-a58ab8ff47ca', '4745ca3d-4ca3-5ee5-e967-e4dad11e07c3', '37f249b9-3399-5b07-7db4-543cf3233de1'),
('295d9bec-5b96-79f9-41cd-03b483c2e9bb', True, 0, 97088121, False, 0.2, 0, '1f60e54f-196f-45f3-5498-ae38c5379e4b', '5bfe67d3-34a6-365c-376e-a6d4684fc54d', '7d5fa9e4-3244-5df0-b482-1b8b8623dfb6'),
('29ada396-6db2-7459-1bcf-1ab46ebdb0f4', False, 0, 51205025, False, 0.4, 0, '1949dae3-4d44-217e-9c66-a58ab8ff47ca', '1bcbe6e6-4e69-711b-412f-9f02d2e2aaff', '726b7918-3aac-4f65-92ff-d2edd7bbd6fa'),
('2abc23cc-1f55-429e-5c65-a41d0e078d49', False, 0, 55630069, False, 0.2, 0, '4c411322-7cb4-657d-6fe3-2ceaa9cf3765', '28439498-409b-3406-d21c-6629ed866da9', '37f249b9-3399-5b07-7db4-543cf3233de1'),
('2aea80b5-48d6-5674-0400-0cf8e460a224', True, 0, 85444701, True, 0.4, 0, '23df2104-50d7-1d9c-eadb-93dede770727', '159cbc6d-6948-7424-1e23-282384b72b34', '5d52122d-3d31-6bf6-0822-6d00901b693d'),
('2afd2552-717c-3f24-6365-a41d0e078d49', False, 0, 89566653, False, 0.2, 0, '13a507d0-342d-6292-6de3-2ceaa9cf3765', '23324809-28cc-1ce2-d327-35bf7b8aa411', '112424cc-2810-12c6-7cb4-543cf3233de1'),
('2b1e428f-6930-4a45-0784-9c028a2517db', False, 0, 96634905, True, 0.4, 0, '3650c04e-62b1-6908-5598-ae38c5379e4b', '3fb6a561-45eb-5b39-d427-35bf7b8aa411', '33378eba-4fc8-4506-216d-ebb174b30257'),
('2b215c15-1565-4f74-f4ff-0bf8e460a224', True, 0, 53654073, False, 0.4, 0, '26895d47-1420-68d0-9e66-a58ab8ff47ca', '45c4104f-6fd8-3ef8-36cf-d01c94b12388', '5a3bacb6-51d5-22bb-b182-1b8b8623dfb6'),
('2b49f9b8-2ce9-2861-1a82-85029f2a50a2', True, 0, 85451538, False, 0.3, 0, '1949dae3-4d44-217e-9c66-a58ab8ff47ca', '640b419f-4bdb-6cb0-2de4-2051ed4a11e6', '5362287e-553d-2692-9837-9dd9a18b459d'),
('2b8930c1-1a50-4841-06ad-2c73cbe1da8e', False, 0, 61777375, False, 0.4, 0, '234be17d-3820-7daa-5698-ae38c5379e4b', '62435172-4246-164d-3dcf-d01c94b12388', '6cf1f8db-32a5-5a4f-b382-1b8b8623dfb6'),
('2ba84892-6d9a-6981-f7ff-0bf8e460a224', False, 0, 53195916, True, 0.4, 0, '1242d680-4f02-3bbb-9d66-a58ab8ff47ca', '4eca857d-6b13-4910-39cf-d01c94b12388', '5a3bacb6-51d5-22bb-b182-1b8b8623dfb6'),
('2bea3812-6cbc-434c-2dcd-03b483c2e9bb', True, 0, 66698328, True, 0.2, 0, '1f60e54f-196f-45f3-5498-ae38c5379e4b', '414d2bd3-7d9d-28fa-ea72-b37060223e2b', '5d52122d-3d31-6bf6-0822-6d00901b693d'),
('2cffe9d1-59d1-383c-f161-aec1e6494175', True, 0, 99453597, False, 0.4, 0, '1f60e54f-196f-45f3-5498-ae38c5379e4b', '5668da4d-174d-6ecc-336e-a6d4684fc54d', '5a3bacb6-51d5-22bb-b182-1b8b8623dfb6'),
('2d085b4e-246b-7564-0500-0cf8e460a224', True, 0, 94274454, True, 0.2, 0, '6827e1c0-5b98-6d19-831b-27d9d367aeb0', '4c0034b1-35c3-43df-4a2f-9f02d2e2aaff', '699ab6db-4553-6a93-206d-ebb174b30257'),
('2d46bab3-4f6b-69a8-71b0-22cff29e2663', False, 0, 72687678, True, 0.3, 0, '4958949d-17c9-454d-841b-27d9d367aeb0', '4745ca3d-4ca3-5ee5-e967-e4dad11e07c3', '5a3bacb6-51d5-22bb-b182-1b8b8623dfb6'),
('2dc2cf3a-2f16-1ff0-20cf-1ab46ebdb0f4', True, 0, 75444240, False, 0.4, 0, '234be17d-3820-7daa-5698-ae38c5379e4b', '7be75e56-475e-566f-d627-35bf7b8aa411', '699ab6db-4553-6a93-206d-ebb174b30257'),
('2dc469bc-3642-508e-0f82-85029f2a50a2', False, 0, 70077399, True, 0.4, 0, '7fa72f44-2825-2b26-d190-152dfadf6d0d', '3940a24b-6db2-77d0-e872-b37060223e2b', '70788815-6dd2-67e4-f810-81c42d958f77'),
('2e1406d7-3869-25b8-22cf-1ab46ebdb0f4', False, 0, 85967975, True, 0.3, 0, '26895d47-1420-68d0-9e66-a58ab8ff47ca', '1371fd31-2358-5e47-1a23-282384b72b34', '48c65f94-7434-2fea-3c88-b0b9ae204823'),
('306daf5f-664b-7343-1b82-85029f2a50a2', False, 0, 68882914, True, 0.3, 0, '4958949d-17c9-454d-841b-27d9d367aeb0', '7afd43c5-62c4-3d44-d527-35bf7b8aa411', '227bb43c-1eaa-5726-b282-1b8b8623dfb6'),
('31a66e7a-3697-43ff-35cd-03b483c2e9bb', False, 0, 51182586, False, 0.3, 0, '4c411322-7cb4-657d-6fe3-2ceaa9cf3765', '1dda8a67-234d-736f-1923-282384b72b34', '699ab6db-4553-6a93-206d-ebb174b30257'),
('328a8447-6da7-5ec5-31cd-03b483c2e9bb', True, 0, 69875176, False, 0.2, 0, '26895d47-1420-68d0-9e66-a58ab8ff47ca', '1cdab504-7452-3d8c-2f6e-a6d4684fc54d', '6cf1f8db-32a5-5a4f-b382-1b8b8623dfb6'),
('32ac4a89-2701-7111-10ad-2c73cbe1da8e', True, 0, 68151298, False, 0.4, 0, '6827e1c0-5b98-6d19-831b-27d9d367aeb0', '197990d8-20d7-5709-2884-526baf198a6e', '5362287e-553d-2692-9837-9dd9a18b459d'),
('32d7b411-64d3-633c-f961-aec1e6494175', False, 0, 63168129, False, 0.4, 0, '23df2104-50d7-1d9c-eadb-93dede770727', '36589461-7f8b-647a-41cf-d01c94b12388', '223a95f8-69c3-120f-0722-6d00901b693d'),
('33324544-4cc3-4128-ee61-aec1e6494175', True, 0, 71669809, False, 0.4, 0, '47782bc9-1bf1-7c7b-6ee3-2ceaa9cf3765', '689c9404-61d4-7696-ee67-e4dad11e07c3', '33378eba-4fc8-4506-216d-ebb174b30257'),
('33c225a6-7ee3-2e11-1382-85029f2a50a2', True, 0, 50802937, False, 0.4, 0, '6827e1c0-5b98-6d19-831b-27d9d367aeb0', '346d102f-6ce0-257d-1323-282384b72b34', '33378eba-4fc8-4506-216d-ebb174b30257'),
('34987e2e-6ca6-17a5-dbb4-8d4600c9080b', True, 0, 84912625, False, 0.3, 0, '47782bc9-1bf1-7c7b-6ee3-2ceaa9cf3765', '2e9137b4-4233-7736-2a6e-a6d4684fc54d', '611f84a1-429e-1c2d-91ff-d2edd7bbd6fa'),
('34a9b226-4775-1d65-f261-aec1e6494175', False, 0, 76325258, True, 0.3, 0, '6827e1c0-5b98-6d19-831b-27d9d367aeb0', '4d3320b1-40c8-339e-2684-526baf198a6e', '2feb5322-5141-4fa1-9a37-9dd9a18b459d'),
('36683bd3-27cd-2398-ec61-aec1e6494175', False, 3, 91867985, True, 0.2, 0, '114b715b-430f-74cd-d5c6-21b180c0988f', '31c43448-530b-5742-316e-a6d4684fc54d', '5a3bacb6-51d5-22bb-b182-1b8b8623dfb6'),
('36beac89-4104-3569-6965-a41d0e078d49', False, 0, 77777734, False, 0.4, 0, '7fa72f44-2825-2b26-d190-152dfadf6d0d', '5668da4d-174d-6ecc-336e-a6d4684fc54d', '5d52122d-3d31-6bf6-0822-6d00901b693d'),
('36ef0265-1396-6af6-7ab0-22cff29e2663', True, 0, 56722716, True, 0.2, 0, '234be17d-3820-7daa-5698-ae38c5379e4b', '4d500ec9-5573-3e45-1623-282384b72b34', '70788815-6dd2-67e4-f810-81c42d958f77'),
('3744cece-2225-5408-1182-85029f2a50a2', True, 2, 75871408, True, 0.4, 3, '114b715b-430f-74cd-d5c6-21b180c0988f', '414f0a74-5734-72f6-1f84-526baf198a6e', '48c65f94-7434-2fea-3c88-b0b9ae204823'),
('376ae406-1215-382b-6c65-a41d0e078d49', True, 0, 60885317, False, 0.4, 0, '7fa72f44-2825-2b26-d190-152dfadf6d0d', '4ead33b3-417f-60c5-32e4-2051ed4a11e6', '43bc1ae0-4075-2d7a-1f6d-ebb174b30257'),
('37701855-2a44-298b-ecb4-8d4600c9080b', False, 0, 65827767, False, 0.4, 0, '13a507d0-342d-6292-6de3-2ceaa9cf3765', '159cbc6d-6948-7424-1e23-282384b72b34', '2feb5322-5141-4fa1-9a37-9dd9a18b459d'),
('38ceae73-6266-313b-40cd-03b483c2e9bb', True, 0, 97178975, True, 0.3, 0, '47782bc9-1bf1-7c7b-6ee3-2ceaa9cf3765', '5eeb20c7-40d4-44da-2a84-526baf198a6e', '699ab6db-4553-6a93-206d-ebb174b30257'),
('39060187-6420-3c93-82b0-22cff29e2663', True, 0, 62253910, True, 0.2, 0, '234be17d-3820-7daa-5698-ae38c5379e4b', '37925337-469a-3547-2584-526baf198a6e', '37f249b9-3399-5b07-7db4-543cf3233de1'),
('3a14d1ad-5e5c-6bcd-0ead-2c73cbe1da8e', False, 2, 61942312, False, 0.2, 3, '114b715b-430f-74cd-d5c6-21b180c0988f', '769f614d-7f60-79a7-d91c-6629ed866da9', '43bc1ae0-4075-2d7a-1f6d-ebb174b30257'),
('3af65012-7383-56c5-0e84-9c028a2517db', True, 0, 64595559, True, 0.2, 0, '4c411322-7cb4-657d-6fe3-2ceaa9cf3765', '47ff9eed-71e7-2d66-346e-a6d4684fc54d', '227bb43c-1eaa-5726-b282-1b8b8623dfb6'),
('3b157653-398b-7205-e861-aec1e6494175', True, 0, 88395194, False, 0.3, 0, '234be17d-3820-7daa-5698-ae38c5379e4b', '25897895-7235-4939-1723-282384b72b34', '37f249b9-3399-5b07-7db4-543cf3233de1'),
('3b8aceb5-42f5-22f5-0200-0cf8e460a224', True, 0, 51095723, False, 0.2, 0, '13a507d0-342d-6292-6de3-2ceaa9cf3765', '3d54556c-1223-4d3c-d727-35bf7b8aa411', '699ab6db-4553-6a93-206d-ebb174b30257'),
('3bad7100-3aea-422d-7db0-22cff29e2663', True, 0, 88388664, False, 0.4, 0, '1242d680-4f02-3bbb-9d66-a58ab8ff47ca', '2967eac0-7102-2e0e-3bcf-d01c94b12388', '6cf1f8db-32a5-5a4f-b382-1b8b8623dfb6'),
('3bfce8d7-68ed-62d9-1ecf-1ab46ebdb0f4', True, 0, 50894456, False, 0.3, 0, '1949dae3-4d44-217e-9c66-a58ab8ff47ca', '38913aa0-1418-11de-306e-a6d4684fc54d', '48c65f94-7434-2fea-3c88-b0b9ae204823'),
('3ce725f1-5597-6259-04ad-2c73cbe1da8e', False, 0, 69612284, True, 0.3, 0, '1242d680-4f02-3bbb-9d66-a58ab8ff47ca', '64375ee6-4122-2b3d-1823-282384b72b34', '5362287e-553d-2692-9837-9dd9a18b459d'),
('3d361ab6-4853-1453-e2b4-8d4600c9080b', True, 0, 86965904, True, 0.2, 0, '1949dae3-4d44-217e-9c66-a58ab8ff47ca', '74e44598-1ffa-44a4-2284-526baf198a6e', '43bc1ae0-4075-2d7a-1f6d-ebb174b30257'),
('3d3f58e3-5f34-56bf-7fb0-22cff29e2663', True, 0, 79205530, True, 0.4, 0, '1949dae3-4d44-217e-9c66-a58ab8ff47ca', '5dda7a49-4fa1-50d1-ed67-e4dad11e07c3', '7d5fa9e4-3244-5df0-b482-1b8b8623dfb6'),
('3d6b8d43-2a82-2a9e-13ad-2c73cbe1da8e', True, 0, 89771008, True, 0.3, 0, '3650c04e-62b1-6908-5598-ae38c5379e4b', '31605693-20ac-2666-43cf-d01c94b12388', '65044b7e-508b-3730-9b37-9dd9a18b459d'),
('3d70edbd-4a8d-41e0-21cf-1ab46ebdb0f4', True, 0, 56657813, True, 0.2, 0, '4c411322-7cb4-657d-6fe3-2ceaa9cf3765', '21f015fc-1a97-7f82-442f-9f02d2e2aaff', '223a95f8-69c3-120f-0722-6d00901b693d'),
('3d87925f-64e1-2351-73b0-22cff29e2663', True, 0, 67060886, False, 0.4, 0, '4958949d-17c9-454d-841b-27d9d367aeb0', '19368d9c-5dfa-6983-ea67-e4dad11e07c3', '70788815-6dd2-67e4-f810-81c42d958f77'),
('3d9b4fab-3170-664b-faac-2c73cbe1da8e', False, 0, 56955973, True, 0.2, 0, '26895d47-1420-68d0-9e66-a58ab8ff47ca', '78980ce8-55c8-194a-37cf-d01c94b12388', '74de2e75-78de-7b73-0922-6d00901b693d'),
('3ea7e00c-2811-2d4b-f3ff-0bf8e460a224', False, 0, 95692146, True, 0.2, 0, '3650c04e-62b1-6908-5598-ae38c5379e4b', '2e9137b4-4233-7736-2a6e-a6d4684fc54d', '74de2e75-78de-7b73-0922-6d00901b693d'),
('3f118a3a-7f59-4797-5e65-a41d0e078d49', True, 0, 61006476, True, 0.4, 0, '7fa72f44-2825-2b26-d190-152dfadf6d0d', '2c5dd0fe-20d6-1f51-1423-282384b72b34', '112424cc-2810-12c6-7cb4-543cf3233de1'),
('3f8c209f-6eb7-32b3-18cf-1ab46ebdb0f4', False, 0, 77771383, False, 0.4, 0, '13a507d0-342d-6292-6de3-2ceaa9cf3765', '7110e373-5949-461b-1223-282384b72b34', '223a95f8-69c3-120f-0722-6d00901b693d'),
('3fe29540-7182-343d-f9ac-2c73cbe1da8e', True, 0, 54245701, True, 0.4, 0, '23df2104-50d7-1d9c-eadb-93dede770727', '7f42a452-64ec-7cd4-29e4-2051ed4a11e6', '48c65f94-7434-2fea-3c88-b0b9ae204823'),
('4037b27c-61ef-3836-e061-aec1e6494175', True, 0, 71018455, True, 0.4, 0, '26895d47-1420-68d0-9e66-a58ab8ff47ca', '3b454fb3-69c8-5e45-3e2f-9f02d2e2aaff', '5362287e-553d-2692-9837-9dd9a18b459d'),
('4081e126-62dc-290a-7065-a41d0e078d49', False, 0, 95104137, True, 0.4, 0, '1f60e54f-196f-45f3-5498-ae38c5379e4b', '5eeb20c7-40d4-44da-2a84-526baf198a6e', '611f84a1-429e-1c2d-91ff-d2edd7bbd6fa'),
('4137565f-540c-6332-1584-9c028a2517db', False, 0, 98463871, False, 0.2, 0, '26895d47-1420-68d0-9e66-a58ab8ff47ca', '2311de1e-5900-47d0-34e4-2051ed4a11e6', '37f249b9-3399-5b07-7db4-543cf3233de1'),
('41c47003-3631-5177-01ad-2c73cbe1da8e', True, 0, 69719806, False, 0.4, 0, '6e0dc48e-3eac-6143-9b66-a58ab8ff47ca', '233df00d-7409-7591-ed72-b37060223e2b', '726b7918-3aac-4f65-92ff-d2edd7bbd6fa'),
('43726d21-7fa8-13d6-2ccf-1ab46ebdb0f4', True, 0, 75540140, False, 0.2, 0, '6827e1c0-5b98-6d19-831b-27d9d367aeb0', '4179d155-4764-3761-d927-35bf7b8aa411', '699ab6db-4553-6a93-206d-ebb174b30257'),
('43a45b16-353b-7d4e-1ccf-1ab46ebdb0f4', False, 0, 74705744, True, 0.3, 0, '3564d2c8-2839-5bf7-851b-27d9d367aeb0', '1cdab504-7452-3d8c-2f6e-a6d4684fc54d', '741e2d8f-5b59-3993-9937-9dd9a18b459d'),
('441e0e7b-2fdf-6cf5-2acd-03b483c2e9bb', False, 0, 83825689, False, 0.2, 0, '1242d680-4f02-3bbb-9d66-a58ab8ff47ca', '2aacf05a-522d-5b9a-d027-35bf7b8aa411', '5a3bacb6-51d5-22bb-b182-1b8b8623dfb6'),
('45820484-14e7-5b3e-7bb0-22cff29e2663', True, 0, 57211613, False, 0.3, 0, '13a507d0-342d-6292-6de3-2ceaa9cf3765', '288644db-51b6-2a43-d31c-6629ed866da9', '5d52122d-3d31-6bf6-0822-6d00901b693d'),
('45ec63d8-2aa2-78df-ddb4-8d4600c9080b', True, 0, 66443363, True, 0.2, 0, '47782bc9-1bf1-7c7b-6ee3-2ceaa9cf3765', '7c4a6414-37e1-13e8-2b6e-a6d4684fc54d', '70788815-6dd2-67e4-f810-81c42d958f77'),
('462e0167-4b48-796a-2082-85029f2a50a2', True, 0, 91163368, False, 0.2, 0, '6e0dc48e-3eac-6143-9b66-a58ab8ff47ca', '75ee1219-5bc3-412a-d71c-6629ed866da9', '699ab6db-4553-6a93-206d-ebb174b30257'),
('4683e454-7542-56dd-e6b4-8d4600c9080b', False, 0, 91531599, True, 0.4, 0, '23df2104-50d7-1d9c-eadb-93dede770727', '689c9404-61d4-7696-ee67-e4dad11e07c3', '6cf1f8db-32a5-5a4f-b382-1b8b8623dfb6'),
('46f3c37b-688a-25ad-0c84-9c028a2517db', False, 0, 99135403, False, 0.3, 0, '234be17d-3820-7daa-5698-ae38c5379e4b', '29decb2b-5865-4741-326e-a6d4684fc54d', '699ab6db-4553-6a93-206d-ebb174b30257'),
('46fd9295-4006-4ece-f9ff-0bf8e460a224', True, 0, 63333597, True, 0.4, 0, '1949dae3-4d44-217e-9c66-a58ab8ff47ca', '76ef6511-2672-4c00-d227-35bf7b8aa411', '65044b7e-508b-3730-9b37-9dd9a18b459d'),
('47482bd6-144c-618d-3acd-03b483c2e9bb', True, 0, 57313636, True, 0.4, 0, '4958949d-17c9-454d-841b-27d9d367aeb0', '1d7eeb09-6e30-2549-482f-9f02d2e2aaff', '112424cc-2810-12c6-7cb4-543cf3233de1'),
('474ca6b6-1acd-20a8-80b0-22cff29e2663', True, 0, 78985089, False, 0.2, 0, '47782bc9-1bf1-7c7b-6ee3-2ceaa9cf3765', '4bebc5a9-6c38-3e92-452f-9f02d2e2aaff', '70788815-6dd2-67e4-f810-81c42d958f77'),
('481a2373-6aca-2a17-0a84-9c028a2517db', False, 0, 59007365, True, 0.2, 0, '114b715b-430f-74cd-d5c6-21b180c0988f', '2b088036-4f2e-4652-2484-526baf198a6e', '699ab6db-4553-6a93-206d-ebb174b30257'),
('48db83f5-6568-1969-fbff-0bf8e460a224', True, 0, 82526956, False, 0.3, 0, '4958949d-17c9-454d-841b-27d9d367aeb0', '58c3db93-6c4d-14ce-422f-9f02d2e2aaff', '112424cc-2810-12c6-7cb4-543cf3233de1'),
('495ad91f-3633-28e4-6065-a41d0e078d49', True, 0, 87629505, False, 0.4, 0, '26895d47-1420-68d0-9e66-a58ab8ff47ca', '2e014cdd-43a2-4889-3acf-d01c94b12388', '699ab6db-4553-6a93-206d-ebb174b30257'),
('4a0ec7c8-53a2-64e1-28cf-1ab46ebdb0f4', False, 0, 88619725, False, 0.2, 0, '6e0dc48e-3eac-6143-9b66-a58ab8ff47ca', '1d7eeb09-6e30-2549-482f-9f02d2e2aaff', '37f249b9-3399-5b07-7db4-543cf3233de1'),
('4a9d4a9b-590a-6945-fcff-0bf8e460a224', False, 0, 52947961, False, 0.4, 0, '6827e1c0-5b98-6d19-831b-27d9d367aeb0', '5bb79363-3cd7-1220-ec67-e4dad11e07c3', '65044b7e-508b-3730-9b37-9dd9a18b459d'),
('4aaefc0f-7b2c-1bef-88b0-22cff29e2663', True, 0, 83458373, True, 0.2, 0, '47782bc9-1bf1-7c7b-6ee3-2ceaa9cf3765', '1f6d841a-5eff-2814-366e-a6d4684fc54d', '223a95f8-69c3-120f-0722-6d00901b693d'),
('4ac29d56-58aa-17b5-5865-a41d0e078d49', False, 0, 80997508, False, 0.2, 0, '13a507d0-342d-6292-6de3-2ceaa9cf3765', '7dd27499-5339-1f41-e772-b37060223e2b', '699ab6db-4553-6a93-206d-ebb174b30257'),
('4b1bad10-1fb2-2cbf-5965-a41d0e078d49', False, 0, 72814518, False, 0.3, 0, '26895d47-1420-68d0-9e66-a58ab8ff47ca', '34a87410-5a2a-118f-1e84-526baf198a6e', '43bc1ae0-4075-2d7a-1f6d-ebb174b30257'),
('4b389f66-5f9b-2378-6765-a41d0e078d49', True, 0, 89614151, False, 0.3, 0, '13a507d0-342d-6292-6de3-2ceaa9cf3765', '6f4e6675-79b9-24a0-d51c-6629ed866da9', '37f249b9-3399-5b07-7db4-543cf3233de1'),
('4b82af48-59b2-4ab2-38cd-03b483c2e9bb', False, 0, 72154736, False, 0.2, 0, '1f60e54f-196f-45f3-5498-ae38c5379e4b', '75ee1219-5bc3-412a-d71c-6629ed866da9', '33378eba-4fc8-4506-216d-ebb174b30257'),
('4bd5a83a-14ac-6949-11ad-2c73cbe1da8e', True, 0, 72526696, True, 0.3, 0, '3650c04e-62b1-6908-5598-ae38c5379e4b', '256fabcc-1cdd-319b-492f-9f02d2e2aaff', '611f84a1-429e-1c2d-91ff-d2edd7bbd6fa'),
('4cc351f4-3d1a-68d4-2382-85029f2a50a2', True, 0, 80147231, True, 0.4, 0, '1949dae3-4d44-217e-9c66-a58ab8ff47ca', '5a5e9c81-64f7-48e0-3fcf-d01c94b12388', '2feb5322-5141-4fa1-9a37-9dd9a18b459d'),
('4cf1c5f7-67ea-6eda-1384-9c028a2517db', False, 0, 64020914, True, 0.3, 0, '1242d680-4f02-3bbb-9d66-a58ab8ff47ca', '5a5e9c81-64f7-48e0-3fcf-d01c94b12388', '699ab6db-4553-6a93-206d-ebb174b30257'),
('4d02cda5-2236-11b6-0600-0cf8e460a224', True, 0, 80192510, False, 0.2, 0, '1f60e54f-196f-45f3-5498-ae38c5379e4b', '4ffbf5a8-5c31-39cf-f372-b37060223e2b', '6cf1f8db-32a5-5a4f-b382-1b8b8623dfb6'),
('4d218918-223a-2947-f361-aec1e6494175', False, 0, 68694139, False, 0.2, 0, '234be17d-3820-7daa-5698-ae38c5379e4b', '241f269f-357f-2136-ef72-b37060223e2b', '33378eba-4fc8-4506-216d-ebb174b30257'),
('4d42fe6b-33e3-3b4a-0284-9c028a2517db', False, 0, 87865617, False, 0.3, 0, '1949dae3-4d44-217e-9c66-a58ab8ff47ca', '414f0a74-5734-72f6-1f84-526baf198a6e', '5362287e-553d-2692-9837-9dd9a18b459d'),
('4d6bac8c-39a3-383c-2ecd-03b483c2e9bb', False, 0, 71772808, False, 0.4, 0, '6827e1c0-5b98-6d19-831b-27d9d367aeb0', '224e9854-7db0-3246-1523-282384b72b34', '37f249b9-3399-5b07-7db4-543cf3233de1'),
('4d8d354d-2ce4-74e6-8ab0-22cff29e2663', False, 0, 54675342, True, 0.3, 0, '234be17d-3820-7daa-5698-ae38c5379e4b', '31605693-20ac-2666-43cf-d01c94b12388', '227bb43c-1eaa-5726-b282-1b8b8623dfb6'),
('4db17140-7d14-7b68-75b0-22cff29e2663', True, 0, 71184452, False, 0.2, 0, '4c411322-7cb4-657d-6fe3-2ceaa9cf3765', '3b26d785-2bd9-1f70-2084-526baf198a6e', '74de2e75-78de-7b73-0922-6d00901b693d'),
('4f017b11-65ea-35d5-2bcd-03b483c2e9bb', True, 0, 55188559, True, 0.4, 0, '26895d47-1420-68d0-9e66-a58ab8ff47ca', '6da4dc5b-1d48-4424-e972-b37060223e2b', '112424cc-2810-12c6-7cb4-543cf3233de1'),
('4f744933-7440-43eb-fcac-2c73cbe1da8e', False, 0, 57558280, True, 0.4, 0, '47782bc9-1bf1-7c7b-6ee3-2ceaa9cf3765', '33180633-1cdc-521d-2c6e-a6d4684fc54d', '5362287e-553d-2692-9837-9dd9a18b459d'),
('4fb45029-72b3-701a-30cd-03b483c2e9bb', True, 0, 96869678, False, 0.4, 0, '6e0dc48e-3eac-6143-9b66-a58ab8ff47ca', '2afa2b1b-44e4-3204-2ce4-2051ed4a11e6', '2feb5322-5141-4fa1-9a37-9dd9a18b459d'),
('4fcc3122-1deb-5d23-83b0-22cff29e2663', True, 0, 93800847, False, 0.3, 0, '47782bc9-1bf1-7c7b-6ee3-2ceaa9cf3765', '60ba4ede-62cf-67c6-1b23-282384b72b34', '37f249b9-3399-5b07-7db4-543cf3233de1'),
('501f3a6f-4f72-555d-e0b4-8d4600c9080b', False, 0, 92304970, False, 0.4, 0, '1949dae3-4d44-217e-9c66-a58ab8ff47ca', '76ef6511-2672-4c00-d227-35bf7b8aa411', '5362287e-553d-2692-9837-9dd9a18b459d'),
('502376ad-5061-1e9b-fdff-0bf8e460a224', False, 0, 77606458, False, 0.2, 0, '3564d2c8-2839-5bf7-851b-27d9d367aeb0', '73ab455e-7f6c-2256-ee72-b37060223e2b', '726b7918-3aac-4f65-92ff-d2edd7bbd6fa'),
('5090cd50-6e2b-1bd2-1684-9c028a2517db', True, 0, 85662038, True, 0.4, 0, '1242d680-4f02-3bbb-9d66-a58ab8ff47ca', '75ea3ec8-3acc-7cea-2984-526baf198a6e', '699ab6db-4553-6a93-206d-ebb174b30257'),
('50a27372-48a2-58cc-faff-0bf8e460a224', False, 0, 95934642, False, 0.4, 0, '3650c04e-62b1-6908-5598-ae38c5379e4b', '74e44598-1ffa-44a4-2284-526baf198a6e', '741e2d8f-5b59-3993-9937-9dd9a18b459d'),
('50a57d75-2e42-5739-1fcf-1ab46ebdb0f4', True, 0, 55418542, False, 0.3, 0, '1f60e54f-196f-45f3-5498-ae38c5379e4b', '773e003c-2a9e-432d-3ccf-d01c94b12388', '65044b7e-508b-3730-9b37-9dd9a18b459d'),
('50ba53c4-41bb-3b35-85b0-22cff29e2663', True, 0, 79745816, False, 0.2, 0, '114b715b-430f-74cd-d5c6-21b180c0988f', '729ffabc-3786-38c1-f167-e4dad11e07c3', '223a95f8-69c3-120f-0722-6d00901b693d'),
('50e5c703-4f62-1653-feac-2c73cbe1da8e', True, 0, 78308731, True, 0.3, 0, '23df2104-50d7-1d9c-eadb-93dede770727', '79d1eb3e-1e0d-70c4-2d6e-a6d4684fc54d', '223a95f8-69c3-120f-0722-6d00901b693d'),
('511d3ba7-769a-230a-1f82-85029f2a50a2', False, 0, 97705563, False, 0.2, 0, '23df2104-50d7-1d9c-eadb-93dede770727', '4bebc5a9-6c38-3e92-452f-9f02d2e2aaff', '33378eba-4fc8-4506-216d-ebb174b30257'),
('5164a7f4-7125-7490-42cd-03b483c2e9bb', False, 0, 77445223, True, 0.4, 0, '13a507d0-342d-6292-6de3-2ceaa9cf3765', '4ffbf5a8-5c31-39cf-f372-b37060223e2b', '227bb43c-1eaa-5726-b282-1b8b8623dfb6'),
('53161a02-335e-455d-2482-85029f2a50a2', False, 0, 62169598, False, 0.3, 0, '6827e1c0-5b98-6d19-831b-27d9d367aeb0', '7dfb2f4c-3684-7213-d827-35bf7b8aa411', '74de2e75-78de-7b73-0922-6d00901b693d'),
('53661f56-2336-465b-dfb4-8d4600c9080b', False, 0, 91769348, True, 0.4, 0, '4c411322-7cb4-657d-6fe3-2ceaa9cf3765', '2c5dd0fe-20d6-1f51-1423-282384b72b34', '5d52122d-3d31-6bf6-0822-6d00901b693d'),
('53751fd7-57e7-3189-ebb4-8d4600c9080b', True, 0, 80992067, True, 0.4, 0, '26895d47-1420-68d0-9e66-a58ab8ff47ca', '51af3cc8-6b38-38e0-42cf-d01c94b12388', '2feb5322-5141-4fa1-9a37-9dd9a18b459d'),
('54a6f5eb-215e-6e9e-6a65-a41d0e078d49', False, 0, 99653830, False, 0.2, 0, '4958949d-17c9-454d-841b-27d9d367aeb0', '26aa96d3-5a7d-5bd7-f067-e4dad11e07c3', '37f249b9-3399-5b07-7db4-543cf3233de1'),
('55263939-237d-5540-e4b4-8d4600c9080b', False, 0, 89452269, False, 0.2, 0, '114b715b-430f-74cd-d5c6-21b180c0988f', '5dda7a49-4fa1-50d1-ed67-e4dad11e07c3', '5d52122d-3d31-6bf6-0822-6d00901b693d'),
('555b9f31-124b-3f14-0f84-9c028a2517db', True, 0, 62441658, False, 0.3, 0, '26895d47-1420-68d0-9e66-a58ab8ff47ca', '3321dd02-3ee1-498e-462f-9f02d2e2aaff', '112424cc-2810-12c6-7cb4-543cf3233de1'),
('55913bf0-7c36-57b6-e661-aec1e6494175', True, 0, 97384978, True, 0.4, 0, '3564d2c8-2839-5bf7-851b-27d9d367aeb0', '66494184-6653-5d44-eb72-b37060223e2b', '48c65f94-7434-2fea-3c88-b0b9ae204823'),
('5634a8e6-5fed-4195-e3b4-8d4600c9080b', False, 0, 56199239, True, 0.2, 0, '3564d2c8-2839-5bf7-851b-27d9d367aeb0', '25897895-7235-4939-1723-282384b72b34', '37f249b9-3399-5b07-7db4-543cf3233de1'),
('57e44428-374a-47c5-2182-85029f2a50a2', True, 0, 85082838, True, 0.4, 0, '6e0dc48e-3eac-6143-9b66-a58ab8ff47ca', '55a6b2aa-4add-32ae-30e4-2051ed4a11e6', '48c65f94-7434-2fea-3c88-b0b9ae204823'),
('581be509-5a15-4c41-5d65-a41d0e078d49', False, 0, 52901750, True, 0.4, 0, '4c411322-7cb4-657d-6fe3-2ceaa9cf3765', '2c60e19a-70c5-25a3-2ae4-2051ed4a11e6', '5a3bacb6-51d5-22bb-b182-1b8b8623dfb6'),
('58d76fcf-4954-4d6d-1acf-1ab46ebdb0f4', False, 0, 56390556, True, 0.2, 0, '3650c04e-62b1-6908-5598-ae38c5379e4b', '414d2bd3-7d9d-28fa-ea72-b37060223e2b', '37f249b9-3399-5b07-7db4-543cf3233de1'),
('5969eba6-5adc-611c-ffac-2c73cbe1da8e', False, 0, 87417472, True, 0.4, 0, '4958949d-17c9-454d-841b-27d9d367aeb0', '4d500ec9-5573-3e45-1623-282384b72b34', '2feb5322-5141-4fa1-9a37-9dd9a18b459d'),
('5a52d491-7b4d-2694-36cd-03b483c2e9bb', False, 0, 50135281, False, 0.2, 0, '6827e1c0-5b98-6d19-831b-27d9d367aeb0', '21f015fc-1a97-7f82-442f-9f02d2e2aaff', '611f84a1-429e-1c2d-91ff-d2edd7bbd6fa'),
('5c6b7d7a-39ff-4d01-0aad-2c73cbe1da8e', False, 0, 62240651, True, 0.2, 0, '1949dae3-4d44-217e-9c66-a58ab8ff47ca', '129def19-5eef-7c12-3ecf-d01c94b12388', '43bc1ae0-4075-2d7a-1f6d-ebb174b30257'),
('5d29dc3b-5e72-283a-e961-aec1e6494175', False, 0, 73992752, False, 0.3, 0, '6827e1c0-5b98-6d19-831b-27d9d367aeb0', '640b419f-4bdb-6cb0-2de4-2051ed4a11e6', '726b7918-3aac-4f65-92ff-d2edd7bbd6fa'),
('5d86bd15-17e8-2593-ffff-0bf8e460a224', False, 0, 66774170, True, 0.4, 0, '7fa72f44-2825-2b26-d190-152dfadf6d0d', '37925337-469a-3547-2584-526baf198a6e', '48c65f94-7434-2fea-3c88-b0b9ae204823'),
('5db2ab20-65d2-3b50-0684-9c028a2517db', False, 0, 59527581, True, 0.2, 0, '13a507d0-342d-6292-6de3-2ceaa9cf3765', '7415550d-1c45-177a-2e6e-a6d4684fc54d', '48c65f94-7434-2fea-3c88-b0b9ae204823'),
('5dea8b02-2712-7938-84b0-22cff29e2663', True, 0, 88142502, False, 0.2, 0, '23df2104-50d7-1d9c-eadb-93dede770727', '4a8b1418-4dcb-4b88-472f-9f02d2e2aaff', '223a95f8-69c3-120f-0722-6d00901b693d'),
('5dfbd12d-3ba2-3d66-e9b4-8d4600c9080b', False, 0, 84072820, False, 0.3, 0, '1949dae3-4d44-217e-9c66-a58ab8ff47ca', '4a8b1418-4dcb-4b88-472f-9f02d2e2aaff', '5d52122d-3d31-6bf6-0822-6d00901b693d'),
('5ef13e2d-237b-51eb-0484-9c028a2517db', True, 0, 73935721, False, 0.4, 0, '1949dae3-4d44-217e-9c66-a58ab8ff47ca', '7b4568d6-69ef-74e9-402f-9f02d2e2aaff', '7d5fa9e4-3244-5df0-b482-1b8b8623dfb6'),
('5f36fc2b-4103-4682-77b0-22cff29e2663', True, 0, 54432072, False, 0.3, 0, '6e0dc48e-3eac-6143-9b66-a58ab8ff47ca', '1df48f43-6f26-1ab8-2be4-2051ed4a11e6', '65044b7e-508b-3730-9b37-9dd9a18b459d'),
('5fc66274-7195-550c-5b65-a41d0e078d49', False, 0, 63489519, False, 0.3, 0, '1949dae3-4d44-217e-9c66-a58ab8ff47ca', '346d102f-6ce0-257d-1323-282384b72b34', '43bc1ae0-4075-2d7a-1f6d-ebb174b30257'),
('6042f17b-7736-2735-e461-aec1e6494175', True, 0, 81234280, True, 0.4, 0, '6827e1c0-5b98-6d19-831b-27d9d367aeb0', '51b262fa-19ea-1b45-3f2f-9f02d2e2aaff', '223a95f8-69c3-120f-0722-6d00901b693d'),
('60e531a6-61c9-7a6b-6e65-a41d0e078d49', False, 0, 87446217, True, 0.3, 0, '47782bc9-1bf1-7c7b-6ee3-2ceaa9cf3765', '6c19f6e9-2562-1a07-f072-b37060223e2b', '223a95f8-69c3-120f-0722-6d00901b693d'),
('6131c49b-6428-6995-f8ff-0bf8e460a224', False, 0, 51940739, False, 0.4, 0, '6827e1c0-5b98-6d19-831b-27d9d367aeb0', '1df48f43-6f26-1ab8-2be4-2051ed4a11e6', '6cf1f8db-32a5-5a4f-b382-1b8b8623dfb6'),
('61a35f5b-72c1-65d8-26cf-1ab46ebdb0f4', False, 0, 80489312, True, 0.3, 0, '3564d2c8-2839-5bf7-851b-27d9d367aeb0', '4ead33b3-417f-60c5-32e4-2051ed4a11e6', '70788815-6dd2-67e4-f810-81c42d958f77'),
('621fdc8a-6509-37f8-e561-aec1e6494175', False, 0, 58764724, False, 0.2, 0, '6e0dc48e-3eac-6143-9b66-a58ab8ff47ca', '7b4568d6-69ef-74e9-402f-9f02d2e2aaff', '65044b7e-508b-3730-9b37-9dd9a18b459d'),
('624c702f-7894-4c18-e1b4-8d4600c9080b', False, 0, 73278594, False, 0.3, 0, '6827e1c0-5b98-6d19-831b-27d9d367aeb0', '2e014cdd-43a2-4889-3acf-d01c94b12388', '112424cc-2810-12c6-7cb4-543cf3233de1'),
('629de796-4c32-462a-2ccd-03b483c2e9bb', False, 0, 70870980, True, 0.3, 0, '13a507d0-342d-6292-6de3-2ceaa9cf3765', '51b262fa-19ea-1b45-3f2f-9f02d2e2aaff', '7d5fa9e4-3244-5df0-b482-1b8b8623dfb6'),
('62ec18c2-3b5a-4ee1-eb61-aec1e6494175', True, 0, 99371838, False, 0.3, 0, '7fa72f44-2825-2b26-d190-152dfadf6d0d', '6549a224-5ac5-5629-d41c-6629ed866da9', '5362287e-553d-2692-9837-9dd9a18b459d'),
('6382c45d-2640-74de-1882-85029f2a50a2', False, 0, 95389784, True, 0.3, 0, '47782bc9-1bf1-7c7b-6ee3-2ceaa9cf3765', '58c3db93-6c4d-14ce-422f-9f02d2e2aaff', '6cf1f8db-32a5-5a4f-b382-1b8b8623dfb6'),
('63954635-3456-2004-feff-0bf8e460a224', False, 0, 84884903, False, 0.3, 0, '6827e1c0-5b98-6d19-831b-27d9d367aeb0', '7be75e56-475e-566f-d627-35bf7b8aa411', '726b7918-3aac-4f65-92ff-d2edd7bbd6fa'),
('63ab86d1-5643-4d4b-74b0-22cff29e2663', True, 0, 61853146, False, 0.4, 0, '26895d47-1420-68d0-9e66-a58ab8ff47ca', '5d62cb7f-25ee-34a1-d127-35bf7b8aa411', '7d5fa9e4-3244-5df0-b482-1b8b8623dfb6'),
('63f1e101-5c59-24e0-17cf-1ab46ebdb0f4', False, 0, 54929900, False, 0.2, 0, '23df2104-50d7-1d9c-eadb-93dede770727', '45c4104f-6fd8-3ef8-36cf-d01c94b12388', '6cf1f8db-32a5-5a4f-b382-1b8b8623dfb6'),
('63fc5d89-2805-6b2b-79b0-22cff29e2663', True, 0, 58999112, True, 0.3, 0, '3564d2c8-2839-5bf7-851b-27d9d367aeb0', '5c33c223-38ae-306a-eb67-e4dad11e07c3', '65044b7e-508b-3730-9b37-9dd9a18b459d'),
('64074781-3ef2-4b6c-19cf-1ab46ebdb0f4', False, 0, 83532433, True, 0.3, 0, '23df2104-50d7-1d9c-eadb-93dede770727', '3b26d785-2bd9-1f70-2084-526baf198a6e', '112424cc-2810-12c6-7cb4-543cf3233de1'),
('6471489f-3b76-71ce-87b0-22cff29e2663', True, 0, 66862977, True, 0.3, 0, '26895d47-1420-68d0-9e66-a58ab8ff47ca', '22eeedaa-4a1c-60ad-da1c-6629ed866da9', '74de2e75-78de-7b73-0922-6d00901b693d'),
('648e6d55-1ccb-42d1-1484-9c028a2517db', True, 0, 96349954, True, 0.3, 0, '1f60e54f-196f-45f3-5498-ae38c5379e4b', '56851062-20a1-1322-40cf-d01c94b12388', '112424cc-2810-12c6-7cb4-543cf3233de1'),
('65c26d32-15be-1899-f761-aec1e6494175', False, 0, 84331996, True, 0.4, 0, '4958949d-17c9-454d-841b-27d9d367aeb0', '1f3594d4-7131-2f44-2784-526baf198a6e', '74de2e75-78de-7b73-0922-6d00901b693d'),
('66abad76-189a-4e3c-78b0-22cff29e2663', False, 0, 60648456, True, 0.3, 0, '1949dae3-4d44-217e-9c66-a58ab8ff47ca', '66494184-6653-5d44-eb72-b37060223e2b', '37f249b9-3399-5b07-7db4-543cf3233de1'),
('673ad695-1b82-303e-2782-85029f2a50a2', False, 0, 71758892, True, 0.3, 0, '26895d47-1420-68d0-9e66-a58ab8ff47ca', '4179d155-4764-3761-d927-35bf7b8aa411', '48c65f94-7434-2fea-3c88-b0b9ae204823'),
('673f06b0-7625-2978-0b84-9c028a2517db', True, 0, 67903944, False, 0.2, 0, '23df2104-50d7-1d9c-eadb-93dede770727', '731242ae-132a-35a5-2ee4-2051ed4a11e6', '74de2e75-78de-7b73-0922-6d00901b693d'),
('6771d370-25b7-6eed-1082-85029f2a50a2', True, 0, 52172651, False, 0.4, 0, '1f60e54f-196f-45f3-5498-ae38c5379e4b', '508acc03-6815-1f30-d11c-6629ed866da9', '5d52122d-3d31-6bf6-0822-6d00901b693d'),
('679e70f8-2fad-3984-37cd-03b483c2e9bb', True, 0, 94506249, True, 0.2, 0, '1f60e54f-196f-45f3-5498-ae38c5379e4b', '5296bd2f-5735-756c-2fe4-2051ed4a11e6', '112424cc-2810-12c6-7cb4-543cf3233de1'),
('67e0b122-7e22-12a5-6b65-a41d0e078d49', False, 0, 50285995, False, 0.4, 0, '4c411322-7cb4-657d-6fe3-2ceaa9cf3765', '47ff9eed-71e7-2d66-346e-a6d4684fc54d', '5d52122d-3d31-6bf6-0822-6d00901b693d'),
('689e66bb-3509-645b-e8b4-8d4600c9080b', True, 0, 74321228, False, 0.4, 0, '6e0dc48e-3eac-6143-9b66-a58ab8ff47ca', '62f7bd60-1327-5c0a-1c23-282384b72b34', '43bc1ae0-4075-2d7a-1f6d-ebb174b30257'),
('692cfebf-1b0c-48d7-27cf-1ab46ebdb0f4', False, 0, 54106254, True, 0.2, 0, '6827e1c0-5b98-6d19-831b-27d9d367aeb0', '729ffabc-3786-38c1-f167-e4dad11e07c3', '611f84a1-429e-1c2d-91ff-d2edd7bbd6fa'),
('69fde445-6ac7-4be5-2582-85029f2a50a2', False, 0, 69071401, False, 0.2, 0, '4958949d-17c9-454d-841b-27d9d367aeb0', '197990d8-20d7-5709-2884-526baf198a6e', '74de2e75-78de-7b73-0922-6d00901b693d'),
('6a81f200-17fc-1888-32cd-03b483c2e9bb', False, 0, 75794781, True, 0.3, 0, '1949dae3-4d44-217e-9c66-a58ab8ff47ca', '233df00d-7409-7591-ed72-b37060223e2b', '43bc1ae0-4075-2d7a-1f6d-ebb174b30257'),
('6a85ea82-4b17-5526-3fcd-03b483c2e9bb', False, 0, 91240332, False, 0.4, 0, '1f60e54f-196f-45f3-5498-ae38c5379e4b', '51af3cc8-6b38-38e0-42cf-d01c94b12388', '227bb43c-1eaa-5726-b282-1b8b8623dfb6'),
('6b3209fa-73bd-57d7-ea61-aec1e6494175', True, 0, 78409919, False, 0.2, 0, '1949dae3-4d44-217e-9c66-a58ab8ff47ca', '4a401cbe-3a2a-3847-432f-9f02d2e2aaff', '699ab6db-4553-6a93-206d-ebb174b30257'),
('6b49b9ad-2a0e-7a4f-81b0-22cff29e2663', True, 0, 78114244, True, 0.4, 0, '1242d680-4f02-3bbb-9d66-a58ab8ff47ca', '65629078-1b85-4eb7-ef67-e4dad11e07c3', '2feb5322-5141-4fa1-9a37-9dd9a18b459d'),
('6b5ad248-185a-744b-dcb4-8d4600c9080b', True, 0, 60843023, False, 0.4, 0, '6e0dc48e-3eac-6143-9b66-a58ab8ff47ca', '6c5aa458-7628-5903-38cf-d01c94b12388', '74de2e75-78de-7b73-0922-6d00901b693d'),
('6b5c7891-4037-76e4-03ad-2c73cbe1da8e', False, 0, 77066279, False, 0.4, 0, '1f60e54f-196f-45f3-5498-ae38c5379e4b', '6549a224-5ac5-5629-d41c-6629ed866da9', '48c65f94-7434-2fea-3c88-b0b9ae204823'),
('6be436fc-4731-5d13-0184-9c028a2517db', False, 0, 75586811, True, 0.3, 0, '1949dae3-4d44-217e-9c66-a58ab8ff47ca', '2893452c-67d6-3492-1d84-526baf198a6e', '223a95f8-69c3-120f-0722-6d00901b693d'),
('6c0be2d0-5c79-189e-6265-a41d0e078d49', False, 0, 96120040, False, 0.4, 0, '47782bc9-1bf1-7c7b-6ee3-2ceaa9cf3765', '288644db-51b6-2a43-d31c-6629ed866da9', '70788815-6dd2-67e4-f810-81c42d958f77'),
('6c3c9216-4419-37e4-0dad-2c73cbe1da8e', True, 0, 96187824, True, 0.3, 0, '1949dae3-4d44-217e-9c66-a58ab8ff47ca', '2fdc8cdc-56a4-1ac1-356e-a6d4684fc54d', '37f249b9-3399-5b07-7db4-543cf3233de1'),
('6c840115-2ac7-186f-12ad-2c73cbe1da8e', False, 0, 91350985, True, 0.3, 0, '13a507d0-342d-6292-6de3-2ceaa9cf3765', '1f6d841a-5eff-2814-366e-a6d4684fc54d', '611f84a1-429e-1c2d-91ff-d2edd7bbd6fa'),
('6cb25a5f-3341-5f1d-d9b4-8d4600c9080b', False, 0, 67051185, True, 0.2, 0, '1242d680-4f02-3bbb-9d66-a58ab8ff47ca', '1b653393-63bc-5c4b-cf27-35bf7b8aa411', '7d5fa9e4-3244-5df0-b482-1b8b8623dfb6'),
('6d71d579-54d9-642c-fa61-aec1e6494175', True, 0, 76980661, True, 0.2, 0, '47782bc9-1bf1-7c7b-6ee3-2ceaa9cf3765', '4faef86d-61a1-193b-da27-35bf7b8aa411', '5362287e-553d-2692-9837-9dd9a18b459d'),
('6e75c79c-5e46-3802-e761-aec1e6494175', True, 0, 79812642, True, 0.3, 0, '47782bc9-1bf1-7c7b-6ee3-2ceaa9cf3765', '12da34f4-2618-445f-ec72-b37060223e2b', '43bc1ae0-4075-2d7a-1f6d-ebb174b30257'),
('6ef2c105-1640-66b0-28cd-03b483c2e9bb', False, 0, 68800771, False, 0.4, 0, '1242d680-4f02-3bbb-9d66-a58ab8ff47ca', '508acc03-6815-1f30-d11c-6629ed866da9', '5d52122d-3d31-6bf6-0822-6d00901b693d'),
('6f6115e6-1e1d-73c5-fbac-2c73cbe1da8e', False, 0, 74390316, False, 0.2, 0, '13a507d0-342d-6292-6de3-2ceaa9cf3765', '6da4dc5b-1d48-4424-e972-b37060223e2b', '5362287e-553d-2692-9837-9dd9a18b459d'),
('70335473-358b-6b45-f061-aec1e6494175', False, 0, 59968199, True, 0.2, 0, '1949dae3-4d44-217e-9c66-a58ab8ff47ca', '5296bd2f-5735-756c-2fe4-2051ed4a11e6', '7d5fa9e4-3244-5df0-b482-1b8b8623dfb6'),
('70364668-742a-3c84-7165-a41d0e078d49', True, 0, 68422732, False, 0.2, 0, '4958949d-17c9-454d-841b-27d9d367aeb0', '4680841e-14cf-181d-f272-b37060223e2b', '48c65f94-7434-2fea-3c88-b0b9ae204823'),
('704bbe0f-1a36-42a8-edb4-8d4600c9080b', False, 0, 50702315, False, 0.3, 0, '1242d680-4f02-3bbb-9d66-a58ab8ff47ca', '4faef86d-61a1-193b-da27-35bf7b8aa411', '65044b7e-508b-3730-9b37-9dd9a18b459d'),
('7053ee6c-11c6-39a4-f2ff-0bf8e460a224', False, 0, 68264815, False, 0.2, 0, '26895d47-1420-68d0-9e66-a58ab8ff47ca', '7f42a452-64ec-7cd4-29e4-2051ed4a11e6', '741e2d8f-5b59-3993-9937-9dd9a18b459d'),
('70551b5b-2b61-6000-0584-9c028a2517db', True, 0, 68424006, True, 0.2, 0, '234be17d-3820-7daa-5698-ae38c5379e4b', '7ca6a182-45ab-13c6-2184-526baf198a6e', '33378eba-4fc8-4506-216d-ebb174b30257'),
('706feebb-2867-6464-29cf-1ab46ebdb0f4', False, 0, 83558235, True, 0.4, 0, '234be17d-3820-7daa-5698-ae38c5379e4b', '22eeedaa-4a1c-60ad-da1c-6629ed866da9', '74de2e75-78de-7b73-0922-6d00901b693d'),
('70b3c485-5097-688e-f461-aec1e6494175', True, 0, 95915336, False, 0.4, 0, '3564d2c8-2839-5bf7-851b-27d9d367aeb0', '1b6072d5-4cb5-3bec-d81c-6629ed866da9', '5d52122d-3d31-6bf6-0822-6d00901b693d'),
('710ca64d-368f-4bca-1184-9c028a2517db', False, 0, 90548885, True, 0.4, 0, '26895d47-1420-68d0-9e66-a58ab8ff47ca', '2fdc8cdc-56a4-1ac1-356e-a6d4684fc54d', '112424cc-2810-12c6-7cb4-543cf3233de1'),
('71131a4e-7b4d-6f23-07ad-2c73cbe1da8e', False, 0, 87489689, False, 0.3, 0, '13a507d0-342d-6292-6de3-2ceaa9cf3765', '599540fb-6a6d-5529-d61c-6629ed866da9', '74de2e75-78de-7b73-0922-6d00901b693d'),
('71712a93-153d-45f8-2682-85029f2a50a2', False, 0, 59407654, False, 0.3, 0, '114b715b-430f-74cd-d5c6-21b180c0988f', '75ea3ec8-3acc-7cea-2984-526baf198a6e', '611f84a1-429e-1c2d-91ff-d2edd7bbd6fa'),
('720c609a-2ce3-59cf-3dcd-03b483c2e9bb', False, 0, 87328189, True, 0.4, 0, '3650c04e-62b1-6908-5598-ae38c5379e4b', '56851062-20a1-1322-40cf-d01c94b12388', '726b7918-3aac-4f65-92ff-d2edd7bbd6fa'),
('73af0c59-59d8-6d57-1084-9c028a2517db', False, 0, 54167146, True, 0.4, 0, '114b715b-430f-74cd-d5c6-21b180c0988f', '1b6072d5-4cb5-3bec-d81c-6629ed866da9', '33378eba-4fc8-4506-216d-ebb174b30257'),
('73dca90b-1936-2738-2982-85029f2a50a2', False, 0, 62045255, False, 0.4, 0, '4958949d-17c9-454d-841b-27d9d367aeb0', '5bfe67d3-34a6-365c-376e-a6d4684fc54d', '5d52122d-3d31-6bf6-0822-6d00901b693d'),
('746370f7-7743-3a37-0384-9c028a2517db', False, 0, 96575443, False, 0.2, 0, '114b715b-430f-74cd-d5c6-21b180c0988f', '7c4a6414-37e1-13e8-2b6e-a6d4684fc54d', '37f249b9-3399-5b07-7db4-543cf3233de1'),
('74c30751-7c30-781c-1dcf-1ab46ebdb0f4', True, 0, 51125571, True, 0.4, 0, '7fa72f44-2825-2b26-d190-152dfadf6d0d', '5249ecec-3695-5493-2384-526baf198a6e', '2feb5322-5141-4fa1-9a37-9dd9a18b459d'),
('74df3144-1f4b-4ef6-6d65-a41d0e078d49', False, 0, 78083751, False, 0.3, 0, '26895d47-1420-68d0-9e66-a58ab8ff47ca', '5a34c2b8-1396-1268-1d23-282384b72b34', '7d5fa9e4-3244-5df0-b482-1b8b8623dfb6'),
('75eca148-58dd-25d8-1982-85029f2a50a2', False, 0, 76534120, False, 0.4, 0, '4c411322-7cb4-657d-6fe3-2ceaa9cf3765', '2967eac0-7102-2e0e-3bcf-d01c94b12388', '5d52122d-3d31-6bf6-0822-6d00901b693d'),
('7647f619-3cb6-1821-e261-aec1e6494175', False, 0, 95274580, False, 0.3, 0, '1949dae3-4d44-217e-9c66-a58ab8ff47ca', '6c5aa458-7628-5903-38cf-d01c94b12388', '5362287e-553d-2692-9837-9dd9a18b459d'),
('76a7cc0d-1841-784f-0cad-2c73cbe1da8e', False, 0, 88291927, True, 0.3, 0, '6827e1c0-5b98-6d19-831b-27d9d367aeb0', '62f7bd60-1327-5c0a-1c23-282384b72b34', '112424cc-2810-12c6-7cb4-543cf3233de1'),
('7701fc31-481c-4d73-6565-a41d0e078d49', False, 0, 90957028, True, 0.3, 0, '7fa72f44-2825-2b26-d190-152dfadf6d0d', '5249ecec-3695-5493-2384-526baf198a6e', '112424cc-2810-12c6-7cb4-543cf3233de1'),
('77433aad-6cf3-2a41-1782-85029f2a50a2', False, 0, 50958972, True, 0.2, 0, '4c411322-7cb4-657d-6fe3-2ceaa9cf3765', '5c33c223-38ae-306a-eb67-e4dad11e07c3', '2feb5322-5141-4fa1-9a37-9dd9a18b459d'),
('77661faa-6614-6e0c-2882-85029f2a50a2', False, 0, 92773253, True, 0.2, 0, '23df2104-50d7-1d9c-eadb-93dede770727', '4680841e-14cf-181d-f272-b37060223e2b', '74de2e75-78de-7b73-0922-6d00901b693d'),
('781f7653-516e-3e97-0300-0cf8e460a224', True, 0, 78926485, True, 0.3, 0, '23df2104-50d7-1d9c-eadb-93dede770727', '4900728f-337d-58f1-f172-b37060223e2b', '2feb5322-5141-4fa1-9a37-9dd9a18b459d'),
('7834cf07-26c9-71ba-3bcd-03b483c2e9bb', False, 0, 93079283, False, 0.3, 0, '1949dae3-4d44-217e-9c66-a58ab8ff47ca', '5cb92e61-25ea-145c-33e4-2051ed4a11e6', '223a95f8-69c3-120f-0722-6d00901b693d'),
('7837112b-4fc8-4ce4-89b0-22cff29e2663', False, 0, 76129687, True, 0.3, 0, '3650c04e-62b1-6908-5598-ae38c5379e4b', '4c0034b1-35c3-43df-4a2f-9f02d2e2aaff', '33378eba-4fc8-4506-216d-ebb174b30257'),
('79488704-7da0-5e01-e5b4-8d4600c9080b', False, 0, 86639252, True, 0.2, 0, '26895d47-1420-68d0-9e66-a58ab8ff47ca', '6f4e6675-79b9-24a0-d51c-6629ed866da9', '74de2e75-78de-7b73-0922-6d00901b693d'),
('797f47c0-5b5b-2ec8-2acf-1ab46ebdb0f4', False, 0, 94342423, False, 0.4, 0, '13a507d0-342d-6292-6de3-2ceaa9cf3765', '4900728f-337d-58f1-f172-b37060223e2b', '112424cc-2810-12c6-7cb4-543cf3233de1'),
('79b895dd-2873-30d4-0884-9c028a2517db', False, 0, 88590390, True, 0.2, 0, '26895d47-1420-68d0-9e66-a58ab8ff47ca', '38913aa0-1418-11de-306e-a6d4684fc54d', '43bc1ae0-4075-2d7a-1f6d-ebb174b30257'),
('7acac713-2723-7772-33cd-03b483c2e9bb', False, 0, 59455490, False, 0.2, 0, '114b715b-430f-74cd-d5c6-21b180c0988f', '4a401cbe-3a2a-3847-432f-9f02d2e2aaff', '65044b7e-508b-3730-9b37-9dd9a18b459d'),
('7ae6c34d-338c-6fd4-5f65-a41d0e078d49', False, 0, 51316107, True, 0.3, 0, '6e0dc48e-3eac-6143-9b66-a58ab8ff47ca', '7ca6a182-45ab-13c6-2184-526baf198a6e', '223a95f8-69c3-120f-0722-6d00901b693d'),
('7aec879a-487a-2d5a-6165-a41d0e078d49', False, 0, 51246128, False, 0.4, 0, '1949dae3-4d44-217e-9c66-a58ab8ff47ca', '2afa2b1b-44e4-3204-2ce4-2051ed4a11e6', '5d52122d-3d31-6bf6-0822-6d00901b693d'),
('7afa2d44-4c74-60d5-09ad-2c73cbe1da8e', False, 0, 75049916, False, 0.2, 0, '6827e1c0-5b98-6d19-831b-27d9d367aeb0', '65629078-1b85-4eb7-ef67-e4dad11e07c3', '699ab6db-4553-6a93-206d-ebb174b30257'),
('7afa4ee1-3bb6-6000-1282-85029f2a50a2', False, 0, 61931325, False, 0.2, 0, '7fa72f44-2825-2b26-d190-152dfadf6d0d', '19368d9c-5dfa-6983-ea67-e4dad11e07c3', '5d52122d-3d31-6bf6-0822-6d00901b693d'),
('7b46f2b7-5490-60df-0d84-9c028a2517db', False, 0, 74227863, False, 0.4, 0, '234be17d-3820-7daa-5698-ae38c5379e4b', '60ba4ede-62cf-67c6-1b23-282384b72b34', '37f249b9-3399-5b07-7db4-543cf3233de1'),
('7b4d0ded-408f-7bdf-6465-a41d0e078d49', False, 0, 64133379, True, 0.4, 0, '1242d680-4f02-3bbb-9d66-a58ab8ff47ca', '12da34f4-2618-445f-ec72-b37060223e2b', '70788815-6dd2-67e4-f810-81c42d958f77'),
('7b65a1d7-52df-5fb9-16cf-1ab46ebdb0f4', False, 0, 55582596, False, 0.4, 0, '3564d2c8-2839-5bf7-851b-27d9d367aeb0', '3b454fb3-69c8-5e45-3e2f-9f02d2e2aaff', '6cf1f8db-32a5-5a4f-b382-1b8b8623dfb6'),
('7be83c57-1be1-1abd-1d82-85029f2a50a2', False, 0, 95175412, False, 0.2, 0, '234be17d-3820-7daa-5698-ae38c5379e4b', '731242ae-132a-35a5-2ee4-2051ed4a11e6', '74de2e75-78de-7b73-0922-6d00901b693d'),
('7dcb297f-2e23-6b81-e361-aec1e6494175', False, 0, 88317280, False, 0.3, 0, '26895d47-1420-68d0-9e66-a58ab8ff47ca', '5d62cb7f-25ee-34a1-d127-35bf7b8aa411', '726b7918-3aac-4f65-92ff-d2edd7bbd6fa'),
('7e221dde-63e3-260d-1482-85029f2a50a2', False, 0, 52433019, False, 0.3, 0, '1949dae3-4d44-217e-9c66-a58ab8ff47ca', '79d1eb3e-1e0d-70c4-2d6e-a6d4684fc54d', '70788815-6dd2-67e4-f810-81c42d958f77'),
('7e5a254b-535b-3c8f-23cf-1ab46ebdb0f4', False, 0, 52574392, True, 0.3, 0, '7fa72f44-2825-2b26-d190-152dfadf6d0d', '55a6b2aa-4add-32ae-30e4-2051ed4a11e6', '741e2d8f-5b59-3993-9937-9dd9a18b459d'),
('7ecc0a41-3ce2-5112-f861-aec1e6494175', False, 0, 59806530, True, 0.3, 0, '23df2104-50d7-1d9c-eadb-93dede770727', '256fabcc-1cdd-319b-492f-9f02d2e2aaff', '37f249b9-3399-5b07-7db4-543cf3233de1'),
('7efd1afb-3899-753f-86b0-22cff29e2663', False, 0, 60652022, False, 0.4, 0, '4958949d-17c9-454d-841b-27d9d367aeb0', '3d54556c-1223-4d3c-d727-35bf7b8aa411', '48c65f94-7434-2fea-3c88-b0b9ae204823'),
('7f2cf396-2c1f-3b70-24cf-1ab46ebdb0f4', False, 0, 95769264, False, 0.3, 0, '234be17d-3820-7daa-5698-ae38c5379e4b', '3321dd02-3ee1-498e-462f-9f02d2e2aaff', '223a95f8-69c3-120f-0722-6d00901b693d'),
('7f3b0f95-42a6-4acb-25cf-1ab46ebdb0f4', False, 0, 85808165, False, 0.2, 0, '23df2104-50d7-1d9c-eadb-93dede770727', '190441e1-78e9-6bcb-31e4-2051ed4a11e6', '43bc1ae0-4075-2d7a-1f6d-ebb174b30257'),
('7f3fb954-422a-50ac-7eb0-22cff29e2663', False, 0, 76052409, True, 0.2, 0, '6e0dc48e-3eac-6143-9b66-a58ab8ff47ca', '773e003c-2a9e-432d-3ccf-d01c94b12388', '65044b7e-508b-3730-9b37-9dd9a18b459d');

-- 
-- Dumping data for table cauthu
--
INSERT INTO cauthu VALUES
('114ebdc0-36a8-1d80-fc69-4afe230d73a5', 'CT186', 'Doku', '1998-12-26', 'Perisic@outlook.com', '188', '88', 'phải', 6, '65f88212-5922-6619-4ea4-e0d1ddfbcf7c', '234be17d-3820-7daa-5698-ae38c5379e4b'),
('118a85e8-3220-6043-401e-21c6d80fbd76', 'CT996', 'Okerke', '1986-06-13', 'Perrin@outlook.com', '189', '82', 'trái', 7, '1a79e25d-15ed-25af-66ef-5e83c2936996', '3564d2c8-2839-5bf7-851b-27d9d367aeb0'),
('1199652f-58c2-37d3-5a71-153b37881afe', 'CT286', 'Morey', '1992-05-09', 'Somalia@outlook.com', '180', '78', 'phải', 22, '65f88212-5922-6619-4ea4-e0d1ddfbcf7c', '114b715b-430f-74cd-d5c6-21b180c0988f'),
('11ce5d2d-260e-11cb-4595-2c566fa88632', 'CT043', 'Stankovic', '1981-03-19', 'Gueye@yahoo.com', '174', '83', 'trái', 6, '5aca2a5b-3d14-4908-d4a8-8ebdaf5d2b61', '6827e1c0-5b98-6d19-831b-27d9d367aeb0'),
('11db07ea-3a3f-169b-3c80-3a2297d01534', 'CT101', 'Franki de Jong', '1980-02-23', 'Zabamyi@gmail.com', '181', '78', 'trái', 4, '1a79e25d-15ed-25af-66ef-5e83c2936996', '13a507d0-342d-6292-6de3-2ceaa9cf3765'),
('1205d8a3-1b9b-13e2-311e-21c6d80fbd76', 'CT994', 'Javi Martinez', '1992-09-22', 'Herrmann@yahoo.com', '196', '64', 'phải', 1, '1a79e25d-15ed-25af-66ef-5e83c2936996', '47782bc9-1bf1-7c7b-6ee3-2ceaa9cf3765'),
('122a77f9-5685-12de-4080-3a2297d01534', 'CT910', 'Muller', '1980-01-02', 'Bushchan@yahoo.com', '164', '68', 'phải', 20, '5aca2a5b-3d14-4908-d4a8-8ebdaf5d2b61', '6e0dc48e-3eac-6143-9b66-a58ab8ff47ca'),
('123f328a-5394-6552-6071-153b37881afe', 'CT084', 'Kutovoi', '1984-05-12', 'Santos@outlook.com', '191', '63', 'trái', 9, '1a79e25d-15ed-25af-66ef-5e83c2936996', '3564d2c8-2839-5bf7-851b-27d9d367aeb0'),
('128c9c31-1636-6547-e269-4afe230d73a5', 'CT477', 'Tigges', '1985-04-26', 'Neto@gmail.com', '187', '88', 'trái', 4, '5aca2a5b-3d14-4908-d4a8-8ebdaf5d2b61', '6e0dc48e-3eac-6143-9b66-a58ab8ff47ca'),
('12ba6b8e-17e4-3d68-4a1e-21c6d80fbd76', 'CT598', 'Moretti', '1996-04-09', 'Kamara@gmail.com', '157', '89', 'trái', 29, '1a79e25d-15ed-25af-66ef-5e83c2936996', '4c411322-7cb4-657d-6fe3-2ceaa9cf3765'),
('13009ae2-3273-11e8-fb69-4afe230d73a5', 'CT233', 'Sutormin', '1984-04-25', 'Thorsen@outlook.com', '155', '65', 'trái', 20, '5aca2a5b-3d14-4908-d4a8-8ebdaf5d2b61', '114b715b-430f-74cd-d5c6-21b180c0988f'),
('13145f26-13f8-7f78-3e80-3a2297d01534', 'CT495', 'Lindelof', '1980-02-08', 'Chadli@yahoo.com', '176', '69', 'phải', 22, '1a79e25d-15ed-25af-66ef-5e83c2936996', '13a507d0-342d-6292-6de3-2ceaa9cf3765'),
('131cd73b-3657-43f5-201e-21c6d80fbd76', 'CT976', 'Van den Keybus', '1992-01-30', 'Gilmour@gmail.com', '150', '61', 'trái', 25, '353675f2-73c0-55a3-bc5d-100ccbc59147', '1f60e54f-196f-45f3-5498-ae38c5379e4b'),
('1385958b-3e5b-5032-5d71-153b37881afe', 'CT807', 'Radu', '1999-05-19', 'Sergi Roberto@yahoo.com', '155', '80', 'trái', 8, '5aca2a5b-3d14-4908-d4a8-8ebdaf5d2b61', '234be17d-3820-7daa-5698-ae38c5379e4b'),
('13d12452-40ad-356f-5869-9f77bda75690', 'CT378', 'Deli', '1980-10-21', 'Soudani@outlook.com', '155', '88', 'phải', 6, '1a79e25d-15ed-25af-66ef-5e83c2936996', '3564d2c8-2839-5bf7-851b-27d9d367aeb0'),
('14395b0f-634c-62bc-434a-aea48a10ed18', 'CT308', 'Okugawa', '1991-09-07', 'Ziger@yahoo.com', '170', '62', 'phải', 14, '5aca2a5b-3d14-4908-d4a8-8ebdaf5d2b61', '26895d47-1420-68d0-9e66-a58ab8ff47ca'),
('1460fc50-21cf-2b05-24b5-c8af08a50cbf', 'CT846', 'Eriksen', '1989-01-12', 'Giroud@outlook.com', '152', '79', 'trái', 29, '353675f2-73c0-55a3-bc5d-100ccbc59147', '23df2104-50d7-1d9c-eadb-93dede770727'),
('14d5284d-5855-4151-5626-978952f080e4', 'CT431', 'Pastor', '1999-06-05', 'Depaoli@gmail.com', '165', '67', 'phải', 23, '353675f2-73c0-55a3-bc5d-100ccbc59147', '23df2104-50d7-1d9c-eadb-93dede770727'),
('15277503-2ce8-5417-4a80-3a2297d01534', 'CT884', 'Pyatov', '1993-11-30', 'Vrsaljko@yahoo.com', '159', '87', 'trái', 7, '353675f2-73c0-55a3-bc5d-100ccbc59147', '4958949d-17c9-454d-841b-27d9d367aeb0'),
('152d9cd3-28d6-5fe5-6495-2c566fa88632', 'CT783', 'Sommer', '1999-07-19', 'Badji@gmail.com', '176', '89', 'phải', 27, '1a79e25d-15ed-25af-66ef-5e83c2936996', '4c411322-7cb4-657d-6fe3-2ceaa9cf3765'),
('153ab8dd-24df-3392-e569-4afe230d73a5', 'CT663', 'Barella', '1980-12-29', 'Vallci@yahoo.com', '167', '70', 'phải', 26, '1a79e25d-15ed-25af-66ef-5e83c2936996', '6e0dc48e-3eac-6143-9b66-a58ab8ff47ca'),
('1540f206-42cf-6f42-4769-9f77bda75690', 'CT616', 'De Ketelaere', '1997-09-27', 'Rafinha@yahoo.com', '185', '71', 'trái', 16, '353675f2-73c0-55a3-bc5d-100ccbc59147', '1949dae3-4d44-217e-9c66-a58ab8ff47ca'),
('15759af0-326b-7ba8-261e-21c6d80fbd76', 'CT421', 'Demiral ', '1980-01-06', 'Pepe@gmail.com', '186', '74', 'phải', 13, '65f88212-5922-6619-4ea4-e0d1ddfbcf7c', '3650c04e-62b1-6908-5598-ae38c5379e4b'),
('15b74345-3676-3005-feb4-c8af08a50cbf', 'CT107', 'Ramsey', '1982-09-19', 'Jantschke@outlook.com', '185', '86', 'trái', 0, '65f88212-5922-6619-4ea4-e0d1ddfbcf7c', '3650c04e-62b1-6908-5598-ae38c5379e4b'),
('15b7df7d-3952-2373-f969-4afe230d73a5', 'CT393', 'Hugo Duro', '1980-03-04', 'Herrmann@outlook.com', '165', '77', 'trái', 5, '65f88212-5922-6619-4ea4-e0d1ddfbcf7c', '114b715b-430f-74cd-d5c6-21b180c0988f'),
('16025878-7f1c-4e34-0e6a-4afe230d73a5', 'CT757', 'Casemiro', '1984-09-21', 'Gomis@gmail.com', '155', '75', 'phải', 23, '65f88212-5922-6619-4ea4-e0d1ddfbcf7c', '4c411322-7cb4-657d-6fe3-2ceaa9cf3765'),
('161f4dea-772b-64f8-5b80-3a2297d01534', 'CT050', 'Verratti', '1980-01-02', 'Ronaldo@outlook.com', '168', '83', 'phải', 17, '5aca2a5b-3d14-4908-d4a8-8ebdaf5d2b61', '7fa72f44-2825-2b26-d190-152dfadf6d0d'),
('16837a0b-4c4c-6b63-f769-4afe230d73a5', 'CT838', 'Tschauner', '1990-04-26', 'Musiala@gmail.com', '165', '83', 'trái', 20, '5aca2a5b-3d14-4908-d4a8-8ebdaf5d2b61', '1242d680-4f02-3bbb-9d66-a58ab8ff47ca'),
('1683b9c3-7632-486f-7fcb-b8d37b68af4d', 'CT896', 'Wendel', '1986-03-09', 'Martinez@gmail.com', '196', '79', 'phải', 25, '5aca2a5b-3d14-4908-d4a8-8ebdaf5d2b61', '4c411322-7cb4-657d-6fe3-2ceaa9cf3765'),
('16901daa-2657-688d-274a-aea48a10ed18', 'CT535', 'Popov', '1989-09-10', 'Zabamyi@yahoo.com', '166', '87', 'trái', 3, '5aca2a5b-3d14-4908-d4a8-8ebdaf5d2b61', '6e0dc48e-3eac-6143-9b66-a58ab8ff47ca'),
('16d53221-7af9-67a4-60cb-b8d37b68af4d', 'CT023', 'Rashford', '1981-12-19', 'NGolo Kante@gmail.com', '153', '60', 'trái', 17, '5aca2a5b-3d14-4908-d4a8-8ebdaf5d2b61', '1949dae3-4d44-217e-9c66-a58ab8ff47ca'),
('16fc94ab-327e-4d3a-3995-2c566fa88632', 'CT745', 'Vezzoni', '1982-06-06', 'Nyamsi@gmail.com', '174', '84', 'phải', 26, '1a79e25d-15ed-25af-66ef-5e83c2936996', '1f60e54f-196f-45f3-5498-ae38c5379e4b'),
('17094ad4-2727-3253-06b5-c8af08a50cbf', 'CT809', 'Marcos Alonso', '1980-01-14', 'Muller@outlook.com', '176', '81', 'phải', 26, '1a79e25d-15ed-25af-66ef-5e83c2936996', '6827e1c0-5b98-6d19-831b-27d9d367aeb0'),
('174b8763-2707-7cb1-3c71-153b37881afe', 'CT115', 'Ruben Vinagre', '1998-09-29', 'Bernardo Silva@outlook.com', '189', '86', 'trái', 6, '1a79e25d-15ed-25af-66ef-5e83c2936996', '1f60e54f-196f-45f3-5498-ae38c5379e4b'),
('17550e17-585d-701d-fdb4-c8af08a50cbf', 'CT971', 'Zabamyi', '1980-04-09', 'Sinitsin@outlook.com', '166', '89', 'trái', 19, '1a79e25d-15ed-25af-66ef-5e83c2936996', '6e0dc48e-3eac-6143-9b66-a58ab8ff47ca'),
('176a9101-657e-3593-231e-21c6d80fbd76', 'CT242', 'Santos', '1990-03-08', 'Mingueza@outlook.com', '197', '68', 'trái', 5, '5aca2a5b-3d14-4908-d4a8-8ebdaf5d2b61', '6e0dc48e-3eac-6143-9b66-a58ab8ff47ca'),
('17939b5b-596f-3d64-291e-21c6d80fbd76', 'CT823', 'De Winter', '1999-01-04', 'Alaba@yahoo.com', '180', '66', 'phải', 9, '1a79e25d-15ed-25af-66ef-5e83c2936996', '6827e1c0-5b98-6d19-831b-27d9d367aeb0'),
('17a5fb2a-5d0f-77b1-431e-21c6d80fbd76', 'CT350', 'Antony', '1997-08-17', 'Akpa-Akpro@outlook.com', '170', '88', 'phải', 24, '65f88212-5922-6619-4ea4-e0d1ddfbcf7c', '3564d2c8-2839-5bf7-851b-27d9d367aeb0'),
('180dd722-49a7-2b93-fab4-c8af08a50cbf', 'CT591', 'Van de Beek', '1984-12-24', 'Tigges@yahoo.com', '193', '89', 'phải', 20, '353675f2-73c0-55a3-bc5d-100ccbc59147', '13a507d0-342d-6292-6de3-2ceaa9cf3765'),
('1847c988-132a-3139-f669-4afe230d73a5', 'CT632', 'Parolo', '1989-07-26', 'Hugo Duro@yahoo.com', '181', '74', 'phải', 6, '1a79e25d-15ed-25af-66ef-5e83c2936996', '1242d680-4f02-3bbb-9d66-a58ab8ff47ca'),
('184db986-422c-14ce-03b5-c8af08a50cbf', 'CT193', 'Drager', '1980-04-06', 'Rajkovic@outlook.com', '166', '85', 'trái', 26, '1a79e25d-15ed-25af-66ef-5e83c2936996', '3650c04e-62b1-6908-5598-ae38c5379e4b'),
('187ff49a-207a-56b5-5095-2c566fa88632', 'CT957', 'Otavio', '1982-06-25', 'Valera@outlook.com', '160', '70', 'trái', 23, '353675f2-73c0-55a3-bc5d-100ccbc59147', '1242d680-4f02-3bbb-9d66-a58ab8ff47ca'),
('188263d8-1426-370e-3869-9f77bda75690', 'CT559', 'Dragunsin', '1992-09-28', 'Zhivoglyadov@gmail.com', '166', '64', 'trái', 18, '353675f2-73c0-55a3-bc5d-100ccbc59147', '1f60e54f-196f-45f3-5498-ae38c5379e4b'),
('18834b2f-1187-1ab1-0ab5-c8af08a50cbf', 'CT754', 'Lenglet', '1981-10-27', 'Davies@outlook.com', '171', '73', 'trái', 19, '353675f2-73c0-55a3-bc5d-100ccbc59147', '4958949d-17c9-454d-841b-27d9d367aeb0'),
('1883e369-7f68-5eee-324a-aea48a10ed18', 'CT802', 'Volkan Babacan', '1986-06-10', 'Tigges@gmail.com', '179', '85', 'trái', 15, '5aca2a5b-3d14-4908-d4a8-8ebdaf5d2b61', '4958949d-17c9-454d-841b-27d9d367aeb0'),
('1921aea6-6cdc-3694-4e69-9f77bda75690', 'CT936', 'Delaney', '1997-01-09', 'Stepanenko@outlook.com', '155', '76', 'phải', 1, '1a79e25d-15ed-25af-66ef-5e83c2936996', '1242d680-4f02-3bbb-9d66-a58ab8ff47ca'),
('195135f7-1f19-2436-6971-153b37881afe', 'CT997', 'Wanderson', '1981-01-02', 'Vila@yahoo.com', '152', '80', 'trái', 1, '1a79e25d-15ed-25af-66ef-5e83c2936996', '23df2104-50d7-1d9c-eadb-93dede770727'),
('1951379c-2b9c-7eaf-4726-978952f080e4', 'CT281', 'Shevchenko', '1995-02-01', 'Lunin@yahoo.com', '152', '81', 'trái', 1, '65f88212-5922-6619-4ea4-e0d1ddfbcf7c', '234be17d-3820-7daa-5698-ae38c5379e4b'),
('1954f85f-6680-5dab-6480-3a2297d01534', 'CT177', 'Ba', '1994-11-03', 'Civic@gmail.com', '153', '74', 'trái', 5, '353675f2-73c0-55a3-bc5d-100ccbc59147', '4c411322-7cb4-657d-6fe3-2ceaa9cf3765'),
('19d1c0ea-24d9-628f-4695-2c566fa88632', 'CT646', 'Litvinov', '1997-03-23', 'Fernando@gmail.com', '179', '77', 'trái', 7, '1a79e25d-15ed-25af-66ef-5e83c2936996', '1949dae3-4d44-217e-9c66-a58ab8ff47ca'),
('1a108fad-35bc-6782-25b5-c8af08a50cbf', 'CT547', 'Yunnik', '1982-09-13', 'Grun@gmail.com', '157', '87', 'trái', 3, '1a79e25d-15ed-25af-66ef-5e83c2936996', '4c411322-7cb4-657d-6fe3-2ceaa9cf3765'),
('1a11cbdd-3ceb-4bb7-471e-21c6d80fbd76', 'CT514', 'Freuler', '1982-01-28', 'Cuadrado@yahoo.com', '159', '85', 'phải', 21, '65f88212-5922-6619-4ea4-e0d1ddfbcf7c', '26895d47-1420-68d0-9e66-a58ab8ff47ca'),
('1a66c4b3-1ba5-66d1-5495-2c566fa88632', 'CT521', 'Coutinho', '1991-09-08', 'Popov@gmail.com', '187', '74', 'trái', 28, '1a79e25d-15ed-25af-66ef-5e83c2936996', '114b715b-430f-74cd-d5c6-21b180c0988f'),
('1a6d3864-4562-2ea0-2d1e-21c6d80fbd76', 'CT759', 'Gueye', '1992-09-27', 'Lukaku@yahoo.com', '174', '78', 'phải', 3, '65f88212-5922-6619-4ea4-e0d1ddfbcf7c', '1949dae3-4d44-217e-9c66-a58ab8ff47ca'),
('1a8828f8-6722-47d5-5426-978952f080e4', 'CT202', 'Mingueza', '1997-11-21', 'Vihena@gmail.com', '170', '82', 'phải', 5, '353675f2-73c0-55a3-bc5d-100ccbc59147', '23df2104-50d7-1d9c-eadb-93dede770727'),
('1a974779-486e-3eea-6580-3a2297d01534', 'CT210', 'Mahmut Tekdemir', '1980-03-15', 'Vezzoni@yahoo.com', '169', '82', 'trái', 12, '353675f2-73c0-55a3-bc5d-100ccbc59147', '4c411322-7cb4-657d-6fe3-2ceaa9cf3765'),
('1a9ce3d6-6094-1d88-5580-3a2297d01534', 'CT669', 'Passlack', '1989-04-19', 'Fares@yahoo.com', '189', '61', 'phải', 12, '5aca2a5b-3d14-4908-d4a8-8ebdaf5d2b61', '234be17d-3820-7daa-5698-ae38c5379e4b'),
('1aa330a8-4e48-7daf-214a-aea48a10ed18', 'CT537', 'Ulmer', '1980-01-02', 'Kolarov@outlook.com', '178', '65', 'trái', 27, '65f88212-5922-6619-4ea4-e0d1ddfbcf7c', '1f60e54f-196f-45f3-5498-ae38c5379e4b'),
('1b6b0b4c-7320-6876-381e-21c6d80fbd76', 'CT164', 'Toni Martinez', '1982-01-31', 'Junior Moraes@gmail.com', '174', '64', 'phải', 26, '1a79e25d-15ed-25af-66ef-5e83c2936996', '1242d680-4f02-3bbb-9d66-a58ab8ff47ca'),
('1c56d719-74ef-7b96-6c71-153b37881afe', 'CT076', 'Gagliardini', '1980-04-06', 'Tsitaishvili@outlook.com', '158', '70', 'phải', 0, '65f88212-5922-6619-4ea4-e0d1ddfbcf7c', '4c411322-7cb4-657d-6fe3-2ceaa9cf3765'),
('1c6ab38c-3731-73bb-6b71-153b37881afe', 'CT671', 'Marchensin', '1994-01-11', 'Zakaria@yahoo.com', '157', '68', 'trái', 18, '5aca2a5b-3d14-4908-d4a8-8ebdaf5d2b61', '23df2104-50d7-1d9c-eadb-93dede770727'),
('1c796922-28e7-2ed2-4980-3a2297d01534', 'CT049', 'Navas', '1988-10-03', 'Evanilson@outlook.com', '165', '71', 'trái', 0, '1a79e25d-15ed-25af-66ef-5e83c2936996', '4958949d-17c9-454d-841b-27d9d367aeb0'),
('1c7c724a-5119-2f8a-3326-978952f080e4', 'CT102', 'Mohamed Salah', '1980-01-09', 'Carvajal@outlook.com', '188', '68', 'phải', 23, '65f88212-5922-6619-4ea4-e0d1ddfbcf7c', '6827e1c0-5b98-6d19-831b-27d9d367aeb0'),
('1cb3b817-57d2-3eba-f569-4afe230d73a5', 'CT416', 'Benzema', '1988-09-15', 'Corona@yahoo.com', '175', '70', 'trái', 23, '353675f2-73c0-55a3-bc5d-100ccbc59147', '47782bc9-1bf1-7c7b-6ee3-2ceaa9cf3765'),
('1cbeaf2b-59af-1d1b-4180-3a2297d01534', 'CT690', 'Vallci', '1980-03-20', 'Olmo@outlook.com', '166', '89', 'trái', 11, '353675f2-73c0-55a3-bc5d-100ccbc59147', '3650c04e-62b1-6908-5598-ae38c5379e4b'),
('1cd29b36-735e-4507-4395-2c566fa88632', 'CT584', 'Martial', '1982-09-15', 'Thorsen@yahoo.com', '166', '80', 'phải', 23, '5aca2a5b-3d14-4908-d4a8-8ebdaf5d2b61', '6e0dc48e-3eac-6143-9b66-a58ab8ff47ca'),
('1cfe0162-6db8-578e-5d95-2c566fa88632', 'CT171', 'Gabriel Jesus', '1998-12-03', 'Sergi Roberto@gmail.com', '157', '70', 'phải', 24, '5aca2a5b-3d14-4908-d4a8-8ebdaf5d2b61', '26895d47-1420-68d0-9e66-a58ab8ff47ca'),
('1e36dd43-4209-6585-5671-153b37881afe', 'CT434', 'Sorloth', '1988-03-04', 'Adams@yahoo.com', '154', '89', 'phải', 2, '65f88212-5922-6619-4ea4-e0d1ddfbcf7c', '114b715b-430f-74cd-d5c6-21b180c0988f'),
('1e45f86b-55ea-1617-4895-2c566fa88632', 'CT091', 'Junior Caicara', '1992-12-26', 'Cataldi@outlook.com', '180', '71', 'phải', 28, '1a79e25d-15ed-25af-66ef-5e83c2936996', '1949dae3-4d44-217e-9c66-a58ab8ff47ca'),
('1eb42cb0-2796-7c6b-4071-153b37881afe', 'CT627', 'Braithwaite', '1990-11-07', 'Gunok@gmail.com', '176', '86', 'phải', 17, '5aca2a5b-3d14-4908-d4a8-8ebdaf5d2b61', '13a507d0-342d-6292-6de3-2ceaa9cf3765'),
('1eb6f1d6-16b2-1f51-5695-2c566fa88632', 'CT980', 'Nubel', '1981-05-23', 'Burki@gmail.com', '152', '65', 'phải', 2, '65f88212-5922-6619-4ea4-e0d1ddfbcf7c', '3564d2c8-2839-5bf7-851b-27d9d367aeb0'),
('1ef50b1c-1203-7f02-3a80-3a2297d01534', 'CT307', 'Rajkovic', '1980-01-05', 'Unbehaun@gmail.com', '173', '88', 'phải', 21, '5aca2a5b-3d14-4908-d4a8-8ebdaf5d2b61', '1f60e54f-196f-45f3-5498-ae38c5379e4b'),
('1f30ea44-3576-3c82-76cb-b8d37b68af4d', 'CT799', 'Lunev', '1994-01-13', 'Milner@outlook.com', '161', '79', 'phải', 8, '353675f2-73c0-55a3-bc5d-100ccbc59147', '26895d47-1420-68d0-9e66-a58ab8ff47ca'),
('1f818a24-3e97-339a-3b69-9f77bda75690', 'CT467', 'Schrijvers', '1997-09-27', 'Mehmet Topal@gmail.com', '180', '82', 'phải', 0, '1a79e25d-15ed-25af-66ef-5e83c2936996', '6e0dc48e-3eac-6143-9b66-a58ab8ff47ca'),
('1fda93be-45c1-32ec-5395-2c566fa88632', 'CT387', 'Isco', '1984-11-04', 'Williams@yahoo.com', '199', '61', 'trái', 19, '5aca2a5b-3d14-4908-d4a8-8ebdaf5d2b61', '114b715b-430f-74cd-d5c6-21b180c0988f'),
('1fe22ad9-5d87-5860-421e-21c6d80fbd76', 'CT655', 'Luis Alberto', '1984-04-05', 'Boscolo Chio@outlook.com', '159', '85', 'trái', 18, '5aca2a5b-3d14-4908-d4a8-8ebdaf5d2b61', '3564d2c8-2839-5bf7-851b-27d9d367aeb0'),
('1fe932b3-3506-5a4f-5195-2c566fa88632', 'CT601', 'Sarr', '1986-01-12', 'Hoegh@outlook.com', '196', '72', 'phải', 25, '65f88212-5922-6619-4ea4-e0d1ddfbcf7c', '1242d680-4f02-3bbb-9d66-a58ab8ff47ca'),
('1feb773c-400f-3f59-4426-978952f080e4', 'CT151', 'Sourlis', '1988-04-17', 'Khocholava@gmail.com', '177', '89', 'phải', 21, '1a79e25d-15ed-25af-66ef-5e83c2936996', '114b715b-430f-74cd-d5c6-21b180c0988f'),
('20280f6e-1661-65a0-f269-4afe230d73a5', 'CT222', 'Dyhr', '1987-07-14', 'Richards@yahoo.com', '191', '77', 'phải', 23, '65f88212-5922-6619-4ea4-e0d1ddfbcf7c', '4958949d-17c9-454d-841b-27d9d367aeb0'),
('2028b908-6182-4cd4-474a-aea48a10ed18', 'CT594', 'Farkas', '1992-11-12', 'Abraham@outlook.com', '189', '67', 'phải', 20, '5aca2a5b-3d14-4908-d4a8-8ebdaf5d2b61', '23df2104-50d7-1d9c-eadb-93dede770727'),
('2070f208-22b7-41a5-3026-978952f080e4', 'CT299', 'Lazaro', '1998-12-01', 'Harwood-Bellis@yahoo.com', '189', '64', 'trái', 21, '65f88212-5922-6619-4ea4-e0d1ddfbcf7c', '3650c04e-62b1-6908-5598-ae38c5379e4b'),
('2071dbd2-2dec-6d38-354a-aea48a10ed18', 'CT373', 'Goretzka', '1991-12-08', 'Bonaventure@outlook.com', '189', '83', 'trái', 5, '5aca2a5b-3d14-4908-d4a8-8ebdaf5d2b61', '47782bc9-1bf1-7c7b-6ee3-2ceaa9cf3765'),
('2075983f-779f-6aa3-5880-3a2297d01534', 'CT182', 'Haidara', '1992-08-24', 'Walke@gmail.com', '171', '84', 'phải', 23, '1a79e25d-15ed-25af-66ef-5e83c2936996', '3564d2c8-2839-5bf7-851b-27d9d367aeb0'),
('20a8400b-3226-26c9-6671-153b37881afe', 'CT318', 'Wijnaldum', '1987-12-31', 'Junior Moraes@outlook.com', '168', '81', 'trái', 29, '1a79e25d-15ed-25af-66ef-5e83c2936996', '7fa72f44-2825-2b26-d190-152dfadf6d0d'),
('20e16f03-2b59-1c2c-321e-21c6d80fbd76', 'CT326', 'Luis Diaz', '1980-01-13', 'Asensio@gmail.com', '181', '68', 'phải', 4, '353675f2-73c0-55a3-bc5d-100ccbc59147', '47782bc9-1bf1-7c7b-6ee3-2ceaa9cf3765'),
('20e6cf5c-56c1-4716-4880-3a2297d01534', 'CT552', 'Kasyanenko', '1986-06-22', 'Zhemaletdinov@outlook.com', '161', '78', 'trái', 20, '1a79e25d-15ed-25af-66ef-5e83c2936996', '1949dae3-4d44-217e-9c66-a58ab8ff47ca'),
('21851c35-604d-7872-10b5-c8af08a50cbf', 'CT546', 'Kambolov', '1984-02-02', 'Smolov@outlook.com', '175', '85', 'trái', 21, '353675f2-73c0-55a3-bc5d-100ccbc59147', '1242d680-4f02-3bbb-9d66-a58ab8ff47ca'),
('21994fa1-44ce-315f-e969-4afe230d73a5', 'CT824', 'Aleksic', '1996-06-03', 'Brobbey@yahoo.com', '172', '68', 'phải', 19, '65f88212-5922-6619-4ea4-e0d1ddfbcf7c', '3650c04e-62b1-6908-5598-ae38c5379e4b'),
('21c27f0b-7ae1-177e-2b1e-21c6d80fbd76', 'CT085', 'Clarkson', '1983-07-10', 'Minamino@yahoo.com', '164', '70', 'trái', 21, '65f88212-5922-6619-4ea4-e0d1ddfbcf7c', '6827e1c0-5b98-6d19-831b-27d9d367aeb0'),
('21ca0184-62c4-65e3-e869-4afe230d73a5', 'CT296', 'Vazquez', '1985-06-15', 'Lang@gmail.com', '179', '64', 'phải', 15, '1a79e25d-15ed-25af-66ef-5e83c2936996', '3650c04e-62b1-6908-5598-ae38c5379e4b'),
('21deeb10-7abc-5f2d-4480-3a2297d01534', 'CT716', 'Bonaventure', '1992-10-18', 'Lenglet@yahoo.com', '159', '62', 'trái', 13, '65f88212-5922-6619-4ea4-e0d1ddfbcf7c', '6827e1c0-5b98-6d19-831b-27d9d367aeb0'),
('227a754a-2c7c-6ae1-4369-9f77bda75690', 'CT119', 'Cuadrado', '1981-06-08', 'Stones@gmail.com', '179', '69', 'phải', 17, '65f88212-5922-6619-4ea4-e0d1ddfbcf7c', '6827e1c0-5b98-6d19-831b-27d9d367aeb0'),
('228b85f5-52b1-2110-e069-4afe230d73a5', 'CT806', 'Sorokin', '1980-04-07', 'Cavani@outlook.com', '151', '72', 'trái', 9, '1a79e25d-15ed-25af-66ef-5e83c2936996', '13a507d0-342d-6292-6de3-2ceaa9cf3765'),
('228e3286-7b04-1cb0-3d26-978952f080e4', 'CT828', 'Portanova', '1983-06-10', 'En-Nesyri@gmail.com', '183', '77', 'trái', 7, '5aca2a5b-3d14-4908-d4a8-8ebdaf5d2b61', '1242d680-4f02-3bbb-9d66-a58ab8ff47ca'),
('22e27a6c-593f-7c39-5680-3a2297d01534', 'CT411', 'Koita', '1982-10-30', 'Thiago Alcantara@outlook.com', '165', '63', 'phải', 23, '1a79e25d-15ed-25af-66ef-5e83c2936996', '234be17d-3820-7daa-5698-ae38c5379e4b'),
('235e7e98-18cc-5498-fd69-4afe230d73a5', 'CT300', 'Joshua Kimmich', '1990-05-03', 'Andriyevshkiy@outlook.com', '151', '71', 'phải', 18, '1a79e25d-15ed-25af-66ef-5e83c2936996', '234be17d-3820-7daa-5698-ae38c5379e4b'),
('236283fa-1c9f-2733-221e-21c6d80fbd76', 'CT871', 'Ihnatenko', '1985-11-03', 'Adeyemi@outlook.com', '174', '77', 'phải', 21, '65f88212-5922-6619-4ea4-e0d1ddfbcf7c', '13a507d0-342d-6292-6de3-2ceaa9cf3765'),
('23d3e425-72b1-1755-254a-aea48a10ed18', 'CT221', 'Krugovoi', '1988-03-30', 'Hunou@outlook.com', '152', '88', 'trái', 28, '1a79e25d-15ed-25af-66ef-5e83c2936996', '13a507d0-342d-6292-6de3-2ceaa9cf3765'),
('24127ab6-2b1b-4a63-3e69-9f77bda75690', 'CT509', 'Gnabry', '1988-02-14', 'Otavio@yahoo.com', '159', '72', 'trái', 10, '1a79e25d-15ed-25af-66ef-5e83c2936996', '3650c04e-62b1-6908-5598-ae38c5379e4b'),
('2457177b-5524-738c-3426-978952f080e4', 'CT279', 'Gravenberch', '1996-12-22', 'Gosens@gmail.com', '150', '68', 'phải', 25, '5aca2a5b-3d14-4908-d4a8-8ebdaf5d2b61', '6827e1c0-5b98-6d19-831b-27d9d367aeb0'),
('249553ef-3a6d-341c-4826-978952f080e4', 'CT780', 'Musiala', '1981-05-25', 'Balanta@outlook.com', '156', '64', 'phải', 10, '5aca2a5b-3d14-4908-d4a8-8ebdaf5d2b61', '234be17d-3820-7daa-5698-ae38c5379e4b'),
('24dee9c4-731e-62e7-13b5-c8af08a50cbf', 'CT788', 'Elvedi', '1985-12-31', 'De Pena@yahoo.com', '160', '80', 'phải', 16, '5aca2a5b-3d14-4908-d4a8-8ebdaf5d2b61', '114b715b-430f-74cd-d5c6-21b180c0988f'),
('2510011f-7734-4a66-3c69-9f77bda75690', 'CT842', 'Abraham', '1995-09-22', 'Kerzhakov@outlook.com', '188', '66', 'phải', 18, '1a79e25d-15ed-25af-66ef-5e83c2936996', '6e0dc48e-3eac-6143-9b66-a58ab8ff47ca'),
('254ea6dc-5688-2db6-23b5-c8af08a50cbf', 'CT046', 'Fernandinho', '1991-07-10', 'Bonet@outlook.com', '166', '77', 'trái', 21, '65f88212-5922-6619-4ea4-e0d1ddfbcf7c', '23df2104-50d7-1d9c-eadb-93dede770727'),
('255034ba-6ea3-381c-17b5-c8af08a50cbf', 'CT576', 'Pereira', '1987-10-26', 'Acerbi@outlook.com', '178', '76', 'phải', 3, '1a79e25d-15ed-25af-66ef-5e83c2936996', '3564d2c8-2839-5bf7-851b-27d9d367aeb0'),
('25cfd9a9-3a8a-2cc2-2a1e-21c6d80fbd76', 'CT199', 'Tsitaishvili', '1983-12-20', 'Magkeev@yahoo.com', '196', '88', 'phải', 14, '5aca2a5b-3d14-4908-d4a8-8ebdaf5d2b61', '6827e1c0-5b98-6d19-831b-27d9d367aeb0'),
('25d65c3f-4a6c-3a01-3c95-2c566fa88632', 'CT843', 'Oblak', '1994-07-18', 'Elvedi@gmail.com', '164', '83', 'trái', 23, '5aca2a5b-3d14-4908-d4a8-8ebdaf5d2b61', '13a507d0-342d-6292-6de3-2ceaa9cf3765'),
('26e66448-44a8-39c1-e669-4afe230d73a5', 'CT394', 'Truffert', '1984-10-18', 'Doyle@outlook.com', '182', '71', 'phải', 1, '5aca2a5b-3d14-4908-d4a8-8ebdaf5d2b61', '3650c04e-62b1-6908-5598-ae38c5379e4b'),
('271a41be-5739-6088-3795-2c566fa88632', 'CT137', 'Sarabia', '1995-10-14', 'Benzema@yahoo.com', '165', '79', 'trái', 9, '1a79e25d-15ed-25af-66ef-5e83c2936996', '1f60e54f-196f-45f3-5498-ae38c5379e4b'),
('277c1f90-59e1-688a-384a-aea48a10ed18', 'CT836', 'Fernando', '1990-11-14', 'Rashford@yahoo.com', '160', '72', 'phải', 24, '5aca2a5b-3d14-4908-d4a8-8ebdaf5d2b61', '1242d680-4f02-3bbb-9d66-a58ab8ff47ca'),
('27b70735-6a1b-70dc-2d4a-aea48a10ed18', 'CT881', 'De Roon', '1984-03-04', 'James@yahoo.com', '154', '68', 'trái', 28, '1a79e25d-15ed-25af-66ef-5e83c2936996', '6827e1c0-5b98-6d19-831b-27d9d367aeb0'),
('27cc47a0-50f9-7e50-454a-aea48a10ed18', 'CT727', 'Jovic', '1992-06-21', 'Koke@gmail.com', '154', '60', 'phải', 3, '1a79e25d-15ed-25af-66ef-5e83c2936996', '23df2104-50d7-1d9c-eadb-93dede770727'),
('283043e1-57ec-2136-4c69-9f77bda75690', 'CT689', 'Bertini', '1987-05-22', 'Renan Lodi@outlook.com', '187', '61', 'trái', 26, '1a79e25d-15ed-25af-66ef-5e83c2936996', '47782bc9-1bf1-7c7b-6ee3-2ceaa9cf3765'),
('285bb738-292a-40ac-e469-4afe230d73a5', 'CT247', 'Okafor', '1995-04-02', 'Rugani@outlook.com', '158', '75', 'trái', 15, '5aca2a5b-3d14-4908-d4a8-8ebdaf5d2b61', '6e0dc48e-3eac-6143-9b66-a58ab8ff47ca'),
('28a271d2-4680-5cb2-3f1e-21c6d80fbd76', 'CT847', 'Valera', '1980-12-11', 'Marcos Alonso@yahoo.com', '158', '71', 'phải', 4, '5aca2a5b-3d14-4908-d4a8-8ebdaf5d2b61', '3564d2c8-2839-5bf7-851b-27d9d367aeb0'),
('28aa154f-6d8f-745b-f8b4-c8af08a50cbf', 'CT263', 'Clinton Mata', '1981-07-01', 'Knauff@gmail.com', '194', '89', 'phải', 28, '353675f2-73c0-55a3-bc5d-100ccbc59147', '1f60e54f-196f-45f3-5498-ae38c5379e4b'),
('28c43acd-244e-5d8d-4f69-9f77bda75690', 'CT342', 'Chiellini', '1981-03-31', 'Stankovic@yahoo.com', '191', '77', 'trái', 14, '65f88212-5922-6619-4ea4-e0d1ddfbcf7c', '1242d680-4f02-3bbb-9d66-a58ab8ff47ca'),
('28de94e8-3bff-23b0-4d95-2c566fa88632', 'CT631', 'Sergio Oliveria', '1999-03-01', 'Rekik@gmail.com', '189', '69', 'phải', 28, '1a79e25d-15ed-25af-66ef-5e83c2936996', '4958949d-17c9-454d-841b-27d9d367aeb0'),
('29318abd-6a6c-7a98-ffb4-c8af08a50cbf', 'CT725', 'Crivelli', '1991-10-07', 'Zhivoglyadov@yahoo.com', '178', '72', 'phải', 4, '1a79e25d-15ed-25af-66ef-5e83c2936996', '3650c04e-62b1-6908-5598-ae38c5379e4b'),
('2985d53b-4eb4-59d9-5c80-3a2297d01534', 'CT339', 'Isaksen', '1999-10-25', 'Kounde@yahoo.com', '167', '78', 'trái', 22, '65f88212-5922-6619-4ea4-e0d1ddfbcf7c', '7fa72f44-2825-2b26-d190-152dfadf6d0d'),
('2997b570-182c-1e2e-2c26-978952f080e4', 'CT066', 'Minamino', '1997-12-01', 'Martinez@outlook.com', '173', '78', 'trái', 14, '65f88212-5922-6619-4ea4-e0d1ddfbcf7c', '6e0dc48e-3eac-6143-9b66-a58ab8ff47ca'),
('29e9a5e4-2a62-7450-6471-153b37881afe', 'CT481', 'Vinicius Junior', '1992-04-10', 'Hansen@gmail.com', '155', '67', 'trái', 18, '65f88212-5922-6619-4ea4-e0d1ddfbcf7c', '7fa72f44-2825-2b26-d190-152dfadf6d0d'),
('2a073c0a-127c-307f-5b95-2c566fa88632', 'CT305', 'Rongier', '1999-03-30', 'Iosifov@outlook.com', '150', '62', 'trái', 3, '353675f2-73c0-55a3-bc5d-100ccbc59147', '26895d47-1420-68d0-9e66-a58ab8ff47ca'),
('2a1f014c-209c-2a6d-4a26-978952f080e4', 'CT833', 'Bentancur', '1988-01-05', 'Ter Stegen@outlook.com', '168', '79', 'trái', 26, '65f88212-5922-6619-4ea4-e0d1ddfbcf7c', '234be17d-3820-7daa-5698-ae38c5379e4b'),
('2a2dfd93-1cca-262d-026a-4afe230d73a5', 'CT436', 'Correa', '1994-12-06', 'Brozovic@outlook.com', '150', '82', 'phải', 4, '1a79e25d-15ed-25af-66ef-5e83c2936996', '7fa72f44-2825-2b26-d190-152dfadf6d0d'),
('2a3cacd6-1a30-6760-3769-9f77bda75690', 'CT832', 'Zybkov', '1997-08-08', 'Messi@outlook.com', '186', '85', 'trái', 11, '1a79e25d-15ed-25af-66ef-5e83c2936996', '1f60e54f-196f-45f3-5498-ae38c5379e4b'),
('2a4dcb61-3cde-2171-2a26-978952f080e4', 'CT719', 'Ignatyev', '1990-02-02', 'Mwepu@outlook.com', '196', '63', 'phải', 14, '5aca2a5b-3d14-4908-d4a8-8ebdaf5d2b61', '13a507d0-342d-6292-6de3-2ceaa9cf3765'),
('2a620475-34f6-2fff-414a-aea48a10ed18', 'CT005', 'Caldara', '1981-09-10', 'Bensebaini@gmail.com', '154', '87', 'trái', 6, '5aca2a5b-3d14-4908-d4a8-8ebdaf5d2b61', '7fa72f44-2825-2b26-d190-152dfadf6d0d'),
('2af78bcb-2bab-51c2-57cb-b8d37b68af4d', 'CT966', 'Mariano DIaz', '1982-05-15', 'Doku@yahoo.com', '163', '86', 'trái', 26, '353675f2-73c0-55a3-bc5d-100ccbc59147', '13a507d0-342d-6292-6de3-2ceaa9cf3765'),
('2b547a38-6d93-7799-4571-153b37881afe', 'CT124', 'Kampl', '1997-01-05', 'Chadli@outlook.com', '150', '81', 'phải', 14, '5aca2a5b-3d14-4908-d4a8-8ebdaf5d2b61', '3650c04e-62b1-6908-5598-ae38c5379e4b'),
('2b5f15b9-17d9-57e8-1e4a-aea48a10ed18', 'CT851', 'Rugani', '1994-02-12', 'Zhivoglyadov@outlook.com', '181', '66', 'trái', 5, '5aca2a5b-3d14-4908-d4a8-8ebdaf5d2b61', '1f60e54f-196f-45f3-5498-ae38c5379e4b'),
('2bd742e7-2f5a-3eae-241e-21c6d80fbd76', 'CT435', 'Shamkin', '1996-09-24', 'Davies@gmail.com', '164', '65', 'trái', 24, '5aca2a5b-3d14-4908-d4a8-8ebdaf5d2b61', '6e0dc48e-3eac-6143-9b66-a58ab8ff47ca'),
('2c2ebc84-30b0-161d-331e-21c6d80fbd76', 'CT344', 'Draxler', '1997-04-27', 'Uzuni@yahoo.com', '150', '74', 'trái', 20, '5aca2a5b-3d14-4908-d4a8-8ebdaf5d2b61', '47782bc9-1bf1-7c7b-6ee3-2ceaa9cf3765'),
('2c703b46-66ea-1ce4-65cb-b8d37b68af4d', 'CT574', 'Carrasco', '1980-02-07', 'Mariano DIaz@gmail.com', '186', '68', 'phải', 25, '65f88212-5922-6619-4ea4-e0d1ddfbcf7c', '4958949d-17c9-454d-841b-27d9d367aeb0'),
('2c8157c0-5a25-6a81-3926-978952f080e4', 'CT986', 'Luis Henrique', '1995-01-18', 'Dodo@outlook.com', '150', '82', 'trái', 22, '5aca2a5b-3d14-4908-d4a8-8ebdaf5d2b61', '4958949d-17c9-454d-841b-27d9d367aeb0'),
('2cc791ea-267a-54d2-066a-4afe230d73a5', 'CT301', 'Ben Chilwell', '1997-12-20', 'Sancho@gmail.com', '191', '65', 'trái', 11, '65f88212-5922-6619-4ea4-e0d1ddfbcf7c', '26895d47-1420-68d0-9e66-a58ab8ff47ca'),
('2cca9dd5-1228-294d-3e71-153b37881afe', 'CT970', 'Nyamsi', '1982-06-10', 'Fabinho@yahoo.com', '192', '63', 'phải', 5, '1a79e25d-15ed-25af-66ef-5e83c2936996', '13a507d0-342d-6292-6de3-2ceaa9cf3765'),
('2cf45a23-4a27-72fb-3f95-2c566fa88632', 'CT991', 'Handanovic', '1982-04-20', 'Phillips@outlook.com', '157', '86', 'trái', 2, '65f88212-5922-6619-4ea4-e0d1ddfbcf7c', '6e0dc48e-3eac-6143-9b66-a58ab8ff47ca'),
('2d19d265-4e80-6376-6280-3a2297d01534', 'CT731', 'De ligt', '1994-04-28', 'McKennie@gmail.com', '195', '86', 'phải', 19, '1a79e25d-15ed-25af-66ef-5e83c2936996', '23df2104-50d7-1d9c-eadb-93dede770727'),
('2d28d4ad-2835-2e9b-fa69-4afe230d73a5', 'CT583', 'Scholz', '1987-07-16', 'Pasalic@yahoo.com', '188', '87', 'phải', 15, '353675f2-73c0-55a3-bc5d-100ccbc59147', '114b715b-430f-74cd-d5c6-21b180c0988f'),
('2d5a5264-2401-1af0-f469-4afe230d73a5', 'CT498', 'Grun', '1997-08-01', 'Skrtel@gmail.com', '180', '74', 'trái', 18, '353675f2-73c0-55a3-bc5d-100ccbc59147', '47782bc9-1bf1-7c7b-6ee3-2ceaa9cf3765'),
('2d6646d9-6fbf-77d1-6395-2c566fa88632', 'CT480', 'Walker', '1980-01-08', 'Radonjic@outlook.com', '174', '85', 'phải', 16, '1a79e25d-15ed-25af-66ef-5e83c2936996', '4c411322-7cb4-657d-6fe3-2ceaa9cf3765'),
('2d66a90b-5656-4669-6095-2c566fa88632', 'CT735', 'Laporte', '1983-10-10', 'Randriamamy@yahoo.com', '179', '83', 'trái', 25, '1a79e25d-15ed-25af-66ef-5e83c2936996', '23df2104-50d7-1d9c-eadb-93dede770727'),
('2e678983-32b4-7a2b-6bcb-b8d37b68af4d', 'CT718', 'Gimenez', '1997-02-25', 'Schneller@yahoo.com', '154', '72', 'trái', 0, '1a79e25d-15ed-25af-66ef-5e83c2936996', '114b715b-430f-74cd-d5c6-21b180c0988f'),
('2ecf4007-6b24-2f7f-5f95-2c566fa88632', 'CT943', 'Joao Mario', '1998-08-06', 'Kambolov@gmail.com', '178', '62', 'phải', 16, '5aca2a5b-3d14-4908-d4a8-8ebdaf5d2b61', '23df2104-50d7-1d9c-eadb-93dede770727'),
('2ee920ae-3341-4f61-4e80-3a2297d01534', 'CT456', 'Gundogan', '1982-03-14', 'Dybala@gmail.com', '198', '73', 'phải', 8, '1a79e25d-15ed-25af-66ef-5e83c2936996', '47782bc9-1bf1-7c7b-6ee3-2ceaa9cf3765'),
('2fedc234-413b-2a41-4326-978952f080e4', 'CT415', 'Mandanda', '1994-05-26', 'Rico@outlook.com', '158', '80', 'trái', 17, '5aca2a5b-3d14-4908-d4a8-8ebdaf5d2b61', '114b715b-430f-74cd-d5c6-21b180c0988f'),
('303bf193-680a-4f16-6271-153b37881afe', 'CT332', 'Utkin', '1980-10-24', 'Tadic@outlook.com', '158', '88', 'trái', 8, '5aca2a5b-3d14-4908-d4a8-8ebdaf5d2b61', '7fa72f44-2825-2b26-d190-152dfadf6d0d'),
('3052c754-3516-667a-3980-3a2297d01534', 'CT292', 'Savic', '1990-05-03', 'Sanson@outlook.com', '181', '75', 'phải', 10, '5aca2a5b-3d14-4908-d4a8-8ebdaf5d2b61', '1f60e54f-196f-45f3-5498-ae38c5379e4b'),
('30eae4e9-3b42-5efb-74cb-b8d37b68af4d', 'CT637', 'Safonov', '1990-01-10', 'Maycon@gmail.com', '173', '82', 'trái', 21, '65f88212-5922-6619-4ea4-e0d1ddfbcf7c', '7fa72f44-2825-2b26-d190-152dfadf6d0d'),
('31142ee6-3a4d-28d1-6d71-153b37881afe', 'CT230', 'Ter Stegen', '1982-06-08', 'Henrichs@gmail.com', '157', '65', 'trái', 6, '65f88212-5922-6619-4ea4-e0d1ddfbcf7c', '4c411322-7cb4-657d-6fe3-2ceaa9cf3765'),
('312ac1d1-682c-1cd8-0a6a-4afe230d73a5', 'CT229', 'Kramer', '1985-09-01', 'Clayton@gmail.com', '154', '83', 'phải', 13, '65f88212-5922-6619-4ea4-e0d1ddfbcf7c', '23df2104-50d7-1d9c-eadb-93dede770727'),
('31878eb1-6921-66f2-6295-2c566fa88632', 'CT969', 'Pasalic', '1998-05-24', 'Pyatov@gmail.com', '163', '70', 'phải', 9, '65f88212-5922-6619-4ea4-e0d1ddfbcf7c', '4c411322-7cb4-657d-6fe3-2ceaa9cf3765'),
('31fbfdd2-4e3e-5379-4e95-2c566fa88632', 'CT889', 'Chiesa', '1984-06-17', 'Wanner@yahoo.com', '188', '71', 'phải', 25, '1a79e25d-15ed-25af-66ef-5e83c2936996', '47782bc9-1bf1-7c7b-6ee3-2ceaa9cf3765'),
('32153575-21ac-6bf2-5ecb-b8d37b68af4d', 'CT578', 'Bastoni', '1980-01-07', 'Renan Lodi@yahoo.com', '155', '68', 'phải', 29, '1a79e25d-15ed-25af-66ef-5e83c2936996', '6827e1c0-5b98-6d19-831b-27d9d367aeb0'),
('32aafce4-5d74-5c3b-404a-aea48a10ed18', 'CT892', 'Honcharuk', '1983-11-05', 'Suleymanov@gmail.com', '158', '70', 'trái', 0, '5aca2a5b-3d14-4908-d4a8-8ebdaf5d2b61', '7fa72f44-2825-2b26-d190-152dfadf6d0d'),
('336ab0fc-591d-575f-3f4a-aea48a10ed18', 'CT585', 'Inaki Pena', '1998-08-27', 'Fabio Vieira@yahoo.com', '191', '89', 'phải', 17, '5aca2a5b-3d14-4908-d4a8-8ebdaf5d2b61', '3564d2c8-2839-5bf7-851b-27d9d367aeb0'),
('33ac3b00-1b41-254c-451e-21c6d80fbd76', 'CT244', 'Ugochukwu', '1991-09-28', 'Morey@gmail.com', '178', '89', 'trái', 19, '5aca2a5b-3d14-4908-d4a8-8ebdaf5d2b61', '7fa72f44-2825-2b26-d190-152dfadf6d0d'),
('345c8f8a-35c0-3ddc-21b5-c8af08a50cbf', 'CT863', 'Vaclik', '1980-01-05', 'Cuadrado@gmail.com', '195', '82', 'phải', 6, '5aca2a5b-3d14-4908-d4a8-8ebdaf5d2b61', '23df2104-50d7-1d9c-eadb-93dede770727'),
('3479429f-718f-440c-334a-aea48a10ed18', 'CT429', 'Klaiber', '1981-11-14', 'Benjamin Pavard@outlook.com', '185', '75', 'trái', 18, '353675f2-73c0-55a3-bc5d-100ccbc59147', '4958949d-17c9-454d-841b-27d9d367aeb0'),
('34bd2cef-5026-567c-3b71-153b37881afe', 'CT653', 'Riccio', '1980-01-09', 'Sanson@yahoo.com', '176', '62', 'trái', 2, '353675f2-73c0-55a3-bc5d-100ccbc59147', '1f60e54f-196f-45f3-5498-ae38c5379e4b'),
('350c386f-1235-4a0b-006a-4afe230d73a5', 'CT492', 'Tait', '1996-02-26', 'Driussi@gmail.com', '178', '63', 'phải', 21, '1a79e25d-15ed-25af-66ef-5e83c2936996', '3564d2c8-2839-5bf7-851b-27d9d367aeb0'),
('351a2156-165c-12c5-5726-978952f080e4', 'CT203', 'Borkowski', '1987-01-27', 'Franki de Jong@outlook.com', '156', '85', 'phải', 4, '5aca2a5b-3d14-4908-d4a8-8ebdaf5d2b61', '4c411322-7cb4-657d-6fe3-2ceaa9cf3765'),
('35dd3c23-148b-58c5-484a-aea48a10ed18', 'CT951', 'Esdouard Mendy', '1980-01-01', 'Ferran Torres@yahoo.com', '173', '70', 'phải', 26, '353675f2-73c0-55a3-bc5d-100ccbc59147', '23df2104-50d7-1d9c-eadb-93dede770727'),
('3600a2bc-6e92-2eac-1bb5-c8af08a50cbf', 'CT768', 'Baluta', '1980-01-03', 'Barrios@gmail.com', '168', '78', 'trái', 15, '5aca2a5b-3d14-4908-d4a8-8ebdaf5d2b61', '7fa72f44-2825-2b26-d190-152dfadf6d0d'),
('361677bd-4c00-25ea-3a1e-21c6d80fbd76', 'CT238', 'Jordan', '1983-02-03', 'Sutormin@outlook.com', '182', '63', 'phải', 7, '5aca2a5b-3d14-4908-d4a8-8ebdaf5d2b61', '114b715b-430f-74cd-d5c6-21b180c0988f'),
('36206bdb-1382-3737-4d26-978952f080e4', 'CT178', 'Shostak', '1995-03-08', 'Nagatomo@yahoo.com', '185', '76', 'trái', 9, '5aca2a5b-3d14-4908-d4a8-8ebdaf5d2b61', '7fa72f44-2825-2b26-d190-152dfadf6d0d'),
('3658d468-1d2f-400e-0f6a-4afe230d73a5', 'CT113', 'Ashimeru', '1985-08-31', 'Zagadou@yahoo.com', '199', '86', 'phải', 28, '65f88212-5922-6619-4ea4-e0d1ddfbcf7c', '4c411322-7cb4-657d-6fe3-2ceaa9cf3765'),
('3679a94f-304b-6e8d-53cb-b8d37b68af4d', 'CT370', 'Diogo Costa', '1980-01-02', 'Hoedt@gmail.com', '192', '72', 'phải', 22, '5aca2a5b-3d14-4908-d4a8-8ebdaf5d2b61', '1f60e54f-196f-45f3-5498-ae38c5379e4b'),
('3692cf55-532c-7ff8-05b5-c8af08a50cbf', 'CT588', 'Buyalskiy', '1999-06-27', 'Akanji@gmail.com', '176', '77', 'phải', 7, '353675f2-73c0-55a3-bc5d-100ccbc59147', '6827e1c0-5b98-6d19-831b-27d9d367aeb0'),
('369344c8-5381-2751-494a-aea48a10ed18', 'CT190', 'Valbuena', '1987-06-09', 'Sterling@gmail.com', '188', '83', 'trái', 8, '353675f2-73c0-55a3-bc5d-100ccbc59147', '4c411322-7cb4-657d-6fe3-2ceaa9cf3765'),
('36c45179-1fc2-27b2-3b95-2c566fa88632', 'CT765', 'Hoegh', '1983-12-23', 'Musacchio@yahoo.com', '181', '82', 'phải', 3, '5aca2a5b-3d14-4908-d4a8-8ebdaf5d2b61', '13a507d0-342d-6292-6de3-2ceaa9cf3765'),
('36eca2ff-234e-17df-04b5-c8af08a50cbf', 'CT201', 'Sadio Mané', '1996-06-05', 'Mwepu@gmail.com', '172', '82', 'phải', 28, '5aca2a5b-3d14-4908-d4a8-8ebdaf5d2b61', '3650c04e-62b1-6908-5598-ae38c5379e4b'),
('36ef530a-1c35-437e-4995-2c566fa88632', 'CT250', 'Hemmels', '1986-01-09', 'Visca@yahoo.com', '178', '79', 'trái', 5, '1a79e25d-15ed-25af-66ef-5e83c2936996', '4958949d-17c9-454d-841b-27d9d367aeb0'),
('36f8f452-38b9-3214-5369-9f77bda75690', 'CT173', 'Pica', '1987-11-29', 'Gollini@gmail.com', '182', '69', 'phải', 24, '5aca2a5b-3d14-4908-d4a8-8ebdaf5d2b61', '114b715b-430f-74cd-d5c6-21b180c0988f'),
('3762edc1-6275-6d66-e769-4afe230d73a5', 'CT950', 'Nmecha', '1980-03-23', 'Karakus@outlook.com', '178', '73', 'phải', 8, '353675f2-73c0-55a3-bc5d-100ccbc59147', '3650c04e-62b1-6908-5598-ae38c5379e4b'),
('377e7192-2b5b-3484-5f80-3a2297d01534', 'CT702', 'Trippier', '1983-05-14', 'Shaqarenko@yahoo.com', '175', '76', 'phải', 28, '65f88212-5922-6619-4ea4-e0d1ddfbcf7c', '26895d47-1420-68d0-9e66-a58ab8ff47ca'),
('377fc4c7-7ba9-3f32-5571-153b37881afe', 'CT867', 'Palomino', '1988-08-19', 'Joao Fellix@yahoo.com', '170', '63', 'phải', 19, '65f88212-5922-6619-4ea4-e0d1ddfbcf7c', '1242d680-4f02-3bbb-9d66-a58ab8ff47ca'),
('3797561e-17b2-361c-6171-153b37881afe', 'CT316', 'Bellingham', '1980-03-19', 'Kepa Arrizabalaga@gmail.com', '190', '67', 'phải', 19, '65f88212-5922-6619-4ea4-e0d1ddfbcf7c', '3564d2c8-2839-5bf7-851b-27d9d367aeb0'),
('37d8d494-1925-3b91-351e-21c6d80fbd76', 'CT962', 'Solet', '1981-01-27', 'Aleksic@yahoo.com', '183', '74', 'phải', 0, '353675f2-73c0-55a3-bc5d-100ccbc59147', '1242d680-4f02-3bbb-9d66-a58ab8ff47ca'),
('38b0f9a7-6527-6373-6169-9f77bda75690', 'CT500', 'Wan-Bissaka', '1998-05-06', 'Shaw@gmail.com', '160', '83', 'phải', 10, '5aca2a5b-3d14-4908-d4a8-8ebdaf5d2b61', '23df2104-50d7-1d9c-eadb-93dede770727'),
('38d0c8d3-7e6b-7ced-4095-2c566fa88632', 'CT354', 'Fati', '1994-05-26', 'Moukoko@gmail.com', '170', '87', 'trái', 11, '5aca2a5b-3d14-4908-d4a8-8ebdaf5d2b61', '6e0dc48e-3eac-6143-9b66-a58ab8ff47ca'),
('3926c094-7e45-3536-68cb-b8d37b68af4d', 'CT116', 'Sergi Roberto', '1981-03-03', 'Heister@outlook.com', '168', '83', 'trái', 16, '1a79e25d-15ed-25af-66ef-5e83c2936996', '47782bc9-1bf1-7c7b-6ee3-2ceaa9cf3765'),
('3949c4d0-6919-2f6a-4069-9f77bda75690', 'CT111', 'Knauff', '1981-08-12', 'Junior Firpo@yahoo.com', '161', '62', 'trái', 2, '65f88212-5922-6619-4ea4-e0d1ddfbcf7c', '6827e1c0-5b98-6d19-831b-27d9d367aeb0'),
('39be3129-5341-64fd-3b4a-aea48a10ed18', 'CT426', 'Vihena', '1997-10-04', 'Oblak@gmail.com', '195', '84', 'phải', 23, '353675f2-73c0-55a3-bc5d-100ccbc59147', '114b715b-430f-74cd-d5c6-21b180c0988f'),
('39d9b7aa-494c-16ee-3c4a-aea48a10ed18', 'CT040', 'Grenier', '1990-07-17', 'Emre Can@gmail.com', '150', '72', 'trái', 4, '353675f2-73c0-55a3-bc5d-100ccbc59147', '234be17d-3820-7daa-5698-ae38c5379e4b'),
('39f12ee3-4b34-6c61-5669-9f77bda75690', 'CT317', 'Halstenberg', '1984-03-11', 'So7@gmail.com', '168', '79', 'trái', 24, '5aca2a5b-3d14-4908-d4a8-8ebdaf5d2b61', '234be17d-3820-7daa-5698-ae38c5379e4b'),
('3a375312-1aef-42e0-444a-aea48a10ed18', 'CT368', 'Vitao', '1995-08-29', 'Escudero@yahoo.com', '164', '81', 'phải', 20, '1a79e25d-15ed-25af-66ef-5e83c2936996', '26895d47-1420-68d0-9e66-a58ab8ff47ca'),
('3a64f246-3f01-16ab-77cb-b8d37b68af4d', 'CT041', 'Amavi', '1987-10-27', 'Randjelovic@outlook.com', '150', '74', 'phải', 25, '65f88212-5922-6619-4ea4-e0d1ddfbcf7c', '26895d47-1420-68d0-9e66-a58ab8ff47ca'),
('3a687c3b-4d7d-2ad2-2c4a-aea48a10ed18', 'CT681', 'Rabiot', '1982-11-03', 'Timo Werner@gmail.com', '165', '61', 'phải', 29, '1a79e25d-15ed-25af-66ef-5e83c2936996', '3650c04e-62b1-6908-5598-ae38c5379e4b'),
('3a8da253-7acf-2c70-2e26-978952f080e4', 'CT336', 'Akpa-Akpro', '1982-07-16', 'Hateboer@gmail.com', '168', '62', 'trái', 5, '1a79e25d-15ed-25af-66ef-5e83c2936996', '3650c04e-62b1-6908-5598-ae38c5379e4b'),
('3a98e1df-6a4c-4f78-4b80-3a2297d01534', 'CT534', 'Musacchio', '1992-02-18', 'Luis Felipe@yahoo.com', '189', '67', 'trái', 12, '65f88212-5922-6619-4ea4-e0d1ddfbcf7c', '4958949d-17c9-454d-841b-27d9d367aeb0'),
('3b1c4599-5271-2336-4969-9f77bda75690', 'CT909', 'Lovrencsics', '1984-07-11', 'Bondar@gmail.com', '166', '82', 'trái', 0, '65f88212-5922-6619-4ea4-e0d1ddfbcf7c', '47782bc9-1bf1-7c7b-6ee3-2ceaa9cf3765'),
('3c0ea1ce-7cb6-4bf5-4671-153b37881afe', 'CT827', 'Isael', '1980-01-01', 'Ranocchia@outlook.com', '167', '88', 'phải', 23, '65f88212-5922-6619-4ea4-e0d1ddfbcf7c', '3650c04e-62b1-6908-5598-ae38c5379e4b'),
('3c39055f-64c2-11b9-f7b4-c8af08a50cbf', 'CT189', 'Hateboer', '1982-02-01', 'Crivelli@gmail.com', '186', '75', 'trái', 15, '1a79e25d-15ed-25af-66ef-5e83c2936996', '1f60e54f-196f-45f3-5498-ae38c5379e4b'),
('3c55acdb-375c-4705-3e26-978952f080e4', 'CT967', 'Walke', '1996-11-22', 'Isael@gmail.com', '162', '65', 'phải', 9, '65f88212-5922-6619-4ea4-e0d1ddfbcf7c', '1242d680-4f02-3bbb-9d66-a58ab8ff47ca'),
('3c59298e-6854-4862-07b5-c8af08a50cbf', 'CT904', 'Davies', '1982-10-31', 'Coutinho@yahoo.com', '182', '76', 'trái', 10, '353675f2-73c0-55a3-bc5d-100ccbc59147', '1949dae3-4d44-217e-9c66-a58ab8ff47ca'),
('3c91bd67-6353-1edc-1f4a-aea48a10ed18', 'CT697', 'Erokhin', '1983-03-30', 'Chadli@gmail.com', '179', '75', 'trái', 14, '5aca2a5b-3d14-4908-d4a8-8ebdaf5d2b61', '1f60e54f-196f-45f3-5498-ae38c5379e4b'),
('3cae3b8b-312a-6821-046a-4afe230d73a5', 'CT303', 'Paredes', '1991-07-13', 'Pepe@yahoo.com', '173', '86', 'trái', 0, '5aca2a5b-3d14-4908-d4a8-8ebdaf5d2b61', '26895d47-1420-68d0-9e66-a58ab8ff47ca'),
('3cf1ead4-291e-575d-3b80-3a2297d01534', 'CT654', 'Junior Firpo', '1984-07-17', 'Sery@outlook.com', '179', '78', 'trái', 23, '353675f2-73c0-55a3-bc5d-100ccbc59147', '1f60e54f-196f-45f3-5498-ae38c5379e4b'),
('3d0601eb-48ca-39ba-6871-153b37881afe', 'CT532', 'Hansen', '1995-04-01', 'Mbemba@gmail.com', '152', '88', 'phải', 23, '5aca2a5b-3d14-4908-d4a8-8ebdaf5d2b61', '26895d47-1420-68d0-9e66-a58ab8ff47ca'),
('3d87a723-6a47-7aa8-096a-4afe230d73a5', 'CT815', 'De Cuyer', '1982-10-07', 'Stepanenko@gmail.com', '196', '66', 'trái', 8, '353675f2-73c0-55a3-bc5d-100ccbc59147', '23df2104-50d7-1d9c-eadb-93dede770727'),
('3da912d6-6a66-197d-6e71-153b37881afe', 'CT816', 'Matsukatov', '1980-02-19', 'Hofmann@outlook.com', '177', '69', 'phải', 15, '5aca2a5b-3d14-4908-d4a8-8ebdaf5d2b61', '4c411322-7cb4-657d-6fe3-2ceaa9cf3765'),
('3e1a01ba-4a49-2570-2d26-978952f080e4', 'CT103', 'Kamara', '1998-01-25', 'Vakula@yahoo.com', '178', '64', 'trái', 28, '5aca2a5b-3d14-4908-d4a8-8ebdaf5d2b61', '6e0dc48e-3eac-6143-9b66-a58ab8ff47ca'),
('3e805329-4dde-7c42-3f80-3a2297d01534', 'CT762', 'Grujic', '1983-04-21', 'Rodrygo@yahoo.com', '179', '62', 'phải', 27, '353675f2-73c0-55a3-bc5d-100ccbc59147', '13a507d0-342d-6292-6de3-2ceaa9cf3765'),
('3ec88e47-61f4-6fb5-281e-21c6d80fbd76', 'CT692', 'Schneller', '1980-03-19', 'Bruno Fernandes@gmail.com', '161', '64', 'phải', 5, '5aca2a5b-3d14-4908-d4a8-8ebdaf5d2b61', '6827e1c0-5b98-6d19-831b-27d9d367aeb0'),
('3ef40874-7653-5c65-2726-978952f080e4', 'CT837', 'Lammers', '1987-05-29', 'Ori@outlook.com', '151', '80', 'phải', 20, '65f88212-5922-6619-4ea4-e0d1ddfbcf7c', '1f60e54f-196f-45f3-5498-ae38c5379e4b'),
('3f3e0fa4-59be-5309-72cb-b8d37b68af4d', 'CT798', 'Ferran Torres', '1998-04-18', 'De La Fuente@gmail.com', '184', '67', 'phải', 12, '65f88212-5922-6619-4ea4-e0d1ddfbcf7c', '7fa72f44-2825-2b26-d190-152dfadf6d0d'),
('3f49e438-57a0-50ed-5926-978952f080e4', 'CT369', 'Rakitic', '1999-09-13', 'Reina@gmail.com', '150', '71', 'phải', 17, '1a79e25d-15ed-25af-66ef-5e83c2936996', '4c411322-7cb4-657d-6fe3-2ceaa9cf3765'),
('40126657-4b7d-4f24-ef69-4afe230d73a5', 'CT253', 'Herrera', '1995-02-03', 'Reitz@gmail.com', '170', '73', 'trái', 15, '1a79e25d-15ed-25af-66ef-5e83c2936996', '1949dae3-4d44-217e-9c66-a58ab8ff47ca'),
('406501b7-7932-293c-3e95-2c566fa88632', 'CT142', 'Van Der Brempt', '1994-06-26', 'Nubel@yahoo.com', '180', '84', 'phải', 29, '1a79e25d-15ed-25af-66ef-5e83c2936996', '13a507d0-342d-6292-6de3-2ceaa9cf3765'),
('40aafbeb-2731-7c9d-27b5-c8af08a50cbf', 'CT180', 'Rybus', '1983-04-18', 'Mata@outlook.com', '173', '82', 'phải', 24, '1a79e25d-15ed-25af-66ef-5e83c2936996', '4c411322-7cb4-657d-6fe3-2ceaa9cf3765'),
('40d04765-7f51-6e2c-304a-aea48a10ed18', 'CT767', 'Marusic', '1987-01-13', 'Zhirkov@gmail.com', '197', '73', 'phải', 4, '65f88212-5922-6619-4ea4-e0d1ddfbcf7c', '4958949d-17c9-454d-841b-27d9d367aeb0'),
('41eda6ce-6226-1f89-02b5-c8af08a50cbf', 'CT797', 'Leroy Sané', '1980-01-05', 'Halstenberg@outlook.com', '188', '60', 'trái', 22, '353675f2-73c0-55a3-bc5d-100ccbc59147', '3650c04e-62b1-6908-5598-ae38c5379e4b'),
('424d7355-4589-1951-0bb5-c8af08a50cbf', 'CT065', 'Andriyevshkiy', '1980-03-06', 'Bondar@yahoo.com', '182', '74', 'trái', 13, '1a79e25d-15ed-25af-66ef-5e83c2936996', '47782bc9-1bf1-7c7b-6ee3-2ceaa9cf3765'),
('42784277-1650-434a-251e-21c6d80fbd76', 'CT641', 'Mwepu', '1980-05-10', 'Blind@yahoo.com', '179', '71', 'trái', 7, '65f88212-5922-6619-4ea4-e0d1ddfbcf7c', '3650c04e-62b1-6908-5598-ae38c5379e4b'),
('42950a9c-2cfa-3933-4271-153b37881afe', 'CT579', 'Czyz', '1995-07-15', 'Kaio@yahoo.com', '155', '80', 'phải', 25, '353675f2-73c0-55a3-bc5d-100ccbc59147', '6e0dc48e-3eac-6143-9b66-a58ab8ff47ca'),
('42e76f39-5529-3e7f-e369-4afe230d73a5', 'CT604', 'Cataldi', '1981-02-26', 'Sergio Oliveria@outlook.com', '165', '80', 'phải', 8, '65f88212-5922-6619-4ea4-e0d1ddfbcf7c', '6e0dc48e-3eac-6143-9b66-a58ab8ff47ca'),
('42f503bd-5170-1658-4f26-978952f080e4', 'CT622', 'Hakim Ziyech', '1999-02-09', 'Schulz@yahoo.com', '174', '71', 'trái', 20, '65f88212-5922-6619-4ea4-e0d1ddfbcf7c', '7fa72f44-2825-2b26-d190-152dfadf6d0d'),
('4320b52a-68c9-5b24-6371-153b37881afe', 'CT484', 'Dalbert', '1981-01-23', 'Schneller@gmail.com', '158', '64', 'trái', 11, '353675f2-73c0-55a3-bc5d-100ccbc59147', '7fa72f44-2825-2b26-d190-152dfadf6d0d'),
('438598e2-2574-4fc8-2626-978952f080e4', 'CT458', 'Gulacsi', '1980-01-01', 'Poulsen@yahoo.com', '197', '70', 'trái', 4, '353675f2-73c0-55a3-bc5d-100ccbc59147', '1f60e54f-196f-45f3-5498-ae38c5379e4b'),
('43a6bdf5-1b6b-451b-3695-2c566fa88632', 'CT686', 'Padelli', '1985-03-14', 'De Roon@outlook.com', '151', '71', 'trái', 3, '1a79e25d-15ed-25af-66ef-5e83c2936996', '1f60e54f-196f-45f3-5498-ae38c5379e4b'),
('43c28052-24df-5238-2a4a-aea48a10ed18', 'CT489', 'Fred', '1996-07-15', 'Wolf@outlook.com', '188', '71', 'trái', 22, '353675f2-73c0-55a3-bc5d-100ccbc59147', '6e0dc48e-3eac-6143-9b66-a58ab8ff47ca'),
('43c88cad-5cd2-77cf-6acb-b8d37b68af4d', 'CT367', 'Williams', '1990-12-14', 'Bonfanti@gmail.com', '172', '87', 'trái', 3, '353675f2-73c0-55a3-bc5d-100ccbc59147', '1242d680-4f02-3bbb-9d66-a58ab8ff47ca'),
('43fb1702-7e5d-594d-3c1e-21c6d80fbd76', 'CT070', 'Sterling', '1980-03-08', 'Deli@yahoo.com', '186', '60', 'phải', 14, '65f88212-5922-6619-4ea4-e0d1ddfbcf7c', '234be17d-3820-7daa-5698-ae38c5379e4b'),
('44010e90-3864-40dd-5e80-3a2297d01534', 'CT234', 'Kryvtsov', '1995-01-18', 'Civic@yahoo.com', '151', '68', 'trái', 18, '5aca2a5b-3d14-4908-d4a8-8ebdaf5d2b61', '26895d47-1420-68d0-9e66-a58ab8ff47ca'),
('4401bab3-5d36-1d04-0eb5-c8af08a50cbf', 'CT273', 'Kulusevski', '1990-10-26', 'Jordan@outlook.com', '160', '73', 'trái', 5, '353675f2-73c0-55a3-bc5d-100ccbc59147', '1242d680-4f02-3bbb-9d66-a58ab8ff47ca'),
('4421a98d-1c13-6964-4a71-153b37881afe', 'CT490', 'Dernardeschi', '1986-06-12', 'Young@outlook.com', '153', '63', 'trái', 6, '1a79e25d-15ed-25af-66ef-5e83c2936996', '1949dae3-4d44-217e-9c66-a58ab8ff47ca'),
('444bc3e9-2449-7620-4b26-978952f080e4', 'CT315', 'Shaqiri', '1980-01-07', 'Liicic@yahoo.com', '185', '76', 'phải', 12, '65f88212-5922-6619-4ea4-e0d1ddfbcf7c', '3564d2c8-2839-5bf7-851b-27d9d367aeb0'),
('44abb0e2-3a90-327f-4169-9f77bda75690', 'CT822', 'Olmo', '1983-07-16', 'Henrichs@yahoo.com', '166', '64', 'trái', 8, '353675f2-73c0-55a3-bc5d-100ccbc59147', '6827e1c0-5b98-6d19-831b-27d9d367aeb0'),
('44bce587-789f-3995-2e1e-21c6d80fbd76', 'CT831', 'DI Maria', '1994-06-15', 'Saidani@outlook.com', '153', '86', 'trái', 11, '5aca2a5b-3d14-4908-d4a8-8ebdaf5d2b61', '1949dae3-4d44-217e-9c66-a58ab8ff47ca'),
('44eaf230-462a-493b-3d80-3a2297d01534', 'CT197', 'Akanji', '1986-07-17', 'Hakimi@gmail.com', '190', '60', 'trái', 11, '353675f2-73c0-55a3-bc5d-100ccbc59147', '13a507d0-342d-6292-6de3-2ceaa9cf3765'),
('44ec44c9-4529-7340-4a4a-aea48a10ed18', 'CT858', 'Morgun', '1980-03-15', 'Raschl@gmail.com', '158', '60', 'trái', 10, '65f88212-5922-6619-4ea4-e0d1ddfbcf7c', '4c411322-7cb4-657d-6fe3-2ceaa9cf3765'),
('44edba69-403e-3174-4171-153b37881afe', 'CT710', 'Nainggolan', '1980-03-15', 'Safonov@gmail.com', '151', '77', 'trái', 9, '65f88212-5922-6619-4ea4-e0d1ddfbcf7c', '6e0dc48e-3eac-6143-9b66-a58ab8ff47ca'),
('4511c5e9-17d7-743e-2b4a-aea48a10ed18', 'CT417', 'Bounou', '1983-03-18', 'Cools@yahoo.com', '182', '71', 'phải', 29, '1a79e25d-15ed-25af-66ef-5e83c2936996', '6e0dc48e-3eac-6143-9b66-a58ab8ff47ca'),
('4529fc81-35b4-6010-19b5-c8af08a50cbf', 'CT549', 'Bondar', '1988-05-18', 'Bouchalakis@gmail.com', '188', '85', 'phải', 27, '5aca2a5b-3d14-4908-d4a8-8ebdaf5d2b61', '3564d2c8-2839-5bf7-851b-27d9d367aeb0'),
('4545f07c-3597-6663-1db5-c8af08a50cbf', 'CT793', 'Kerzhakov', '1980-01-08', 'Hwang@gmail.com', '155', '61', 'phải', 4, '1a79e25d-15ed-25af-66ef-5e83c2936996', '26895d47-1420-68d0-9e66-a58ab8ff47ca'),
('4569f996-12b0-64d5-54cb-b8d37b68af4d', 'CT232', 'Escalante', '1983-01-15', 'Reeces James@yahoo.com', '153', '77', 'phải', 0, '353675f2-73c0-55a3-bc5d-100ccbc59147', '13a507d0-342d-6292-6de3-2ceaa9cf3765'),
('45a4e43d-553a-45b9-5c95-2c566fa88632', 'CT761', 'Maguire', '1987-02-11', 'Pique@yahoo.com', '174', '69', 'trái', 19, '5aca2a5b-3d14-4908-d4a8-8ebdaf5d2b61', '26895d47-1420-68d0-9e66-a58ab8ff47ca'),
('4656ffed-5c97-29ac-5995-2c566fa88632', 'CT901', 'Benedetto', '1991-12-14', 'Ekkelenkamp@outlook.com', '172', '64', 'phải', 2, '65f88212-5922-6619-4ea4-e0d1ddfbcf7c', '7fa72f44-2825-2b26-d190-152dfadf6d0d'),
('468a02a4-5084-404f-11b5-c8af08a50cbf', 'CT396', 'Adrián', '1990-03-21', 'Sarr@yahoo.com', '157', '79', 'trái', 4, '1a79e25d-15ed-25af-66ef-5e83c2936996', '114b715b-430f-74cd-d5c6-21b180c0988f'),
('46a3e3b4-6d35-6565-69cb-b8d37b68af4d', 'CT810', 'Murilo', '1986-09-21', 'Brozovic@gmail.com', '177', '83', 'phải', 21, '65f88212-5922-6619-4ea4-e0d1ddfbcf7c', '47782bc9-1bf1-7c7b-6ee3-2ceaa9cf3765'),
('46d3ebf1-6c9e-75a3-3e4a-aea48a10ed18', 'CT691', 'Cisse', '1997-10-04', 'Ziger@gmail.com', '187', '82', 'trái', 10, '65f88212-5922-6619-4ea4-e0d1ddfbcf7c', '3564d2c8-2839-5bf7-851b-27d9d367aeb0'),
('4746724c-4b5a-2c8b-5f71-153b37881afe', 'CT571', 'Fagioli', '1994-11-29', 'Dvali@outlook.com', '150', '63', 'trái', 19, '353675f2-73c0-55a3-bc5d-100ccbc59147', '234be17d-3820-7daa-5698-ae38c5379e4b'),
('4776ca25-7948-1464-5026-978952f080e4', 'CT379', 'Fabinho', '1981-03-29', 'Vanaken@outlook.com', '194', '65', 'trái', 28, '353675f2-73c0-55a3-bc5d-100ccbc59147', '7fa72f44-2825-2b26-d190-152dfadf6d0d'),
('4797935a-3fc5-1bdf-4380-3a2297d01534', 'CT865', 'Frabotta', '1991-02-11', 'Alisson Becker@outlook.com', '156', '89', 'phải', 3, '1a79e25d-15ed-25af-66ef-5e83c2936996', '6827e1c0-5b98-6d19-831b-27d9d367aeb0'),
('484c4624-5a98-3e0b-4626-978952f080e4', 'CT045', 'Herrmann', '1980-05-20', 'Camara@outlook.com', '157', '69', 'trái', 29, '1a79e25d-15ed-25af-66ef-5e83c2936996', '114b715b-430f-74cd-d5c6-21b180c0988f'),
('48a49627-5a74-208f-0fb5-c8af08a50cbf', 'CT704', 'Pfeiffer', '1984-05-25', 'Onyeka@yahoo.com', '178', '68', 'trái', 13, '65f88212-5922-6619-4ea4-e0d1ddfbcf7c', '1242d680-4f02-3bbb-9d66-a58ab8ff47ca'),
('48acea9c-2824-24f9-5dcb-b8d37b68af4d', 'CT025', 'Sudakov', '1988-01-28', 'Onyeka@gmail.com', '153', '88', 'trái', 19, '65f88212-5922-6619-4ea4-e0d1ddfbcf7c', '6827e1c0-5b98-6d19-831b-27d9d367aeb0'),
('48c92485-64f0-47a2-4926-978952f080e4', 'CT170', 'Thorsen', '1997-04-14', 'Kharatin@gmail.com', '179', '76', 'trái', 16, '65f88212-5922-6619-4ea4-e0d1ddfbcf7c', '234be17d-3820-7daa-5698-ae38c5379e4b'),
('48d04691-671b-2f98-de69-4afe230d73a5', 'CT779', 'Ricard Sanchez', '1981-12-12', 'Jorginho@gmail.com', '163', '72', 'phải', 7, '353675f2-73c0-55a3-bc5d-100ccbc59147', '1f60e54f-196f-45f3-5498-ae38c5379e4b'),
('48ecd789-755b-3d53-3f71-153b37881afe', 'CT035', 'De Gea', '1987-02-05', 'Erokhin@yahoo.com', '156', '65', 'trái', 8, '1a79e25d-15ed-25af-66ef-5e83c2936996', '13a507d0-342d-6292-6de3-2ceaa9cf3765'),
('48eeb835-439f-6a4b-16b5-c8af08a50cbf', 'CT343', 'Kepa Arrizabalaga', '1980-07-22', 'Botka@yahoo.com', '152', '85', 'trái', 22, '1a79e25d-15ed-25af-66ef-5e83c2936996', '234be17d-3820-7daa-5698-ae38c5379e4b'),
('4926ab08-72bb-65f3-5c69-9f77bda75690', 'CT708', 'Ross Barkley', '1980-01-10', 'Gazinski@outlook.com', '155', '60', 'trái', 28, '1a79e25d-15ed-25af-66ef-5e83c2936996', '3564d2c8-2839-5bf7-851b-27d9d367aeb0'),
('492c33d2-2e7e-39f3-2926-978952f080e4', 'CT919', 'Heister', '1980-01-07', 'Vakula@outlook.com', '173', '61', 'trái', 7, '65f88212-5922-6619-4ea4-e0d1ddfbcf7c', '13a507d0-342d-6292-6de3-2ceaa9cf3765'),
('49932b51-4706-1619-7ccb-b8d37b68af4d', 'CT563', 'Kondogbia', '1986-02-09', 'Perisic@gmail.com', '165', '88', 'trái', 2, '5aca2a5b-3d14-4908-d4a8-8ebdaf5d2b61', '4c411322-7cb4-657d-6fe3-2ceaa9cf3765'),
('49de27ba-759b-7255-3626-978952f080e4', 'CT726', 'Giroud', '1990-04-12', 'Alisson Becker@gmail.com', '188', '82', 'trái', 18, '5aca2a5b-3d14-4908-d4a8-8ebdaf5d2b61', '1949dae3-4d44-217e-9c66-a58ab8ff47ca'),
('4a3e9070-6a14-4754-361e-21c6d80fbd76', 'CT030', 'Manuel Neuer', '1990-08-31', 'Zouma@gmail.com', '182', '81', 'phải', 2, '353675f2-73c0-55a3-bc5d-100ccbc59147', '1242d680-4f02-3bbb-9d66-a58ab8ff47ca'),
('4a93ff45-3577-2ac8-5a69-9f77bda75690', 'CT628', 'Krmencik', '1980-01-12', 'Arthur@yahoo.com', '170', '68', 'phải', 14, '65f88212-5922-6619-4ea4-e0d1ddfbcf7c', '3564d2c8-2839-5bf7-851b-27d9d367aeb0'),
('4abe5367-730a-5742-59cb-b8d37b68af4d', 'CT879', 'Ruggeri', '1981-11-28', 'Lainer@outlook.com', '150', '60', 'phải', 27, '353675f2-73c0-55a3-bc5d-100ccbc59147', '6e0dc48e-3eac-6143-9b66-a58ab8ff47ca'),
('4acbe745-584f-175f-6fcb-b8d37b68af4d', 'CT380', 'Pedri', '1990-07-22', 'Mampasi@gmail.com', '188', '74', 'phải', 28, '353675f2-73c0-55a3-bc5d-100ccbc59147', '234be17d-3820-7daa-5698-ae38c5379e4b'),
('4af0d282-483d-7531-4026-978952f080e4', 'CT533', 'Rico', '1987-01-16', 'Jovic@outlook.com', '164', '60', 'trái', 22, '65f88212-5922-6619-4ea4-e0d1ddfbcf7c', '1242d680-4f02-3bbb-9d66-a58ab8ff47ca'),
('4b662a45-68e9-6cf4-1cb5-c8af08a50cbf', 'CT397', 'Balerdi', '1980-01-04', 'Sergio Busquets@gmail.com', '174', '87', 'trái', 27, '5aca2a5b-3d14-4908-d4a8-8ebdaf5d2b61', '7fa72f44-2825-2b26-d190-152dfadf6d0d'),
('4b7e1819-5124-575e-4471-153b37881afe', 'CT224', 'Bourigraud', '1993-09-24', 'Berg@gmail.com', '155', '65', 'trái', 6, '5aca2a5b-3d14-4908-d4a8-8ebdaf5d2b61', '3650c04e-62b1-6908-5598-ae38c5379e4b'),
('4bd2bc27-68fa-432f-0b6a-4afe230d73a5', 'CT152', 'Bensebaini', '1999-08-12', 'Szoboszlai@gmail.com', '175', '78', 'phải', 24, '65f88212-5922-6619-4ea4-e0d1ddfbcf7c', '23df2104-50d7-1d9c-eadb-93dede770727'),
('4bd3b92e-2e9c-1ae4-6571-153b37881afe', 'CT696', 'Roben Loftus-Cheek', '1991-02-01', 'Forsberg@outlook.com', '150', '84', 'phải', 25, '1a79e25d-15ed-25af-66ef-5e83c2936996', '7fa72f44-2825-2b26-d190-152dfadf6d0d'),
('4c14b14c-7023-7881-2f26-978952f080e4', 'CT707', 'Foden', '1980-10-28', 'Martynovich@yahoo.com', '190', '66', 'phải', 9, '5aca2a5b-3d14-4908-d4a8-8ebdaf5d2b61', '3650c04e-62b1-6908-5598-ae38c5379e4b'),
('4c6860e2-67fb-26c2-086a-4afe230d73a5', 'CT747', 'Ngapandouentnbu', '1992-12-06', 'Cavani@gmail.com', '175', '89', 'trái', 27, '65f88212-5922-6619-4ea4-e0d1ddfbcf7c', '26895d47-1420-68d0-9e66-a58ab8ff47ca'),
('4c977380-455d-69a3-ed69-4afe230d73a5', 'CT995', 'Rafael', '1998-01-06', 'Kluivert@outlook.com', '179', '60', 'trái', 16, '5aca2a5b-3d14-4908-d4a8-8ebdaf5d2b61', '6827e1c0-5b98-6d19-831b-27d9d367aeb0'),
('4cad8606-32c9-3513-fbb4-c8af08a50cbf', 'CT214', 'Marc Roca', '1984-05-08', 'Krmencik@yahoo.com', '182', '65', 'trái', 6, '65f88212-5922-6619-4ea4-e0d1ddfbcf7c', '6e0dc48e-3eac-6143-9b66-a58ab8ff47ca'),
('4cb51238-6eb7-5771-3f69-9f77bda75690', 'CT605', 'Karavaev', '1990-02-20', 'Mignolet@gmail.com', '152', '85', 'phải', 20, '353675f2-73c0-55a3-bc5d-100ccbc59147', '3650c04e-62b1-6908-5598-ae38c5379e4b'),
('4cca4e15-1182-2aee-70cb-b8d37b68af4d', 'CT644', 'Emerson', '1980-08-16', 'Labyad@gmail.com', '195', '74', 'trái', 8, '5aca2a5b-3d14-4908-d4a8-8ebdaf5d2b61', '3564d2c8-2839-5bf7-851b-27d9d367aeb0'),
('4ccb48ce-1784-5de5-314a-aea48a10ed18', 'CT932', 'Romero', '1980-03-20', 'Zabamyi@outlook.com', '171', '75', 'phải', 6, '353675f2-73c0-55a3-bc5d-100ccbc59147', '4958949d-17c9-454d-841b-27d9d367aeb0'),
('4d72aab9-42ad-217c-5d80-3a2297d01534', 'CT089', 'Acerbi', '1988-01-18', 'Sjger@yahoo.com', '169', '85', 'phải', 1, '1a79e25d-15ed-25af-66ef-5e83c2936996', '26895d47-1420-68d0-9e66-a58ab8ff47ca'),
('4da622c9-1196-14cc-5e71-153b37881afe', 'CT287', 'Gboho', '1980-03-15', 'Bernabe@gmail.com', '184', '75', 'phải', 13, '65f88212-5922-6619-4ea4-e0d1ddfbcf7c', '234be17d-3820-7daa-5698-ae38c5379e4b'),
('4e151d72-5d95-270b-3226-978952f080e4', 'CT923', 'Mabil', '1992-07-19', 'Bouchalakis@outlook.com', '172', '85', 'phải', 18, '65f88212-5922-6619-4ea4-e0d1ddfbcf7c', '6827e1c0-5b98-6d19-831b-27d9d367aeb0'),
('4e358f49-4c07-60eb-71cb-b8d37b68af4d', 'CT956', 'Corluka', '1980-01-02', 'Joshua Kimmich@gmail.com', '165', '71', 'phải', 25, '5aca2a5b-3d14-4908-d4a8-8ebdaf5d2b61', '3564d2c8-2839-5bf7-851b-27d9d367aeb0'),
('4e5a688e-148d-6e8b-4580-3a2297d01534', 'CT526', 'Piszczek', '1981-09-21', 'Baturina@gmail.com', '165', '68', 'phải', 20, '5aca2a5b-3d14-4908-d4a8-8ebdaf5d2b61', '6827e1c0-5b98-6d19-831b-27d9d367aeb0'),
('4ec58507-41c2-231a-5171-153b37881afe', 'CT310', 'Lucas Hernandez', '1981-07-13', 'Pele@outlook.com', '169', '60', 'trái', 11, '5aca2a5b-3d14-4908-d4a8-8ebdaf5d2b61', '47782bc9-1bf1-7c7b-6ee3-2ceaa9cf3765'),
('4edaefbe-3a5b-7456-4771-153b37881afe', 'CT259', 'Pellistri', '1982-03-08', 'Carson@yahoo.com', '184', '83', 'trái', 15, '65f88212-5922-6619-4ea4-e0d1ddfbcf7c', '6827e1c0-5b98-6d19-831b-27d9d367aeb0'),
('4ef53589-11d3-7327-0db5-c8af08a50cbf', 'CT895', 'Masouras', '1994-12-09', 'Dragunsin@gmail.com', '183', '70', 'phải', 22, '353675f2-73c0-55a3-bc5d-100ccbc59147', '47782bc9-1bf1-7c7b-6ee3-2ceaa9cf3765'),
('4efb4721-715b-2d1c-264a-aea48a10ed18', 'CT217', 'Umtiti', '1980-01-01', 'Rutter@gmail.com', '170', '71', 'phải', 1, '1a79e25d-15ed-25af-66ef-5e83c2936996', '6e0dc48e-3eac-6143-9b66-a58ab8ff47ca'),
('4f2c4212-6f57-1f8e-22b5-c8af08a50cbf', 'CT499', 'Strakosha', '1980-12-18', 'Marchensin@gmail.com', '171', '82', 'trái', 12, '1a79e25d-15ed-25af-66ef-5e83c2936996', '23df2104-50d7-1d9c-eadb-93dede770727'),
('4f80a67b-6f79-257f-271e-21c6d80fbd76', 'CT074', 'Erling Haaland', '1990-10-15', 'Promes@outlook.com', '194', '67', 'phải', 25, '5aca2a5b-3d14-4908-d4a8-8ebdaf5d2b61', '3650c04e-62b1-6908-5598-ae38c5379e4b'),
('503b7598-60a8-3d98-5826-978952f080e4', 'CT652', 'Sinitsin', '1981-01-19', 'Duelund@gmail.com', '178', '75', 'phải', 13, '353675f2-73c0-55a3-bc5d-100ccbc59147', '4c411322-7cb4-657d-6fe3-2ceaa9cf3765'),
('50522257-25e3-5395-4a69-9f77bda75690', 'CT650', 'Ziger', '1991-11-29', 'Okerke@outlook.com', '187', '85', 'phải', 3, '65f88212-5922-6619-4ea4-e0d1ddfbcf7c', '47782bc9-1bf1-7c7b-6ee3-2ceaa9cf3765'),
('50b35c9b-2f79-3fa7-5771-153b37881afe', 'CT026', 'Gorodov', '1980-02-27', 'Trippier@outlook.com', '159', '89', 'trái', 10, '65f88212-5922-6619-4ea4-e0d1ddfbcf7c', '114b715b-430f-74cd-d5c6-21b180c0988f'),
('50c3b447-5f8f-55b7-3d4a-aea48a10ed18', 'CT714', 'Dagba', '1987-12-23', 'Rybus@outlook.com', '159', '70', 'phải', 1, '1a79e25d-15ed-25af-66ef-5e83c2936996', '3564d2c8-2839-5bf7-851b-27d9d367aeb0'),
('50d9908d-32eb-4449-461e-21c6d80fbd76', 'CT403', 'Lang', '1983-06-28', 'Jensen@outlook.com', '177', '86', 'phải', 9, '353675f2-73c0-55a3-bc5d-100ccbc59147', '26895d47-1420-68d0-9e66-a58ab8ff47ca'),
('51049083-1ae4-254d-5295-2c566fa88632', 'CT944', 'Asensio', '1997-12-07', 'Drager@gmail.com', '159', '79', 'trái', 12, '1a79e25d-15ed-25af-66ef-5e83c2936996', '114b715b-430f-74cd-d5c6-21b180c0988f'),
('519bbc11-2bff-2e82-5280-3a2297d01534', 'CT148', 'Chadli', '1983-03-24', 'Chernov@outlook.com', '178', '78', 'trái', 15, '353675f2-73c0-55a3-bc5d-100ccbc59147', '1242d680-4f02-3bbb-9d66-a58ab8ff47ca'),
('52205e16-43a2-7b5b-364a-aea48a10ed18', 'CT067', 'Thiago Silva', '1985-10-23', 'Sarabia@gmail.com', '179', '73', 'trái', 28, '65f88212-5922-6619-4ea4-e0d1ddfbcf7c', '47782bc9-1bf1-7c7b-6ee3-2ceaa9cf3765'),
('5250a75f-451d-44d2-3c26-978952f080e4', 'CT988', 'Alan Patrick', '1982-04-25', 'Zarzana@gmail.com', '160', '68', 'trái', 12, '65f88212-5922-6619-4ea4-e0d1ddfbcf7c', '47782bc9-1bf1-7c7b-6ee3-2ceaa9cf3765'),
('527ef44e-3350-2b72-5569-9f77bda75690', 'CT685', 'Andreas Christensen', '1981-09-09', 'Kean@yahoo.com', '163', '74', 'phải', 17, '353675f2-73c0-55a3-bc5d-100ccbc59147', '234be17d-3820-7daa-5698-ae38c5379e4b'),
('5330491b-2e0d-76e5-294a-aea48a10ed18', 'CT840', 'Vitolo', '1987-09-11', 'Musacchio@gmail.com', '164', '70', 'trái', 17, '5aca2a5b-3d14-4908-d4a8-8ebdaf5d2b61', '6e0dc48e-3eac-6143-9b66-a58ab8ff47ca'),
('534b8747-70b5-36a6-58cb-b8d37b68af4d', 'CT917', 'Gomez', '1985-02-01', 'Bonaventure@gmail.com', '188', '74', 'phải', 10, '353675f2-73c0-55a3-bc5d-100ccbc59147', '6e0dc48e-3eac-6143-9b66-a58ab8ff47ca'),
('536f0d7b-6fd5-2bb9-52cb-b8d37b68af4d', 'CT165', 'Shaw', '1982-09-02', 'Huntelaar@gmail.com', '164', '73', 'phải', 12, '65f88212-5922-6619-4ea4-e0d1ddfbcf7c', '1f60e54f-196f-45f3-5498-ae38c5379e4b'),
('5371882a-209f-5266-20b5-c8af08a50cbf', 'CT341', 'Doyle', '1980-01-08', 'Karavaev@outlook.com', '169', '79', 'trái', 17, '1a79e25d-15ed-25af-66ef-5e83c2936996', '26895d47-1420-68d0-9e66-a58ab8ff47ca'),
('53825d30-3188-380d-01b5-c8af08a50cbf', 'CT405', 'Randriamamy', '1980-05-20', 'Pessina@gmail.com', '170', '80', 'phải', 16, '5aca2a5b-3d14-4908-d4a8-8ebdaf5d2b61', '3650c04e-62b1-6908-5598-ae38c5379e4b'),
('53fc4625-34e2-1b0a-3b1e-21c6d80fbd76', 'CT327', 'Caicedo', '1995-06-14', 'Matsukatov@yahoo.com', '183', '86', 'trái', 2, '65f88212-5922-6619-4ea4-e0d1ddfbcf7c', '234be17d-3820-7daa-5698-ae38c5379e4b'),
('5403b416-3959-63fb-ea69-4afe230d73a5', 'CT634', 'Ivan Romero', '1982-09-23', 'Griezmann@outlook.com', '164', '89', 'trái', 24, '1a79e25d-15ed-25af-66ef-5e83c2936996', '3650c04e-62b1-6908-5598-ae38c5379e4b'),
('5429d91f-14a6-333f-2f1e-21c6d80fbd76', 'CT487', 'Aguero', '1980-03-23', 'Aguerd@gmail.com', '175', '77', 'phải', 19, '353675f2-73c0-55a3-bc5d-100ccbc59147', '1949dae3-4d44-217e-9c66-a58ab8ff47ca'),
('55555d4a-520e-68b9-5980-3a2297d01534', 'CT618', 'Reinier', '1985-08-15', 'Marega@gmail.com', '157', '83', 'trái', 29, '65f88212-5922-6619-4ea4-e0d1ddfbcf7c', '3564d2c8-2839-5bf7-851b-27d9d367aeb0'),
('563a8e41-7629-7ea1-481e-21c6d80fbd76', 'CT619', 'Saul Niguez', '1985-03-01', 'Draxler@gmail.com', '162', '62', 'trái', 29, '353675f2-73c0-55a3-bc5d-100ccbc59147', '26895d47-1420-68d0-9e66-a58ab8ff47ca'),
('56be9942-285c-4c87-5380-3a2297d01534', 'CT539', 'Tsygankov', '1980-02-26', 'Pereira@yahoo.com', '192', '83', 'trái', 8, '353675f2-73c0-55a3-bc5d-100ccbc59147', '114b715b-430f-74cd-d5c6-21b180c0988f'),
('56dddb9b-7d01-19a4-0cb5-c8af08a50cbf', 'CT789', 'Kolarov', '1980-01-04', 'Keita@outlook.com', '171', '78', 'trái', 15, '353675f2-73c0-55a3-bc5d-100ccbc59147', '47782bc9-1bf1-7c7b-6ee3-2ceaa9cf3765'),
('56f27390-4993-5232-341e-21c6d80fbd76', 'CT728', 'Emre Can', '1981-03-22', 'Tigges@outlook.com', '182', '73', 'trái', 27, '5aca2a5b-3d14-4908-d4a8-8ebdaf5d2b61', '47782bc9-1bf1-7c7b-6ee3-2ceaa9cf3765'),
('573eb1cd-4112-72cc-14b5-c8af08a50cbf', 'CT012', 'Brozovic', '1990-06-02', 'Diego Carlos@yahoo.com', '154', '78', 'trái', 3, '1a79e25d-15ed-25af-66ef-5e83c2936996', '234be17d-3820-7daa-5698-ae38c5379e4b'),
('5741caca-14bf-5256-3526-978952f080e4', 'CT577', 'Depaoli', '1990-08-12', 'Olmo@gmail.com', '187', '75', 'phải', 9, '5aca2a5b-3d14-4908-d4a8-8ebdaf5d2b61', '1949dae3-4d44-217e-9c66-a58ab8ff47ca'),
('577a845f-4504-13de-6380-3a2297d01534', 'CT357', 'Cools', '1982-11-12', 'Sadio Mané@gmail.com', '164', '78', 'phải', 27, '353675f2-73c0-55a3-bc5d-100ccbc59147', '23df2104-50d7-1d9c-eadb-93dede770727'),
('57b751a6-730c-54a8-f369-4afe230d73a5', 'CT684', 'Embolo', '1981-05-03', 'Nyamsi@outlook.com', '173', '64', 'trái', 14, '1a79e25d-15ed-25af-66ef-5e83c2936996', '47782bc9-1bf1-7c7b-6ee3-2ceaa9cf3765'),
('57d53bc3-4fe6-7957-441e-21c6d80fbd76', 'CT412', 'Bogdan', '1999-05-31', 'Ricard Puig@gmail.com', '199', '62', 'trái', 5, '353675f2-73c0-55a3-bc5d-100ccbc59147', '7fa72f44-2825-2b26-d190-152dfadf6d0d'),
('589520c1-6bf7-52b8-056a-4afe230d73a5', 'CT192', 'Irfan Can Kahveci', '1993-12-07', 'Zirkzee@gmail.com', '154', '86', 'trái', 5, '65f88212-5922-6619-4ea4-e0d1ddfbcf7c', '26895d47-1420-68d0-9e66-a58ab8ff47ca'),
('59093e49-1205-5e55-5226-978952f080e4', 'CT366', 'NGolo Kante', '1981-05-11', 'Piszczek@outlook.com', '169', '69', 'trái', 12, '1a79e25d-15ed-25af-66ef-5e83c2936996', '26895d47-1420-68d0-9e66-a58ab8ff47ca'),
('5961772b-29e8-509d-5871-153b37881afe', 'CT763', 'Escudero', '1996-11-07', 'Timber@yahoo.com', '164', '86', 'trái', 14, '1a79e25d-15ed-25af-66ef-5e83c2936996', '114b715b-430f-74cd-d5c6-21b180c0988f'),
('59859004-1469-437b-6ecb-b8d37b68af4d', 'CT198', 'Stindl', '1980-01-03', 'Chiellini@gmail.com', '179', '77', 'trái', 20, '353675f2-73c0-55a3-bc5d-100ccbc59147', '234be17d-3820-7daa-5698-ae38c5379e4b'),
('598eb899-611e-226b-5acb-b8d37b68af4d', 'CT207', 'Danilo', '1981-11-16', 'Pepe@outlook.com', '162', '61', 'phải', 18, '353675f2-73c0-55a3-bc5d-100ccbc59147', '3650c04e-62b1-6908-5598-ae38c5379e4b'),
('59c4865b-1492-3701-4469-9f77bda75690', 'CT790', 'Ake', '1980-03-19', 'Eder@outlook.com', '154', '66', 'phải', 27, '5aca2a5b-3d14-4908-d4a8-8ebdaf5d2b61', '6827e1c0-5b98-6d19-831b-27d9d367aeb0'),
('59c8e347-352c-11cc-4195-2c566fa88632', 'CT471', 'Benes', '1994-01-08', 'Nmecha@gmail.com', '182', '68', 'phải', 16, '1a79e25d-15ed-25af-66ef-5e83c2936996', '6e0dc48e-3eac-6143-9b66-a58ab8ff47ca'),
('59d2ec76-7794-6092-284a-aea48a10ed18', 'CT474', 'Messi', '1999-05-01', 'Heister@gmail.com', '161', '75', 'trái', 12, '1a79e25d-15ed-25af-66ef-5e83c2936996', '6e0dc48e-3eac-6143-9b66-a58ab8ff47ca'),
('59f36647-40aa-4f17-4495-2c566fa88632', 'CT899', 'Eder', '1981-01-06', 'Correa@gmail.com', '191', '78', 'phải', 17, '353675f2-73c0-55a3-bc5d-100ccbc59147', '3650c04e-62b1-6908-5598-ae38c5379e4b'),
('5a210e9f-2605-25c6-6180-3a2297d01534', 'CT935', 'Altube', '1990-03-10', 'Toloi@outlook.com', '175', '70', 'trái', 14, '65f88212-5922-6619-4ea4-e0d1ddfbcf7c', '23df2104-50d7-1d9c-eadb-93dede770727'),
('5a221ce8-7d2c-4d3a-12b5-c8af08a50cbf', 'CT645', 'Szecsi', '1980-07-20', 'Phillips@gmail.com', '153', '71', 'trái', 9, '65f88212-5922-6619-4ea4-e0d1ddfbcf7c', '114b715b-430f-74cd-d5c6-21b180c0988f'),
('5a6b9e9c-299f-6c05-5080-3a2297d01534', 'CT331', 'Germain', '1980-02-20', 'Marcelo@gmail.com', '159', '85', 'trái', 17, '353675f2-73c0-55a3-bc5d-100ccbc59147', '47782bc9-1bf1-7c7b-6ee3-2ceaa9cf3765'),
('5a9a08be-1834-2965-6069-9f77bda75690', 'CT782', 'Bonet', '1992-10-22', 'Draxler@yahoo.com', '162', '67', 'phải', 22, '5aca2a5b-3d14-4908-d4a8-8ebdaf5d2b61', '26895d47-1420-68d0-9e66-a58ab8ff47ca'),
('5ac7187b-7d3e-51cf-79cb-b8d37b68af4d', 'CT667', 'Douglas Santos', '1991-04-01', 'Bushchan@outlook.com', '182', '69', 'trái', 4, '1a79e25d-15ed-25af-66ef-5e83c2936996', '23df2104-50d7-1d9c-eadb-93dede770727'),
('5adcbbcf-5805-1bee-5071-153b37881afe', 'CT262', 'Vakula', '1984-11-07', 'Ignatyev@yahoo.com', '156', '72', 'phải', 29, '353675f2-73c0-55a3-bc5d-100ccbc59147', '4958949d-17c9-454d-841b-27d9d367aeb0'),
('5b37ccd4-709a-49ba-2e4a-aea48a10ed18', 'CT590', 'Neuhaus', '1999-02-02', 'Tschauner@outlook.com', '169', '79', 'phải', 13, '1a79e25d-15ed-25af-66ef-5e83c2936996', '1949dae3-4d44-217e-9c66-a58ab8ff47ca'),
('5b532fb7-27be-334c-4d71-153b37881afe', 'CT140', 'Gollini', '1980-02-11', 'Casemiro@outlook.com', '162', '62', 'phải', 2, '65f88212-5922-6619-4ea4-e0d1ddfbcf7c', '4958949d-17c9-454d-841b-27d9d367aeb0'),
('5c1469a5-2f1b-1bba-4a95-2c566fa88632', 'CT375', 'Benjamin Pavard', '1996-12-09', 'Spertsyan@outlook.com', '171', '85', 'trái', 10, '5aca2a5b-3d14-4908-d4a8-8ebdaf5d2b61', '4958949d-17c9-454d-841b-27d9d367aeb0'),
('5c27d8f0-69ad-3699-5e69-9f77bda75690', 'CT346', 'Thuram', '1980-01-08', 'Nmecha@outlook.com', '180', '88', 'trái', 7, '5aca2a5b-3d14-4908-d4a8-8ebdaf5d2b61', '26895d47-1420-68d0-9e66-a58ab8ff47ca'),
('5c828cd6-774e-3141-5480-3a2297d01534', 'CT803', 'Bruno Fernandes', '1992-07-23', 'James@gmail.com', '151', '82', 'phải', 7, '1a79e25d-15ed-25af-66ef-5e83c2936996', '234be17d-3820-7daa-5698-ae38c5379e4b'),
('5c9053fa-24e2-218e-e169-4afe230d73a5', 'CT821', 'Ramos', '1980-10-31', 'Romero@outlook.com', '171', '87', 'phải', 16, '65f88212-5922-6619-4ea4-e0d1ddfbcf7c', '13a507d0-342d-6292-6de3-2ceaa9cf3765'),
('5cd7f5a6-1352-7895-016a-4afe230d73a5', 'CT081', 'Ricard Puig', '1982-01-29', 'Kepa Arrizabalaga@outlook.com', '159', '64', 'trái', 1, '353675f2-73c0-55a3-bc5d-100ccbc59147', '7fa72f44-2825-2b26-d190-152dfadf6d0d'),
('5cf37f24-5c9d-49a9-4371-153b37881afe', 'CT543', 'Muriel', '1984-08-26', 'Samardzic@outlook.com', '198', '89', 'phải', 2, '1a79e25d-15ed-25af-66ef-5e83c2936996', '3650c04e-62b1-6908-5598-ae38c5379e4b'),
('5d2554c8-5d6f-7f3d-5a80-3a2297d01534', 'CT813', 'Anton Miranchuk', '1980-02-05', 'Somalia@yahoo.com', '152', '67', 'trái', 13, '65f88212-5922-6619-4ea4-e0d1ddfbcf7c', '7fa72f44-2825-2b26-d190-152dfadf6d0d'),
('5d55b480-5f5e-609d-18b5-c8af08a50cbf', 'CT891', 'Musaev', '1980-01-01', 'Gudelj@gmail.com', '169', '60', 'phải', 15, '1a79e25d-15ed-25af-66ef-5e83c2936996', '3564d2c8-2839-5bf7-851b-27d9d367aeb0'),
('5d92e22c-5ca8-2f33-4b69-9f77bda75690', 'CT255', 'Karakus', '1995-05-04', 'Williams@gmail.com', '150', '87', 'trái', 19, '5aca2a5b-3d14-4908-d4a8-8ebdaf5d2b61', '47782bc9-1bf1-7c7b-6ee3-2ceaa9cf3765'),
('5db7e44c-5fe7-7cdf-5895-2c566fa88632', 'CT758', 'Markov', '1991-09-20', 'Dembele@gmail.com', '197', '78', 'trái', 26, '1a79e25d-15ed-25af-66ef-5e83c2936996', '3564d2c8-2839-5bf7-851b-27d9d367aeb0'),
('5e0d6f80-779d-39ea-3d1e-21c6d80fbd76', 'CT274', 'Martinez', '1987-01-24', 'Da Silva@yahoo.com', '158', '88', 'phải', 21, '5aca2a5b-3d14-4908-d4a8-8ebdaf5d2b61', '234be17d-3820-7daa-5698-ae38c5379e4b'),
('5e4dd8b8-4db8-68a0-036a-4afe230d73a5', 'CT047', 'Berisha', '1996-07-10', 'Klaiber@yahoo.com', '156', '87', 'trái', 26, '5aca2a5b-3d14-4908-d4a8-8ebdaf5d2b61', '7fa72f44-2825-2b26-d190-152dfadf6d0d'),
('5e95cda4-3f52-314f-f9b4-c8af08a50cbf', 'CT063', 'Onyeka', '1986-01-17', 'Grujic@outlook.com', '158', '73', 'trái', 15, '1a79e25d-15ed-25af-66ef-5e83c2936996', '13a507d0-342d-6292-6de3-2ceaa9cf3765'),
('5eb72262-1b88-61fc-3a4a-aea48a10ed18', 'CT319', 'Mateo Kovacic', '1984-07-24', 'Hasan Ali Kaldırım@yahoo.com', '188', '60', 'phải', 13, '1a79e25d-15ed-25af-66ef-5e83c2936996', '114b715b-430f-74cd-d5c6-21b180c0988f'),
('5ec345d1-7817-5558-ec69-4afe230d73a5', 'CT958', 'Rutter', '1996-09-08', 'Hitz@yahoo.com', '185', '84', 'phải', 4, '353675f2-73c0-55a3-bc5d-100ccbc59147', '6827e1c0-5b98-6d19-831b-27d9d367aeb0'),
('5fa8b451-5116-5371-5180-3a2297d01534', 'CT236', 'Acuna', '1997-07-03', 'Sancho@outlook.com', '179', '78', 'phải', 24, '65f88212-5922-6619-4ea4-e0d1ddfbcf7c', '47782bc9-1bf1-7c7b-6ee3-2ceaa9cf3765'),
('5fc77644-30f7-78aa-3d69-9f77bda75690', 'CT455', 'Jensen', '1981-02-20', 'Sterling@outlook.com', '162', '69', 'trái', 3, '1a79e25d-15ed-25af-66ef-5e83c2936996', '3650c04e-62b1-6908-5598-ae38c5379e4b'),
('604aee92-5a99-4b55-61cb-b8d37b68af4d', 'CT635', 'Ruiz-Atil', '1981-12-29', 'Ricard Sanchez@outlook.com', '189', '82', 'phải', 26, '353675f2-73c0-55a3-bc5d-100ccbc59147', '1949dae3-4d44-217e-9c66-a58ab8ff47ca'),
('60c19bd8-18cd-7072-4c95-2c566fa88632', 'CT672', 'Da Silva', '1982-10-31', 'Tsygankov@yahoo.com', '183', '78', 'trái', 21, '5aca2a5b-3d14-4908-d4a8-8ebdaf5d2b61', '4958949d-17c9-454d-841b-27d9d367aeb0'),
('60cc3e57-3c4f-1969-4c80-3a2297d01534', 'CT746', 'Skriniar', '1996-09-16', 'Pjanic@yahoo.com', '183', '62', 'phải', 20, '353675f2-73c0-55a3-bc5d-100ccbc59147', '4958949d-17c9-454d-841b-27d9d367aeb0'),
('60d82e76-2c22-2ea7-4e26-978952f080e4', 'CT175', 'Andersen', '1981-05-29', 'Dybala@outlook.com', '175', '79', 'trái', 16, '65f88212-5922-6619-4ea4-e0d1ddfbcf7c', '7fa72f44-2825-2b26-d190-152dfadf6d0d'),
('60d94351-3f55-727a-5ccb-b8d37b68af4d', 'CT328', 'Joao Fellix', '1986-10-23', 'Lammens@gmail.com', '154', '63', 'trái', 11, '353675f2-73c0-55a3-bc5d-100ccbc59147', '6827e1c0-5b98-6d19-831b-27d9d367aeb0'),
('611c67a0-5212-570b-6680-3a2297d01534', 'CT558', 'Brobbey', '1988-08-17', 'Vibe@outlook.com', '154', '63', 'phải', 21, '65f88212-5922-6619-4ea4-e0d1ddfbcf7c', '4c411322-7cb4-657d-6fe3-2ceaa9cf3765'),
('611cd143-1b83-59e9-1ab5-c8af08a50cbf', 'CT218', 'Alisson Becker', '1980-01-08', 'Williams@outlook.com', '188', '84', 'trái', 3, '65f88212-5922-6619-4ea4-e0d1ddfbcf7c', '7fa72f44-2825-2b26-d190-152dfadf6d0d'),
('61d44e3a-3d32-77ea-5769-9f77bda75690', 'CT384', 'Stanisic', '1986-04-09', 'Gollini@outlook.com', '185', '69', 'phải', 0, '65f88212-5922-6619-4ea4-e0d1ddfbcf7c', '3564d2c8-2839-5bf7-851b-27d9d367aeb0'),
('6259af22-2dde-3d53-6f71-153b37881afe', 'CT461', 'Konate', '1984-02-05', 'Rodrigues@yahoo.com', '169', '66', 'phải', 22, '1a79e25d-15ed-25af-66ef-5e83c2936996', '4c411322-7cb4-657d-6fe3-2ceaa9cf3765'),
('62da3a4f-2bb1-68ec-f869-4afe230d73a5', 'CT392', 'Saidani', '1981-11-29', 'Nyamsi@yahoo.com', '161', '89', 'phải', 3, '5aca2a5b-3d14-4908-d4a8-8ebdaf5d2b61', '114b715b-430f-74cd-d5c6-21b180c0988f'),
('62f4d956-1b21-74e3-076a-4afe230d73a5', 'CT078', 'Diallo', '1984-06-19', 'Maguire@outlook.com', '191', '87', 'trái', 16, '5aca2a5b-3d14-4908-d4a8-8ebdaf5d2b61', '26895d47-1420-68d0-9e66-a58ab8ff47ca'),
('6331172c-3212-66fe-2c1e-21c6d80fbd76', 'CT283', 'Caleta-Car', '1987-03-23', 'Sergi Roberto@outlook.com', '154', '83', 'phải', 1, '1a79e25d-15ed-25af-66ef-5e83c2936996', '1949dae3-4d44-217e-9c66-a58ab8ff47ca'),
('63412807-6715-7eb0-4680-3a2297d01534', 'CT907', 'Salin', '1998-10-18', 'Ngapandouentnbu@gmail.com', '183', '88', 'trái', 0, '65f88212-5922-6619-4ea4-e0d1ddfbcf7c', '1949dae3-4d44-217e-9c66-a58ab8ff47ca'),
('6343a388-6766-3e1f-4e71-153b37881afe', 'CT009', 'Ricca', '1983-09-08', 'Cesar Azpiliceta@gmail.com', '180', '72', 'trái', 11, '1a79e25d-15ed-25af-66ef-5e83c2936996', '4958949d-17c9-454d-841b-27d9d367aeb0'),
('63605f9a-664d-1c51-fcb4-c8af08a50cbf', 'CT949', 'Tenas', '1984-10-19', 'Pinsoglio@outlook.com', '183', '70', 'trái', 13, '353675f2-73c0-55a3-bc5d-100ccbc59147', '6e0dc48e-3eac-6143-9b66-a58ab8ff47ca'),
('63a06613-7007-26f7-5971-153b37881afe', 'CT530', 'Zagadou', '1980-01-03', 'Skrtel@outlook.com', '160', '66', 'phải', 18, '5aca2a5b-3d14-4908-d4a8-8ebdaf5d2b61', '114b715b-430f-74cd-d5c6-21b180c0988f'),
('63c0365d-2b72-78d3-7ecb-b8d37b68af4d', 'CT683', 'Pogba', '1993-03-27', 'Pastor@gmail.com', '161', '65', 'trái', 18, '353675f2-73c0-55a3-bc5d-100ccbc59147', '4c411322-7cb4-657d-6fe3-2ceaa9cf3765'),
('641d98f2-4b53-6016-3b26-978952f080e4', 'CT125', 'Muriqi', '1988-04-17', 'Ivan Romero@outlook.com', '191', '87', 'phải', 7, '5aca2a5b-3d14-4908-d4a8-8ebdaf5d2b61', '47782bc9-1bf1-7c7b-6ee3-2ceaa9cf3765'),
('647c5046-661c-15d7-4f95-2c566fa88632', 'CT869', 'Matheus Fernandes', '1992-03-05', 'Paulinho@outlook.com', '186', '84', 'trái', 10, '65f88212-5922-6619-4ea4-e0d1ddfbcf7c', '1242d680-4f02-3bbb-9d66-a58ab8ff47ca'),
('64a372bf-4893-3d12-fe69-4afe230d73a5', 'CT705', 'Jordi Alba', '1995-07-18', 'Kai Havertz@yahoo.com', '179', '88', 'phải', 25, '65f88212-5922-6619-4ea4-e0d1ddfbcf7c', '234be17d-3820-7daa-5698-ae38c5379e4b'),
('64a59a25-2488-54b0-f6b4-c8af08a50cbf', 'CT128', 'Gosens', '1997-01-06', 'Gosens@outlook.com', '177', '71', 'trái', 0, '1a79e25d-15ed-25af-66ef-5e83c2936996', '1f60e54f-196f-45f3-5498-ae38c5379e4b'),
('64a92470-6127-1432-211e-21c6d80fbd76', 'CT058', 'Mengi', '1997-03-29', 'Ruiz-Atil@gmail.com', '176', '72', 'trái', 18, '65f88212-5922-6619-4ea4-e0d1ddfbcf7c', '13a507d0-342d-6292-6de3-2ceaa9cf3765'),
('6558b3ce-3021-5467-4295-2c566fa88632', 'CT143', 'Zhivoglyadov', '1992-01-19', 'Claudio Ramos@yahoo.com', '152', '75', 'trái', 21, '353675f2-73c0-55a3-bc5d-100ccbc59147', '6e0dc48e-3eac-6143-9b66-a58ab8ff47ca'),
('657b1d3f-5184-3abf-3f26-978952f080e4', 'CT820', 'Ramirez', '1980-02-20', 'Shaqiri@yahoo.com', '179', '72', 'trái', 12, '5aca2a5b-3d14-4908-d4a8-8ebdaf5d2b61', '1242d680-4f02-3bbb-9d66-a58ab8ff47ca'),
('65d3f09f-6a67-66a7-5c71-153b37881afe', 'CT153', 'Uzuni', '1980-04-30', 'Zapata@gmail.com', '166', '87', 'trái', 0, '1a79e25d-15ed-25af-66ef-5e83c2936996', '234be17d-3820-7daa-5698-ae38c5379e4b'),
('66d7b3f1-34e2-320e-4126-978952f080e4', 'CT649', 'Sobol', '1981-03-16', 'Javi Martinez@gmail.com', '173', '85', 'phải', 6, '353675f2-73c0-55a3-bc5d-100ccbc59147', '114b715b-430f-74cd-d5c6-21b180c0988f'),
('66fb5b5d-32d2-7187-4b71-153b37881afe', 'CT942', 'Zapata', '1988-05-28', 'De Bruyne@gmail.com', '178', '64', 'trái', 12, '353675f2-73c0-55a3-bc5d-100ccbc59147', '1949dae3-4d44-217e-9c66-a58ab8ff47ca'),
('670e5674-4966-37bf-78cb-b8d37b68af4d', 'CT293', 'James', '1995-11-08', 'Acerbi@yahoo.com', '186', '68', 'phải', 0, '65f88212-5922-6619-4ea4-e0d1ddfbcf7c', '23df2104-50d7-1d9c-eadb-93dede770727'),
('67408602-4805-48a7-224a-aea48a10ed18', 'CT620', 'Azmoun', '1981-06-08', 'Van den Keybus@yahoo.com', '150', '86', 'phải', 2, '1a79e25d-15ed-25af-66ef-5e83c2936996', '13a507d0-342d-6292-6de3-2ceaa9cf3765'),
('6744767f-27f6-1586-4226-978952f080e4', 'CT459', 'Olsson', '1980-01-08', 'Onyeka@outlook.com', '158', '63', 'phải', 11, '65f88212-5922-6619-4ea4-e0d1ddfbcf7c', '114b715b-430f-74cd-d5c6-21b180c0988f'),
('67459474-34ff-2fdf-73cb-b8d37b68af4d', 'CT441', 'Young', '1993-07-04', 'Bruno Fernandes@yahoo.com', '173', '80', 'phải', 14, '65f88212-5922-6619-4ea4-e0d1ddfbcf7c', '7fa72f44-2825-2b26-d190-152dfadf6d0d'),
('674934cc-42cf-20cf-1d4a-aea48a10ed18', 'CT648', 'Ponck', '1980-01-07', 'Cuisance@yahoo.com', '188', '65', 'trái', 1, '5aca2a5b-3d14-4908-d4a8-8ebdaf5d2b61', '1f60e54f-196f-45f3-5498-ae38c5379e4b'),
('678b4b8f-1fb0-5f7f-5471-153b37881afe', 'CT587', 'Nzonzi', '1993-10-20', 'Rybus@yahoo.com', '165', '61', 'trái', 11, '353675f2-73c0-55a3-bc5d-100ccbc59147', '1242d680-4f02-3bbb-9d66-a58ab8ff47ca'),
('678e52e9-466c-3bbb-67cb-b8d37b68af4d', 'CT204', 'Harwood-Bellis', '1998-11-22', 'Neymar@yahoo.com', '167', '65', 'phải', 9, '353675f2-73c0-55a3-bc5d-100ccbc59147', '47782bc9-1bf1-7c7b-6ee3-2ceaa9cf3765'),
('67c57035-2754-6b56-411e-21c6d80fbd76', 'CT219', 'Camello', '1992-06-23', 'Karavaev@yahoo.com', '152', '72', 'trái', 13, '65f88212-5922-6619-4ea4-e0d1ddfbcf7c', '3564d2c8-2839-5bf7-851b-27d9d367aeb0'),
('67d4182e-16b5-66cb-1eb5-c8af08a50cbf', 'CT420', 'Bonucci', '1981-04-17', 'Terrier@outlook.com', '163', '77', 'trái', 10, '353675f2-73c0-55a3-bc5d-100ccbc59147', '26895d47-1420-68d0-9e66-a58ab8ff47ca'),
('67fc4866-33eb-5c63-4c26-978952f080e4', 'CT161', 'Nacho', '1994-07-30', 'Crivelli@yahoo.com', '158', '71', 'trái', 20, '65f88212-5922-6619-4ea4-e0d1ddfbcf7c', '3564d2c8-2839-5bf7-851b-27d9d367aeb0'),
('68242b8b-5d4a-6e41-4f71-153b37881afe', 'CT059', 'Gregor Kobel', '1980-01-24', 'Sudakov@gmail.com', '176', '76', 'trái', 24, '353675f2-73c0-55a3-bc5d-100ccbc59147', '4958949d-17c9-454d-841b-27d9d367aeb0'),
('6855d223-4254-63f2-3826-978952f080e4', 'CT256', 'Arthur', '1989-04-13', 'Chernov@yahoo.com', '184', '83', 'trái', 8, '1a79e25d-15ed-25af-66ef-5e83c2936996', '4958949d-17c9-454d-841b-27d9d367aeb0'),
('688e7bc2-6d22-4e16-75cb-b8d37b68af4d', 'CT624', 'Dentinho', '1981-02-12', 'Mechele@yahoo.com', '156', '60', 'phải', 24, '1a79e25d-15ed-25af-66ef-5e83c2936996', '7fa72f44-2825-2b26-d190-152dfadf6d0d'),
('68c13754-64c6-4ff7-5526-978952f080e4', 'CT466', 'Anderson', '1994-09-08', 'Ori@gmail.com', '189', '82', 'phải', 17, '353675f2-73c0-55a3-bc5d-100ccbc59147', '23df2104-50d7-1d9c-eadb-93dede770727'),
('68ff7bc1-1205-1efe-301e-21c6d80fbd76', 'CT785', 'Lunin', '1988-10-01', 'Fabio Vieira@outlook.com', '182', '88', 'phải', 16, '65f88212-5922-6619-4ea4-e0d1ddfbcf7c', '4958949d-17c9-454d-841b-27d9d367aeb0'),
('693c6bb5-53e1-483f-4b4a-aea48a10ed18', 'CT004', 'Christian Pulisic', '1980-03-03', 'Neto@outlook.com', '182', '87', 'phải', 19, '65f88212-5922-6619-4ea4-e0d1ddfbcf7c', '4c411322-7cb4-657d-6fe3-2ceaa9cf3765'),
('69538211-4a55-2a15-0c6a-4afe230d73a5', 'CT908', 'Kaba', '1991-06-08', 'Isaksen@outlook.com', '171', '86', 'trái', 1, '353675f2-73c0-55a3-bc5d-100ccbc59147', '4c411322-7cb4-657d-6fe3-2ceaa9cf3765'),
('69b49695-51b3-3433-5969-9f77bda75690', 'CT911', 'Cavani', '1984-09-11', 'Khocholava@outlook.com', '184', '71', 'trái', 11, '353675f2-73c0-55a3-bc5d-100ccbc59147', '3564d2c8-2839-5bf7-851b-27d9d367aeb0'),
('69b684a9-3962-48e7-56cb-b8d37b68af4d', 'CT105', 'Mbemba', '1993-09-22', 'Reeces James@outlook.com', '179', '69', 'trái', 13, '1a79e25d-15ed-25af-66ef-5e83c2936996', '13a507d0-342d-6292-6de3-2ceaa9cf3765'),
('6a7e1939-70fa-3a76-5271-153b37881afe', 'CT542', 'Kochenkov', '1985-02-12', 'Nakajima@gmail.com', '151', '68', 'phải', 4, '353675f2-73c0-55a3-bc5d-100ccbc59147', '1242d680-4f02-3bbb-9d66-a58ab8ff47ca'),
('6a9ebe01-76d0-7b35-eb69-4afe230d73a5', 'CT721', 'Kai Havertz', '1980-06-16', 'Meunier@yahoo.com', '196', '84', 'phải', 27, '65f88212-5922-6619-4ea4-e0d1ddfbcf7c', '3650c04e-62b1-6908-5598-ae38c5379e4b'),
('6aa4b5a4-5734-2ee2-7bcb-b8d37b68af4d', 'CT927', 'Origi', '1997-10-18', 'Adams@outlook.com', '170', '89', 'phải', 22, '5aca2a5b-3d14-4908-d4a8-8ebdaf5d2b61', '23df2104-50d7-1d9c-eadb-93dede770727'),
('6acf37bb-5f8e-320e-3969-9f77bda75690', 'CT404', 'Pele', '1981-06-15', 'Konate@yahoo.com', '169', '62', 'phải', 12, '65f88212-5922-6619-4ea4-e0d1ddfbcf7c', '13a507d0-342d-6292-6de3-2ceaa9cf3765'),
('6b191a44-6f77-7268-5fcb-b8d37b68af4d', 'CT801', 'Silyanov', '1980-05-07', 'Kamara@outlook.com', '182', '68', 'phải', 5, '65f88212-5922-6619-4ea4-e0d1ddfbcf7c', '1949dae3-4d44-217e-9c66-a58ab8ff47ca'),
('6b89b915-629c-5d93-09b5-c8af08a50cbf', 'CT505', 'Tagliafico', '1986-11-19', 'Gomez@yahoo.com', '184', '64', 'phải', 29, '5aca2a5b-3d14-4908-d4a8-8ebdaf5d2b61', '1949dae3-4d44-217e-9c66-a58ab8ff47ca'),
('6bf6eda4-531a-7c2f-5d69-9f77bda75690', 'CT120', 'Kraev', '1998-08-09', 'Ihnatenko@outlook.com', '160', '62', 'trái', 10, '1a79e25d-15ed-25af-66ef-5e83c2936996', '7fa72f44-2825-2b26-d190-152dfadf6d0d'),
('6c28eec7-48f9-7c4d-4669-9f77bda75690', 'CT184', 'Labyad', '1991-06-10', 'Berg@outlook.com', '176', '72', 'phải', 4, '65f88212-5922-6619-4ea4-e0d1ddfbcf7c', '1949dae3-4d44-217e-9c66-a58ab8ff47ca'),
('6c3968cd-22af-740f-5795-2c566fa88632', 'CT488', 'Diego Carlos', '1998-01-13', 'Kamara@yahoo.com', '159', '85', 'phải', 16, '1a79e25d-15ed-25af-66ef-5e83c2936996', '3564d2c8-2839-5bf7-851b-27d9d367aeb0'),
('6c7a82d8-25f4-3046-7acb-b8d37b68af4d', 'CT736', 'Gunok', '1993-09-10', 'Embolo@gmail.com', '175', '88', 'phải', 15, '353675f2-73c0-55a3-bc5d-100ccbc59147', '23df2104-50d7-1d9c-eadb-93dede770727'),
('6c8a5f3d-5415-6acc-6dcb-b8d37b68af4d', 'CT272', 'Rafinha', '1980-04-03', 'Zouma@outlook.com', '155', '77', 'trái', 9, '1a79e25d-15ed-25af-66ef-5e83c2936996', '234be17d-3820-7daa-5698-ae38c5379e4b'),
('6cd7a8e6-6f13-3440-5e95-2c566fa88632', 'CT485', 'McTominay', '1981-11-06', 'Diego Carlos@gmail.com', '176', '86', 'trái', 7, '1a79e25d-15ed-25af-66ef-5e83c2936996', '23df2104-50d7-1d9c-eadb-93dede770727'),
('6d1662f9-12bb-6e2d-3a26-978952f080e4', 'CT220', 'Lukaku', '1997-08-07', 'Sjger@outlook.com', '196', '60', 'phải', 27, '353675f2-73c0-55a3-bc5d-100ccbc59147', '4958949d-17c9-454d-841b-27d9d367aeb0'),
('6d395ce9-6364-2ef1-15b5-c8af08a50cbf', 'CT659', 'Manuel Sanchesz', '1998-01-16', 'Promes@gmail.com', '156', '60', 'trái', 15, '1a79e25d-15ed-25af-66ef-5e83c2936996', '234be17d-3820-7daa-5698-ae38c5379e4b'),
('6d3b9bea-50e2-3fe2-3d95-2c566fa88632', 'CT712', 'Henderson', '1996-09-25', 'Zaiser@yahoo.com', '158', '61', 'phải', 25, '5aca2a5b-3d14-4908-d4a8-8ebdaf5d2b61', '13a507d0-342d-6292-6de3-2ceaa9cf3765'),
('6d5cc407-7288-2823-55cb-b8d37b68af4d', 'CT395', 'Matviyenko', '1999-04-29', 'Nmecha@yahoo.com', '168', '86', 'trái', 6, '65f88212-5922-6619-4ea4-e0d1ddfbcf7c', '13a507d0-342d-6292-6de3-2ceaa9cf3765'),
('6e073362-7dbf-31ec-3e1e-21c6d80fbd76', 'CT323', 'Baeten', '1981-05-03', 'Morata@gmail.com', '194', '77', 'trái', 27, '65f88212-5922-6619-4ea4-e0d1ddfbcf7c', '234be17d-3820-7daa-5698-ae38c5379e4b'),
('6e745177-3e0c-7461-6080-3a2297d01534', 'CT127', 'Omari', '1986-06-07', 'Camara@gmail.com', '166', '62', 'phải', 2, '1a79e25d-15ed-25af-66ef-5e83c2936996', '23df2104-50d7-1d9c-eadb-93dede770727'),
('6e75c05c-1a34-5a7e-371e-21c6d80fbd76', 'CT766', 'Sucic', '1993-03-01', 'Suleymanov@yahoo.com', '176', '73', 'phải', 16, '65f88212-5922-6619-4ea4-e0d1ddfbcf7c', '1242d680-4f02-3bbb-9d66-a58ab8ff47ca'),
('6ea7e92e-1122-2523-4c71-153b37881afe', 'CT364', 'Dahoud', '1980-01-08', 'Hateboer@outlook.com', '184', '69', 'phải', 23, '65f88212-5922-6619-4ea4-e0d1ddfbcf7c', '1949dae3-4d44-217e-9c66-a58ab8ff47ca'),
('6ef118a1-6896-19c7-ee69-4afe230d73a5', 'CT541', 'Mampasi', '1983-03-28', 'Taison@gmail.com', '172', '63', 'phải', 8, '1a79e25d-15ed-25af-66ef-5e83c2936996', '1949dae3-4d44-217e-9c66-a58ab8ff47ca'),
('6f1d7ad9-5aa0-4a65-f169-4afe230d73a5', 'CT391', 'Driussi', '1989-04-11', 'Rafinha@outlook.com', '165', '76', 'phải', 14, '353675f2-73c0-55a3-bc5d-100ccbc59147', '4958949d-17c9-454d-841b-27d9d367aeb0'),
('6f1fa8c1-78e8-2e7a-08b5-c8af08a50cbf', 'CT169', 'Arribas', '1997-08-25', 'Omari@outlook.com', '180', '82', 'trái', 22, '5aca2a5b-3d14-4908-d4a8-8ebdaf5d2b61', '1949dae3-4d44-217e-9c66-a58ab8ff47ca'),
('6f4216f5-1976-7ef5-4869-9f77bda75690', 'CT155', 'Jesus Navas', '1985-06-02', 'Adeyemi@yahoo.com', '151', '77', 'trái', 3, '353675f2-73c0-55a3-bc5d-100ccbc59147', '4958949d-17c9-454d-841b-27d9d367aeb0'),
('6f7134cf-4310-566e-5169-9f77bda75690', 'CT989', 'Ruben Dias', '1983-09-14', 'Lucas Leiva@yahoo.com', '171', '64', 'phải', 28, '1a79e25d-15ed-25af-66ef-5e83c2936996', '1242d680-4f02-3bbb-9d66-a58ab8ff47ca'),
('6f8e6e4a-748c-69d8-491e-21c6d80fbd76', 'CT019', 'Vrsaljko', '1982-07-26', 'Sabua@outlook.com', '185', '65', 'phải', 20, '65f88212-5922-6619-4ea4-e0d1ddfbcf7c', '4c411322-7cb4-657d-6fe3-2ceaa9cf3765'),
('6fcbca4a-7938-4339-51cb-b8d37b68af4d', 'CT167', 'Steffen', '1997-03-13', 'Aleksic@gmail.com', '177', '76', 'phải', 8, '5aca2a5b-3d14-4908-d4a8-8ebdaf5d2b61', '1f60e54f-196f-45f3-5498-ae38c5379e4b'),
('6fe7520c-5758-2461-3a69-9f77bda75690', 'CT657', 'Florenzi', '1996-03-24', 'Altube@gmail.com', '190', '63', 'phải', 19, '1a79e25d-15ed-25af-66ef-5e83c2936996', '13a507d0-342d-6292-6de3-2ceaa9cf3765'),
('70a693b5-1a5f-4f47-391e-21c6d80fbd76', 'CT694', 'Fabio Vieira', '1996-11-23', 'Cherny@gmail.com', '156', '77', 'phải', 29, '1a79e25d-15ed-25af-66ef-5e83c2936996', '1242d680-4f02-3bbb-9d66-a58ab8ff47ca'),
('70edc7b9-702f-70b2-3d71-153b37881afe', 'CT322', 'Sery', '1998-04-10', 'Marcos Alonso@outlook.com', '155', '78', 'phải', 24, '1a79e25d-15ed-25af-66ef-5e83c2936996', '1f60e54f-196f-45f3-5498-ae38c5379e4b'),
('71400769-26cc-4898-344a-aea48a10ed18', 'CT880', 'Smolov', '1985-06-05', 'Rossi@outlook.com', '168', '68', 'phải', 26, '1a79e25d-15ed-25af-66ef-5e83c2936996', '4958949d-17c9-454d-841b-27d9d367aeb0'),
('71470624-7685-2fae-1fb5-c8af08a50cbf', 'CT914', 'Greenwood', '1983-09-20', 'Olsson@outlook.com', '167', '63', 'phải', 13, '65f88212-5922-6619-4ea4-e0d1ddfbcf7c', '26895d47-1420-68d0-9e66-a58ab8ff47ca'),
('71f0ce54-5d84-2d59-2f4a-aea48a10ed18', 'CT246', 'Hoedt', '1990-05-27', 'Mukhin@outlook.com', '189', '66', 'trái', 25, '353675f2-73c0-55a3-bc5d-100ccbc59147', '1949dae3-4d44-217e-9c66-a58ab8ff47ca'),
('724a3873-137c-6563-3a95-2c566fa88632', 'CT603', 'Mendy', '1998-01-27', 'Diego Carlos@outlook.com', '171', '85', 'trái', 1, '5aca2a5b-3d14-4908-d4a8-8ebdaf5d2b61', '13a507d0-342d-6292-6de3-2ceaa9cf3765'),
('7276780d-5d78-49c2-4780-3a2297d01534', 'CT572', 'Sakai', '1997-09-07', 'Murilo@gmail.com', '170', '83', 'phải', 14, '1a79e25d-15ed-25af-66ef-5e83c2936996', '1949dae3-4d44-217e-9c66-a58ab8ff47ca'),
('7286948c-689b-15b7-6a71-153b37881afe', 'CT325', 'Ambrosio', '1986-12-02', 'Demiral @outlook.com', '160', '68', 'phải', 9, '1a79e25d-15ed-25af-66ef-5e83c2936996', '23df2104-50d7-1d9c-eadb-93dede770727'),
('72a39eb9-1c5d-66d3-ff69-4afe230d73a5', 'CT154', 'Bushchan', '1985-01-21', 'Tadic@gmail.com', '181', '72', 'phải', 5, '1a79e25d-15ed-25af-66ef-5e83c2936996', '3564d2c8-2839-5bf7-851b-27d9d367aeb0'),
('72b0b202-47e4-7778-7dcb-b8d37b68af4d', 'CT852', 'Ronaldo', '1989-03-13', 'Krugovoi@gmail.com', '176', '79', 'phải', 7, '5aca2a5b-3d14-4908-d4a8-8ebdaf5d2b61', '4c411322-7cb4-657d-6fe3-2ceaa9cf3765'),
('731eb9ff-581b-14c8-3126-978952f080e4', 'CT254', 'Kharatin', '1985-06-13', 'Kehrer@gmail.com', '194', '61', 'trái', 10, '1a79e25d-15ed-25af-66ef-5e83c2936996', '6827e1c0-5b98-6d19-831b-27d9d367aeb0'),
('732b3277-5dd6-4ff5-4d80-3a2297d01534', 'CT794', 'Francisco Trincao', '1981-10-02', 'Mariano DIaz@outlook.com', '188', '89', 'trái', 2, '353675f2-73c0-55a3-bc5d-100ccbc59147', '47782bc9-1bf1-7c7b-6ee3-2ceaa9cf3765'),
('73a25de2-3936-33ca-6771-153b37881afe', 'CT020', 'Boyko', '1987-10-14', 'Rybchinskii@gmail.com', '176', '66', 'phải', 6, '353675f2-73c0-55a3-bc5d-100ccbc59147', '26895d47-1420-68d0-9e66-a58ab8ff47ca'),
('73a7a5c9-47c2-34ab-5bcb-b8d37b68af4d', 'CT688', 'Cain', '1984-12-08', 'Hoffmann@gmail.com', '167', '67', 'phải', 1, '353675f2-73c0-55a3-bc5d-100ccbc59147', '6827e1c0-5b98-6d19-831b-27d9d367aeb0'),
('73c38ab7-7550-1ab4-3726-978952f080e4', 'CT751', 'Sanson', '1984-10-13', 'Lewandowski@yahoo.com', '172', '66', 'phải', 27, '1a79e25d-15ed-25af-66ef-5e83c2936996', '1949dae3-4d44-217e-9c66-a58ab8ff47ca'),
('740091d7-52fa-1be8-26b5-c8af08a50cbf', 'CT073', 'Vanaken', '1980-01-05', 'Varrane@yahoo.com', '166', '64', 'phải', 14, '353675f2-73c0-55a3-bc5d-100ccbc59147', '4c411322-7cb4-657d-6fe3-2ceaa9cf3765'),
('741731fb-4dd0-50f8-4280-3a2297d01534', 'CT264', 'Diatta', '1994-08-26', 'Timber@outlook.com', '165', '66', 'phải', 0, '353675f2-73c0-55a3-bc5d-100ccbc59147', '6827e1c0-5b98-6d19-831b-27d9d367aeb0'),
('742938d1-6a57-1510-5269-9f77bda75690', 'CT698', 'Zaiser', '1987-09-24', 'Wendt@outlook.com', '184', '81', 'trái', 1, '5aca2a5b-3d14-4908-d4a8-8ebdaf5d2b61', '114b715b-430f-74cd-d5c6-21b180c0988f'),
('74dd00a8-2b7d-14b7-5326-978952f080e4', 'CT470', 'Traore', '1980-01-08', 'Mignolet@outlook.com', '182', '75', 'phải', 26, '5aca2a5b-3d14-4908-d4a8-8ebdaf5d2b61', '26895d47-1420-68d0-9e66-a58ab8ff47ca'),
('751d9b3c-4512-268d-2826-978952f080e4', 'CT372', 'Timber', '1990-03-11', 'Laidouni@gmail.com', '185', '72', 'trái', 29, '353675f2-73c0-55a3-bc5d-100ccbc59147', '1f60e54f-196f-45f3-5498-ae38c5379e4b'),
('7538f81c-5df4-3ddf-5b69-9f77bda75690', 'CT309', 'Samardzic', '1983-08-15', 'Fuakala@outlook.com', '163', '74', 'phải', 22, '353675f2-73c0-55a3-bc5d-100ccbc59147', '3564d2c8-2839-5bf7-851b-27d9d367aeb0'),
('7599f369-721b-12c1-4269-9f77bda75690', 'CT376', 'Vibe', '1991-07-31', 'Timber@gmail.com', '165', '69', 'phải', 12, '1a79e25d-15ed-25af-66ef-5e83c2936996', '6827e1c0-5b98-6d19-831b-27d9d367aeb0'),
('762efeb2-1b97-4b93-4f80-3a2297d01534', 'CT400', 'Tuanzebe', '1993-11-22', 'Ignatyev@outlook.com', '174', '69', 'phải', 10, '65f88212-5922-6619-4ea4-e0d1ddfbcf7c', '47782bc9-1bf1-7c7b-6ee3-2ceaa9cf3765'),
('76607692-1a71-7b1e-0d6a-4afe230d73a5', 'CT814', 'Kotarski', '1982-09-18', 'Benedetto@yahoo.com', '194', '60', 'phải', 11, '353675f2-73c0-55a3-bc5d-100ccbc59147', '4c411322-7cb4-657d-6fe3-2ceaa9cf3765'),
('77842119-1980-5d66-64cb-b8d37b68af4d', 'CT313', 'Jorginho', '1993-04-20', 'Luis Diaz@gmail.com', '191', '76', 'trái', 13, '1a79e25d-15ed-25af-66ef-5e83c2936996', '4958949d-17c9-454d-841b-27d9d367aeb0'),
('77ddb4fe-38fe-6f30-464a-aea48a10ed18', 'CT075', 'Brandt', '1987-03-18', 'Diallo@gmail.com', '162', '67', 'phải', 11, '353675f2-73c0-55a3-bc5d-100ccbc59147', '23df2104-50d7-1d9c-eadb-93dede770727'),
('77f9db4f-5327-23f3-2b26-978952f080e4', 'CT486', 'Zhemaletdinov', '1995-01-27', 'Mahmut Tekdemir@gmail.com', '193', '72', 'trái', 7, '1a79e25d-15ed-25af-66ef-5e83c2936996', '6e0dc48e-3eac-6143-9b66-a58ab8ff47ca'),
('7800b12e-7d2d-7572-394a-aea48a10ed18', 'CT886', 'Visca', '1980-01-06', 'Young@yahoo.com', '187', '76', 'trái', 27, '353675f2-73c0-55a3-bc5d-100ccbc59147', '1242d680-4f02-3bbb-9d66-a58ab8ff47ca'),
('7836ad8f-67e8-4309-00b5-c8af08a50cbf', 'CT027', 'Perisic', '1991-10-12', 'Boyko@gmail.com', '189', '62', 'phải', 12, '353675f2-73c0-55a3-bc5d-100ccbc59147', '3650c04e-62b1-6908-5598-ae38c5379e4b'),
('7874357d-7110-180b-63cb-b8d37b68af4d', 'CT855', 'Renan Lodi', '1980-01-08', 'Herrera@gmail.com', '176', '89', 'phải', 9, '353675f2-73c0-55a3-bc5d-100ccbc59147', '4958949d-17c9-454d-841b-27d9d367aeb0'),
('79035b8c-21bc-5e66-66cb-b8d37b68af4d', 'CT998', 'Luis Felipe', '1982-09-01', 'Lea Siliki@yahoo.com', '161', '63', 'phải', 6, '353675f2-73c0-55a3-bc5d-100ccbc59147', '47782bc9-1bf1-7c7b-6ee3-2ceaa9cf3765'),
('794ca02a-1314-6ec3-df69-4afe230d73a5', 'CT905', 'Lisakovich', '1980-01-03', 'Ruiz-Atil@outlook.com', '158', '75', 'phải', 17, '65f88212-5922-6619-4ea4-e0d1ddfbcf7c', '1f60e54f-196f-45f3-5498-ae38c5379e4b'),
('7971e10c-2c4e-420e-5a95-2c566fa88632', 'CT817', 'Coman', '1981-12-06', 'Rakisky@yahoo.com', '162', '72', 'trái', 7, '65f88212-5922-6619-4ea4-e0d1ddfbcf7c', '7fa72f44-2825-2b26-d190-152dfadf6d0d'),
('799e5420-3e78-39b7-4871-153b37881afe', 'CT454', 'Huntelaar', '1980-08-29', 'Van de Beek@gmail.com', '188', '84', 'trái', 22, '5aca2a5b-3d14-4908-d4a8-8ebdaf5d2b61', '6827e1c0-5b98-6d19-831b-27d9d367aeb0'),
('79c13594-4781-1b7c-204a-aea48a10ed18', 'CT592', 'Odegaard', '1986-01-19', 'Musaev@gmail.com', '160', '89', 'phải', 19, '353675f2-73c0-55a3-bc5d-100ccbc59147', '1f60e54f-196f-45f3-5498-ae38c5379e4b'),
('79cb8357-27d8-4831-6ccb-b8d37b68af4d', 'CT136', 'Unbehaun', '1997-02-02', 'Muriqi@yahoo.com', '191', '63', 'phải', 25, '353675f2-73c0-55a3-bc5d-100ccbc59147', '114b715b-430f-74cd-d5c6-21b180c0988f'),
('79f7c405-2e1f-3e93-4b95-2c566fa88632', 'CT452', 'Kroos', '1999-08-01', 'Nagatomo@outlook.com', '180', '75', 'phải', 17, '5aca2a5b-3d14-4908-d4a8-8ebdaf5d2b61', '4958949d-17c9-454d-841b-27d9d367aeb0'),
('7a047963-5ae2-3fb9-5069-9f77bda75690', 'CT839', 'Letellier', '1991-10-21', 'Rekik@outlook.com', '169', '70', 'phải', 18, '5aca2a5b-3d14-4908-d4a8-8ebdaf5d2b61', '1242d680-4f02-3bbb-9d66-a58ab8ff47ca'),
('7a7d008f-16e6-64f9-234a-aea48a10ed18', 'CT519', 'Mechele', '1993-11-16', 'Solomon@outlook.com', '168', '68', 'phải', 10, '65f88212-5922-6619-4ea4-e0d1ddfbcf7c', '13a507d0-342d-6292-6de3-2ceaa9cf3765'),
('7a96d02f-2568-2a73-62cb-b8d37b68af4d', 'CT443', 'Horvath', '1981-08-24', 'Correa@outlook.com', '160', '88', 'phải', 1, '353675f2-73c0-55a3-bc5d-100ccbc59147', '4958949d-17c9-454d-841b-27d9d367aeb0'),
('7b0f65a1-28c0-468d-5595-2c566fa88632', 'CT596', 'Sensi', '1980-03-07', 'Savic@outlook.com', '152', '60', 'phải', 11, '353675f2-73c0-55a3-bc5d-100ccbc59147', '234be17d-3820-7daa-5698-ae38c5379e4b'),
('7b38ca60-21fb-211f-5b71-153b37881afe', 'CT915', 'Equreanu', '1992-05-21', 'Coronel@gmail.com', '174', '77', 'trái', 27, '5aca2a5b-3d14-4908-d4a8-8ebdaf5d2b61', '114b715b-430f-74cd-d5c6-21b180c0988f'),
('7b4488cf-608a-454d-5f69-9f77bda75690', 'CT999', 'Dembele', '1980-11-08', 'Plea@gmail.com', '183', '72', 'phải', 15, '5aca2a5b-3d14-4908-d4a8-8ebdaf5d2b61', '26895d47-1420-68d0-9e66-a58ab8ff47ca'),
('7bb00408-72d6-3e72-4795-2c566fa88632', 'CT784', 'Kovacevic', '1980-01-04', 'Lazaro@yahoo.com', '165', '86', 'phải', 21, '353675f2-73c0-55a3-bc5d-100ccbc59147', '1949dae3-4d44-217e-9c66-a58ab8ff47ca'),
('7bb9de20-20fd-692d-4526-978952f080e4', 'CT781', 'Thiago Alcantara', '1996-07-22', 'Thuram@gmail.com', '164', '68', 'phải', 26, '5aca2a5b-3d14-4908-d4a8-8ebdaf5d2b61', '114b715b-430f-74cd-d5c6-21b180c0988f'),
('7bdc5e2d-39c9-61af-374a-aea48a10ed18', 'CT900', 'Adams', '1996-05-07', 'Kondogbia@gmail.com', '156', '76', 'phải', 17, '353675f2-73c0-55a3-bc5d-100ccbc59147', '1242d680-4f02-3bbb-9d66-a58ab8ff47ca'),
('7be690b2-13cd-5e17-5371-153b37881afe', 'CT826', 'Cherny', '1988-11-29', 'Munir@yahoo.com', '165', '69', 'trái', 8, '1a79e25d-15ed-25af-66ef-5e83c2936996', '1242d680-4f02-3bbb-9d66-a58ab8ff47ca'),
('7c1eec59-79ff-4509-5780-3a2297d01534', 'CT351', 'Niguez Esclapez', '1980-01-06', 'Morgun@yahoo.com', '178', '72', 'trái', 29, '1a79e25d-15ed-25af-66ef-5e83c2936996', '234be17d-3820-7daa-5698-ae38c5379e4b'),
('7cb1ec7e-2c13-2c77-f069-4afe230d73a5', 'CT709', 'Ekkelenkamp', '1995-08-14', 'Neuhaus@gmail.com', '183', '84', 'phải', 24, '5aca2a5b-3d14-4908-d4a8-8ebdaf5d2b61', '1949dae3-4d44-217e-9c66-a58ab8ff47ca'),
('7cd00cfc-270f-6728-5126-978952f080e4', 'CT524', 'Hazard', '1998-09-14', 'Nagera@yahoo.com', '157', '66', 'phải', 2, '5aca2a5b-3d14-4908-d4a8-8ebdaf5d2b61', '26895d47-1420-68d0-9e66-a58ab8ff47ca'),
('7d48beff-19b8-521b-5469-9f77bda75690', 'CT183', 'Ruben Semedo', '1980-01-03', 'Thiago Silva@yahoo.com', '191', '81', 'trái', 5, '65f88212-5922-6619-4ea4-e0d1ddfbcf7c', '234be17d-3820-7daa-5698-ae38c5379e4b'),
('7d7bed68-4449-13bd-6269-9f77bda75690', 'CT778', 'Hitz', '1980-03-04', 'Paredes@yahoo.com', '159', '63', 'phải', 26, '353675f2-73c0-55a3-bc5d-100ccbc59147', '4c411322-7cb4-657d-6fe3-2ceaa9cf3765'),
('7d97531a-6272-7b2d-4569-9f77bda75690', 'CT701', 'Gilmour', '1990-09-13', 'Saul Niguez@gmail.com', '170', '60', 'phải', 2, '353675f2-73c0-55a3-bc5d-100ccbc59147', '1949dae3-4d44-217e-9c66-a58ab8ff47ca'),
('7d9fe009-31b1-5cd1-4971-153b37881afe', 'CT196', 'Junuzovic', '1980-01-03', 'Vihena@yahoo.com', '164', '76', 'phải', 24, '1a79e25d-15ed-25af-66ef-5e83c2936996', '6827e1c0-5b98-6d19-831b-27d9d367aeb0'),
('7e336cda-7f4c-3a8e-3895-2c566fa88632', 'CT668', 'Petrov', '1985-12-07', 'Berkay Ozcan@outlook.com', '173', '83', 'phải', 16, '1a79e25d-15ed-25af-66ef-5e83c2936996', '1f60e54f-196f-45f3-5498-ae38c5379e4b'),
('7e7f7dfa-4ab5-1713-6195-2c566fa88632', 'CT100', 'Hunou', '1980-01-26', 'Kharatin@yahoo.com', '174', '79', 'trái', 28, '353675f2-73c0-55a3-bc5d-100ccbc59147', '23df2104-50d7-1d9c-eadb-93dede770727'),
('7f2f326b-4385-3beb-244a-aea48a10ed18', 'CT149', 'Claudio Ramos', '1981-08-04', 'Traore@outlook.com', '183', '63', 'trái', 24, '353675f2-73c0-55a3-bc5d-100ccbc59147', '13a507d0-342d-6292-6de3-2ceaa9cf3765'),
('7f474934-4618-4706-4d69-9f77bda75690', 'CT280', 'Mignolet', '1987-10-07', 'Lazaro@outlook.com', '190', '82', 'phải', 29, '65f88212-5922-6619-4ea4-e0d1ddfbcf7c', '47782bc9-1bf1-7c7b-6ee3-2ceaa9cf3765'),
('7fc94edc-2827-7327-1f1e-21c6d80fbd76', 'CT952', 'Dvali', '1984-08-22', 'Fred@yahoo.com', '157', '77', 'phải', 13, '1a79e25d-15ed-25af-66ef-5e83c2936996', '1f60e54f-196f-45f3-5498-ae38c5379e4b'),
('7fdb190a-4acb-5b68-424a-aea48a10ed18', 'CT132', 'Hasan Ali Kaldırım', '1981-05-12', 'Dalbert@outlook.com', '171', '74', 'trái', 23, '5aca2a5b-3d14-4908-d4a8-8ebdaf5d2b61', '7fa72f44-2825-2b26-d190-152dfadf6d0d');

-- 
-- Dumping data for table vttrongtai
--
INSERT INTO vttrongtai VALUES
('377a154c-4e7c-4476-9d8f-7e1f7da4ef97', 'Trọng tài bàn', 'nothing'),
('4a6320b9-439e-6696-0ba4-f0dbd71bf0ad', 'Trọng tài biên', 'nothing'),
('756e18ee-7f9c-33f8-0878-3ccbef6739df', 'Trọng tài chính', 'nothing');

-- 
-- Dumping data for table hopdongbqth
--
INSERT INTO hopdongbqth VALUES
('11cf33c0-44f7-725b-685f-4db9ab45a18c', 'HD466', 'Hợp đồng Nova Ricci', 'nothing', 'nothing', '2009-07-31', 'nothing', '6af9af24-2ded-185d-eb09-a63d71b861bb', '7e951f52-34a1-2e20-cda7-99e7765afd72'),
('1235d530-6191-4f13-4132-1fe60697734c', 'HD998', 'Hợp đồng Horacio Abel', 'nothing', 'nothing', '2013-12-26', 'nothing', '36668394-764e-71f5-d3be-278c8c20c8a1', '7e951f52-34a1-2e20-cda7-99e7765afd72'),
('13855e01-6c0b-5cb9-5b7d-9d97eb2e0d66', 'HD529', 'Hợp đồng Laci Shuler', 'nothing', 'nothing', '1970-06-21', 'nothing', '79cf0141-1844-2fa0-c2fd-278daae7c16d', '47fc0199-4500-4075-d2a7-99e7765afd72'),
('194814d6-1207-5f75-3e29-aef25fbc82b3', 'HD264', 'Hợp đồng Abel Harris', 'nothing', 'nothing', '2005-12-29', 'nothing', '22877e36-553c-5e68-638d-62cdcf318413', '4fac4b9e-6c96-177f-d292-0ed10b503732'),
('1998f087-5320-231d-567d-9d97eb2e0d66', 'HD660', 'Hợp đồng Ahmad Tremblay', 'nothing', 'nothing', '1971-10-19', 'nothing', '5bcb39ca-52cd-6fa9-916f-c0f6d238b936', '24873f8c-4b36-5550-2bdc-88a3ac8a3bba'),
('1a72ef68-31f6-6771-b945-a68677dd5ef3', 'HD216', 'Hợp đồng Bryce Overby', 'nothing', 'nothing', '1970-07-28', 'nothing', '2c385729-3945-69f9-926f-c0f6d238b936', '61cf5088-6432-5af3-1291-0af2c7f2a1a0'),
('1c500c79-4acd-4d84-3c29-aef25fbc82b3', 'HD443', 'Hợp đồng Garland Garris', 'nothing', 'nothing', '2009-11-25', 'nothing', '6af9af24-2ded-185d-eb09-a63d71b861bb', '396eaf2d-5bc5-5766-e7f2-17995bf2968c'),
('1c5d7244-44c2-6838-597d-9d97eb2e0d66', 'HD605', 'Hợp đồng Ahmad Tremblay', 'nothing', 'nothing', '1984-06-30', 'nothing', '36668394-764e-71f5-d3be-278c8c20c8a1', '4e9da7be-7985-16d6-a066-43a328b17837'),
('1ca61012-388a-7665-4332-1fe60697734c', 'HD598', 'Hợp đồng Shavonne Anthony', 'nothing', 'nothing', '1970-01-10', 'nothing', '5bcb39ca-52cd-6fa9-916f-c0f6d238b936', '35251a6d-3944-4983-ba47-901f27b89d18'),
('1dea3389-4c50-2756-28de-2f417b24e999', 'HD004', 'Hợp đồng Garland Garris', 'nothing', 'nothing', '1970-01-04', 'nothing', '79cf0141-1844-2fa0-c2fd-278daae7c16d', '2bdbb408-2566-47f8-dbab-8b7af6721bcf'),
('1e160c2f-73eb-5f31-4032-1fe60697734c', 'HD078', 'Hợp đồng Olene Oneill', 'nothing', 'nothing', '1988-04-30', 'nothing', '6e28e256-362a-49f9-c3fd-278daae7c16d', '61cf5088-6432-5af3-1291-0af2c7f2a1a0'),
('1e574bb9-3294-7d53-a2fa-27d59245c5d9', 'HD253', 'Hợp đồng Magda Croteau', 'nothing', 'nothing', '2008-07-05', 'nothing', '1ac84e54-1605-73ec-da48-a63e8f7f5b87', '24873f8c-4b36-5550-2bdc-88a3ac8a3bba'),
('1f265ca4-6dce-2e42-5014-cf07c7ad0773', 'HD178', 'Hợp đồng Abby Tuttle', 'nothing', 'nothing', '1976-05-08', 'nothing', '36668394-764e-71f5-d3be-278c8c20c8a1', '51573293-1a8a-5622-be47-901f27b89d18'),
('20b2c186-721a-1d2d-b745-a68677dd5ef3', 'HD540', 'Hợp đồng Linda Alger', 'nothing', 'nothing', '1975-04-07', 'nothing', '1ac84e54-1605-73ec-da48-a63e8f7f5b87', '538eb3ed-1f4f-6709-b9b1-c1540d491251'),
('20d25c61-7957-3a83-4b51-59dcbd91f22d', 'HD073', 'Hợp đồng Dee Burrows', 'nothing', 'nothing', '1970-01-08', 'nothing', '3815457e-5498-2be8-d4be-278c8c20c8a1', '51573293-1a8a-5622-be47-901f27b89d18'),
('23becab8-73ce-4e02-2c06-db2ad9f95814', 'HD342', 'Hợp đồng Alva Duarte', 'nothing', 'nothing', '1993-11-06', 'nothing', '7cf4a79f-43d5-5d92-a9ba-3ea8b7d05250', '74794097-6a44-73fb-e9f2-17995bf2968c'),
('23f7a1e3-6f7b-3463-3f32-1fe60697734c', 'HD937', 'Hợp đồng Ariel Albers', 'nothing', 'nothing', '1970-01-09', 'nothing', '36668394-764e-71f5-d3be-278c8c20c8a1', '5d104629-56c9-1241-daab-8b7af6721bcf'),
('246d0431-1d4e-6308-3f29-aef25fbc82b3', 'HD601', 'Hợp đồng Macy Abbott', 'nothing', 'nothing', '1970-02-03', 'nothing', '1ac84e54-1605-73ec-da48-a63e8f7f5b87', '60e353a5-58e0-5144-d8ab-8b7af6721bcf'),
('24e25cc5-70fc-7fe3-577d-9d97eb2e0d66', 'HD774', 'Hợp đồng Addie Keefe', 'nothing', 'nothing', '1970-04-09', 'nothing', '22877e36-553c-5e68-638d-62cdcf318413', '4ddd46a8-42d2-6d26-1191-0af2c7f2a1a0'),
('259d2b20-6192-4e5d-aafa-27d59245c5d9', 'HD856', 'Hợp đồng Carlos Staton', 'nothing', 'nothing', '2006-02-13', 'nothing', '664c835e-23cc-566d-7cd8-e07eb4c91d2d', '3616bf85-6fa7-5d66-eaf2-17995bf2968c'),
('25b12236-3506-2487-c045-a68677dd5ef3', 'HD836', 'Hợp đồng Beckie Abraham', 'nothing', 'nothing', '1992-03-31', 'nothing', '6af9af24-2ded-185d-eb09-a63d71b861bb', '52865d12-2628-2164-9e66-43a328b17837'),
('26e9261b-547e-6dce-bd45-a68677dd5ef3', 'HD969', 'Hợp đồng Elmo Rooney', 'nothing', 'nothing', '2001-10-21', 'nothing', '664c835e-23cc-566d-7cd8-e07eb4c91d2d', '74794097-6a44-73fb-e9f2-17995bf2968c'),
('2acbee3a-5c89-66ff-abfa-27d59245c5d9', 'HD571', 'Hợp đồng Jude Bishop', 'nothing', 'nothing', '1981-04-20', 'nothing', '635c2f8d-46af-47e5-dc48-a63e8f7f5b87', '7fe66e5d-6151-3077-d692-0ed10b503732'),
('2b14ee0c-49be-4bbf-4d51-59dcbd91f22d', 'HD156', 'Hợp đồng Demetrice Abney', 'nothing', 'nothing', '2017-08-31', 'nothing', '22877e36-553c-5e68-638d-62cdcf318413', '4fac4b9e-6c96-177f-d292-0ed10b503732'),
('2bd0ed28-752b-6195-6b5f-4db9ab45a18c', 'HD840', 'Hợp đồng Kristofer Mccombs', 'nothing', 'nothing', '1982-01-12', 'nothing', '36668394-764e-71f5-d3be-278c8c20c8a1', '61cf5088-6432-5af3-1291-0af2c7f2a1a0'),
('2c3ed621-4f84-7683-bc45-a68677dd5ef3', 'HD109', 'Hợp đồng Victor Abney', 'nothing', 'nothing', '1970-01-10', 'nothing', '635c2f8d-46af-47e5-dc48-a63e8f7f5b87', '45422559-79e1-254d-cfa7-99e7765afd72'),
('2d1187f2-76a0-7a6e-5a7d-9d97eb2e0d66', 'HD761', 'Hợp đồng Horacio Abel', 'nothing', 'nothing', '1985-09-06', 'nothing', '57dad6d6-7d4b-7607-c4fd-278daae7c16d', '7135b52a-553e-39d8-d1a7-99e7765afd72'),
('30817f1e-6473-5a39-5214-cf07c7ad0773', 'HD569', 'Hợp đồng Elden Hook', 'nothing', 'nothing', '1970-03-25', 'nothing', '2c385729-3945-69f9-926f-c0f6d238b936', '2bdbb408-2566-47f8-dbab-8b7af6721bcf'),
('331a96bf-139a-47a4-635f-4db9ab45a18c', 'HD471', 'Hợp đồng Beckie Abraham', 'nothing', 'nothing', '2012-12-07', 'nothing', '79cf0141-1844-2fa0-c2fd-278daae7c16d', '76b970ae-70a0-32ec-b7b1-c1540d491251'),
('33cdbc49-1e22-4ec1-22de-2f417b24e999', 'HD023', 'Hợp đồng Ahmad Tremblay', 'nothing', 'nothing', '2011-01-31', 'nothing', '1ac84e54-1605-73ec-da48-a63e8f7f5b87', '4d963204-46cc-538c-9d66-43a328b17837'),
('33e1ea0d-501e-28d7-4751-59dcbd91f22d', 'HD894', 'Hợp đồng Elbert Horner', 'nothing', 'nothing', '2002-12-08', 'nothing', '520306c1-6198-3120-061c-777061e1fef3', '24b6e294-3962-3cac-eff6-092cdb0ab5e8'),
('34632285-3a65-5f75-a6fa-27d59245c5d9', 'HD087', 'Hợp đồng Abby Tuttle', 'nothing', 'nothing', '2005-01-12', 'nothing', '7cf4a79f-43d5-5d92-a9ba-3ea8b7d05250', '24b6e294-3962-3cac-eff6-092cdb0ab5e8'),
('355788d5-65df-4ae7-3206-db2ad9f95814', 'HD767', 'Hợp đồng Abraham Pogue', 'nothing', 'nothing', '2003-11-16', 'nothing', '5652e88b-3da4-5ab0-7dd8-e07eb4c91d2d', '2d2631c0-30a8-1850-bb47-901f27b89d18'),
('3607ada5-7e56-6e8f-4c51-59dcbd91f22d', 'HD991', 'Hợp đồng Albertina Browning', 'nothing', 'nothing', '2000-08-30', 'nothing', '37bf2411-7aa3-12ca-906f-c0f6d238b936', '641eb0d6-1506-74b9-2adc-88a3ac8a3bba'),
('36284e50-7813-2d40-3929-aef25fbc82b3', 'HD427', 'Hợp đồng Ross Folsom', 'nothing', 'nothing', '1990-08-28', 'nothing', '6af9af24-2ded-185d-eb09-a63d71b861bb', '4ddd46a8-42d2-6d26-1191-0af2c7f2a1a0'),
('37e37fe4-28b0-2855-a9fa-27d59245c5d9', 'HD332', 'Hợp đồng Andrea Carrier', 'nothing', 'nothing', '1972-01-23', 'nothing', '3815457e-5498-2be8-d4be-278c8c20c8a1', '2d2631c0-30a8-1850-bb47-901f27b89d18'),
('37eecc38-17b6-2e8c-a7fa-27d59245c5d9', 'HD287', 'Hợp đồng Albertina Canada', 'nothing', 'nothing', '2000-10-24', 'nothing', '5bcb39ca-52cd-6fa9-916f-c0f6d238b936', '4fac4b9e-6c96-177f-d292-0ed10b503732'),
('37ff8b06-73d5-5c6a-665f-4db9ab45a18c', 'HD976', 'Hợp đồng Dallas Aquino', 'nothing', 'nothing', '2011-04-03', 'nothing', '7cd47758-7ddb-3470-648d-62cdcf318413', '45422559-79e1-254d-cfa7-99e7765afd72'),
('38a77404-1724-6a3e-4a51-59dcbd91f22d', 'HD721', 'Hợp đồng Leonel Betancourt', 'nothing', 'nothing', '1991-06-26', 'nothing', '664c835e-23cc-566d-7cd8-e07eb4c91d2d', '4ddd46a8-42d2-6d26-1191-0af2c7f2a1a0'),
('397335e2-2518-6df0-4e14-cf07c7ad0773', 'HD606', 'Hợp đồng Riley Ferraro', 'nothing', 'nothing', '1972-07-23', 'nothing', '2c385729-3945-69f9-926f-c0f6d238b936', '4d963204-46cc-538c-9d66-43a328b17837'),
('39e1a5b9-5e5b-7404-557d-9d97eb2e0d66', 'HD674', 'Hợp đồng Albertina Canada', 'nothing', 'nothing', '1970-04-10', 'nothing', '3815457e-5498-2be8-d4be-278c8c20c8a1', '7135b52a-553e-39d8-d1a7-99e7765afd72'),
('3b23e19e-51ef-1155-3306-db2ad9f95814', 'HD738', 'Hợp đồng Adah Aiello', 'nothing', 'nothing', '2012-07-05', 'nothing', '1e4772dd-41de-1b16-ec09-a63d71b861bb', '45422559-79e1-254d-cfa7-99e7765afd72'),
('3c080cca-713e-4c4c-a3fa-27d59245c5d9', 'HD138', 'Hợp đồng Adah Aiello', 'nothing', 'nothing', '2021-11-01', 'nothing', '520306c1-6198-3120-061c-777061e1fef3', '61cf5088-6432-5af3-1291-0af2c7f2a1a0'),
('3d3d630f-5a99-6371-a4fa-27d59245c5d9', 'HD921', 'Hợp đồng Shavonne Anthony', 'nothing', 'nothing', '2006-05-31', 'nothing', '2b4568d1-4019-4a1e-aaba-3ea8b7d05250', '4ddd46a8-42d2-6d26-1191-0af2c7f2a1a0'),
('3d91869d-59bb-7ade-4029-aef25fbc82b3', 'HD849', 'Hợp đồng Virgie Picard', 'nothing', 'nothing', '1970-01-06', 'nothing', '6e28e256-362a-49f9-c3fd-278daae7c16d', '3616bf85-6fa7-5d66-eaf2-17995bf2968c'),
('3d991ef6-694b-425e-b545-a68677dd5ef3', 'HD301', 'Hợp đồng Dorsey Mccartney', 'nothing', 'nothing', '2021-10-28', 'nothing', '6af9af24-2ded-185d-eb09-a63d71b861bb', '2229d431-6911-6ec7-d592-0ed10b503732'),
('4054ea66-5041-41df-5c7d-9d97eb2e0d66', 'HD127', 'Hợp đồng Laci Shuler', 'nothing', 'nothing', '1990-05-15', 'nothing', '520306c1-6198-3120-061c-777061e1fef3', '3616bf85-6fa7-5d66-eaf2-17995bf2968c'),
('416fb62a-7aa6-6664-645f-4db9ab45a18c', 'HD250', 'Hợp đồng Abel Harris', 'nothing', 'nothing', '1970-01-05', 'nothing', '7cd47758-7ddb-3470-648d-62cdcf318413', '5d104629-56c9-1241-daab-8b7af6721bcf'),
('4237540d-7107-1306-3006-db2ad9f95814', 'HD194', 'Hợp đồng Jetta Mckenna', 'nothing', 'nothing', '2016-04-27', 'nothing', '2c385729-3945-69f9-926f-c0f6d238b936', '35251a6d-3944-4983-ba47-901f27b89d18'),
('434b53e5-236b-2683-3406-db2ad9f95814', 'HD186', 'Hợp đồng Nova Ricci', 'nothing', 'nothing', '1972-08-09', 'nothing', '664c835e-23cc-566d-7cd8-e07eb4c91d2d', '3616bf85-6fa7-5d66-eaf2-17995bf2968c'),
('440e6e3d-66ae-376f-29de-2f417b24e999', 'HD851', 'Hợp đồng Georgene Sledge', 'nothing', 'nothing', '2011-07-23', 'nothing', '37bf2411-7aa3-12ca-906f-c0f6d238b936', '51573293-1a8a-5622-be47-901f27b89d18'),
('44ee882f-7d40-4a4a-4c14-cf07c7ad0773', 'HD707', 'Hợp đồng Dallas Marrero', 'nothing', 'nothing', '2018-07-02', 'nothing', '2b4568d1-4019-4a1e-aaba-3ea8b7d05250', '592b006d-6335-6101-edf6-092cdb0ab5e8'),
('451dee76-52c4-1d37-25de-2f417b24e999', 'HD557', 'Hợp đồng Willa Blackburn', 'nothing', 'nothing', '2010-03-09', 'nothing', '2b4568d1-4019-4a1e-aaba-3ea8b7d05250', '4fac4b9e-6c96-177f-d292-0ed10b503732'),
('46313c15-7042-6c74-4129-aef25fbc82b3', 'HD758', 'Hợp đồng Beckie Abraham', 'nothing', 'nothing', '2005-04-21', 'nothing', '78a854af-6ff9-2e00-db48-a63e8f7f5b87', '1ae4f1d0-48f9-3cac-2cdc-88a3ac8a3bba'),
('48ca29f0-6bb3-30cb-2e06-db2ad9f95814', 'HD330', 'Hợp đồng Adah Aiello', 'nothing', 'nothing', '1992-10-30', 'nothing', '78a854af-6ff9-2e00-db48-a63e8f7f5b87', '3483adfe-38c9-1789-9f66-43a328b17837'),
('48cf7b00-3fee-40c7-4451-59dcbd91f22d', 'HD860', 'Hợp đồng Ezequiel Crane', 'nothing', 'nothing', '2021-11-07', 'nothing', '1e4772dd-41de-1b16-ec09-a63d71b861bb', '5d104629-56c9-1241-daab-8b7af6721bcf'),
('4bbe43c8-54c4-2288-ba45-a68677dd5ef3', 'HD799', 'Hợp đồng Adah Aiello', 'nothing', 'nothing', '2020-03-22', 'nothing', '6af9af24-2ded-185d-eb09-a63d71b861bb', '1ae4f1d0-48f9-3cac-2cdc-88a3ac8a3bba'),
('4bcddfb6-1b23-3887-a0fa-27d59245c5d9', 'HD140', 'Hợp đồng Abe Sumpter', 'nothing', 'nothing', '1970-03-20', 'nothing', '79cf0141-1844-2fa0-c2fd-278daae7c16d', '4cabaf0d-1c77-2fab-1391-0af2c7f2a1a0'),
('4ef639d0-752d-20f2-6c5f-4db9ab45a18c', 'HD292', 'Hợp đồng Merrill Acker', 'nothing', 'nothing', '2020-12-16', 'nothing', '79cf0141-1844-2fa0-c2fd-278daae7c16d', '7c6369f2-18d3-679e-d7ab-8b7af6721bcf'),
('4f605b8a-4f99-167a-6a5f-4db9ab45a18c', 'HD940', 'Hợp đồng Leonel Betancourt', 'nothing', 'nothing', '1972-05-07', 'nothing', '5bcb39ca-52cd-6fa9-916f-c0f6d238b936', '5d104629-56c9-1241-daab-8b7af6721bcf'),
('4f933a74-5c22-3d68-4d14-cf07c7ad0773', 'HD539', 'Hợp đồng Andrea Carrier', 'nothing', 'nothing', '1974-08-03', 'nothing', '22877e36-553c-5e68-638d-62cdcf318413', '24873f8c-4b36-5550-2bdc-88a3ac8a3bba'),
('50f6e921-3444-6bd3-5414-cf07c7ad0773', 'HD173', 'Hợp đồng Corrine Schindler', 'nothing', 'nothing', '1985-11-26', 'nothing', '635c2f8d-46af-47e5-dc48-a63e8f7f5b87', '215c458d-76a1-715d-b8b1-c1540d491251'),
('51b501de-1b67-1d6c-21de-2f417b24e999', 'HD175', 'Hợp đồng Andrea Adkins', 'nothing', 'nothing', '1970-01-04', 'nothing', '664c835e-23cc-566d-7cd8-e07eb4c91d2d', '12005c59-4cdb-2a35-f0f6-092cdb0ab5e8'),
('51e7f3cf-6de1-7384-4551-59dcbd91f22d', 'HD035', 'Hợp đồng Laci Shuler', 'nothing', 'nothing', '1981-10-09', 'nothing', '37bf2411-7aa3-12ca-906f-c0f6d238b936', '5a80a199-54ec-1c66-d492-0ed10b503732'),
('56087135-3040-2fc6-4651-59dcbd91f22d', 'HD445', 'Hợp đồng Ezequiel Crane', 'nothing', 'nothing', '1970-01-05', 'nothing', '520306c1-6198-3120-061c-777061e1fef3', '396eaf2d-5bc5-5766-e7f2-17995bf2968c'),
('584f63ed-5bc6-7611-655f-4db9ab45a18c', 'HD103', 'Hợp đồng Dexter Altman', 'nothing', 'nothing', '1970-01-08', 'nothing', '6af9af24-2ded-185d-eb09-a63d71b861bb', '2229d431-6911-6ec7-d592-0ed10b503732'),
('59152223-3098-5bce-2f06-db2ad9f95814', 'HD434', 'Hợp đồng Bradley Rickard', 'nothing', 'nothing', '2004-10-02', 'nothing', '36668394-764e-71f5-d3be-278c8c20c8a1', '2d2631c0-30a8-1850-bb47-901f27b89d18'),
('5936ed98-4e22-6872-4b14-cf07c7ad0773', 'HD795', 'Hợp đồng Agustina Quick', 'nothing', 'nothing', '1970-08-01', 'nothing', '1e4772dd-41de-1b16-ec09-a63d71b861bb', '45422559-79e1-254d-cfa7-99e7765afd72'),
('5c81fc59-2d92-582c-a1fa-27d59245c5d9', 'HD408', 'Hợp đồng Avril Thames', 'nothing', 'nothing', '1990-12-13', 'nothing', '37bf2411-7aa3-12ca-906f-c0f6d238b936', '46335fb5-1ac4-66ae-b6b1-c1540d491251'),
('5d6c08b9-2cdb-5cc3-3e32-1fe60697734c', 'HD971', 'Hợp đồng Georgene Sledge', 'nothing', 'nothing', '2018-01-17', 'nothing', '6af9af24-2ded-185d-eb09-a63d71b861bb', '7c6369f2-18d3-679e-d7ab-8b7af6721bcf'),
('5e453b39-4d0f-78a8-4232-1fe60697734c', 'HD709', 'Hợp đồng Rhonda Clinton', 'nothing', 'nothing', '2017-04-28', 'nothing', '635c2f8d-46af-47e5-dc48-a63e8f7f5b87', '24b6e294-3962-3cac-eff6-092cdb0ab5e8'),
('5e88eba9-2ccc-6101-5114-cf07c7ad0773', 'HD782', 'Hợp đồng Jetta Mckenna', 'nothing', 'nothing', '2017-05-24', 'nothing', '57dad6d6-7d4b-7607-c4fd-278daae7c16d', '3483adfe-38c9-1789-9f66-43a328b17837'),
('5f593e45-1d82-4cfa-675f-4db9ab45a18c', 'HD621', 'Hợp đồng Abe Sumpter', 'nothing', 'nothing', '1970-01-02', 'nothing', '520306c1-6198-3120-061c-777061e1fef3', '45422559-79e1-254d-cfa7-99e7765afd72'),
('5f6d0a72-78f4-201c-587d-9d97eb2e0d66', 'HD203', 'Hợp đồng Leonel Betancourt', 'nothing', 'nothing', '1970-01-02', 'nothing', '7cf4a79f-43d5-5d92-a9ba-3ea8b7d05250', '69827ce8-2a62-31e0-bc47-901f27b89d18'),
('608e257f-4efd-530f-9ffa-27d59245c5d9', 'HD289', 'Hợp đồng Curtis Ortega', 'nothing', 'nothing', '1998-06-12', 'nothing', '5bcb39ca-52cd-6fa9-916f-c0f6d238b936', '629d287a-406b-4f35-eef6-092cdb0ab5e8'),
('622f02a6-3578-18a5-4432-1fe60697734c', 'HD616', 'Hợp đồng Olene Oneill', 'nothing', 'nothing', '1974-11-20', 'nothing', '1e4772dd-41de-1b16-ec09-a63d71b861bb', '52865d12-2628-2164-9e66-43a328b17837'),
('635a96d9-5086-6f6e-5314-cf07c7ad0773', 'HD545', 'Hợp đồng Fidel Colvin', 'nothing', 'nothing', '1989-06-06', 'nothing', '57dad6d6-7d4b-7607-c4fd-278daae7c16d', '4f3d42c1-6e2c-2c89-e6f2-17995bf2968c'),
('63a68ba7-7551-7c97-27de-2f417b24e999', 'HD396', 'Hợp đồng Agustina Quick', 'nothing', 'nothing', '1970-06-08', 'nothing', '57dad6d6-7d4b-7607-c4fd-278daae7c16d', '31163c02-33fc-587f-f2f6-092cdb0ab5e8'),
('63ec3b6f-46c2-1e0f-26de-2f417b24e999', 'HD380', 'Hợp đồng Bradley Rickard', 'nothing', 'nothing', '1993-09-29', 'nothing', '79cf0141-1844-2fa0-c2fd-278daae7c16d', '69827ce8-2a62-31e0-bc47-901f27b89d18'),
('63f24943-19ac-7549-be45-a68677dd5ef3', 'HD642', 'Hợp đồng Brooke Salerno', 'nothing', 'nothing', '1971-08-27', 'nothing', '5652e88b-3da4-5ab0-7dd8-e07eb4c91d2d', '3d99a93b-28ef-1fd5-e8f2-17995bf2968c'),
('64376cea-3e8e-15d2-3b29-aef25fbc82b3', 'HD278', 'Hợp đồng Jude Bishop', 'nothing', 'nothing', '1970-01-02', 'nothing', '36668394-764e-71f5-d3be-278c8c20c8a1', '51573293-1a8a-5622-be47-901f27b89d18'),
('6591fa4c-1366-6d19-b845-a68677dd5ef3', 'HD745', 'Hợp đồng Merrill Nieto', 'nothing', 'nothing', '1970-01-21', 'nothing', '57dad6d6-7d4b-7607-c4fd-278daae7c16d', '12005c59-4cdb-2a35-f0f6-092cdb0ab5e8'),
('676a0b19-3adf-6877-3c32-1fe60697734c', 'HD139', 'Hợp đồng Kristofer Mccombs', 'nothing', 'nothing', '1991-03-30', 'nothing', '2b4568d1-4019-4a1e-aaba-3ea8b7d05250', '4d963204-46cc-538c-9d66-43a328b17837'),
('684cddb7-58f9-334d-a8fa-27d59245c5d9', 'HD672', 'Hợp đồng Albertina Browning', 'nothing', 'nothing', '1981-09-30', 'nothing', '22877e36-553c-5e68-638d-62cdcf318413', '396eaf2d-5bc5-5766-e7f2-17995bf2968c'),
('6a941ff4-43a5-234e-4951-59dcbd91f22d', 'HD730', 'Hợp đồng Leonel Betancourt', 'nothing', 'nothing', '2016-01-29', 'nothing', '1e4772dd-41de-1b16-ec09-a63d71b861bb', '4cabaf0d-1c77-2fab-1391-0af2c7f2a1a0'),
('6a9ca5c3-1fe6-152b-4851-59dcbd91f22d', 'HD055', 'Hợp đồng Alethea Barrows', 'nothing', 'nothing', '2004-01-14', 'nothing', '2c385729-3945-69f9-926f-c0f6d238b936', '5017b949-77c1-2758-e5f2-17995bf2968c'),
('6b247db5-21cf-4b38-a5fa-27d59245c5d9', 'HD735', 'Hợp đồng Shavonne Anthony', 'nothing', 'nothing', '1994-07-25', 'nothing', '3815457e-5498-2be8-d4be-278c8c20c8a1', '7135b52a-553e-39d8-d1a7-99e7765afd72'),
('6bf61928-7b91-2f6e-3106-db2ad9f95814', 'HD609', 'Hợp đồng Darnell Acker', 'nothing', 'nothing', '1972-01-09', 'nothing', '6af9af24-2ded-185d-eb09-a63d71b861bb', '3d99a93b-28ef-1fd5-e8f2-17995bf2968c'),
('6bff9ac2-6e11-2f19-4f14-cf07c7ad0773', 'HD652', 'Hợp đồng Idella Swafford', 'nothing', 'nothing', '1989-04-25', 'nothing', '79cf0141-1844-2fa0-c2fd-278daae7c16d', '24873f8c-4b36-5550-2bdc-88a3ac8a3bba'),
('6dd07775-49c8-51fa-2d06-db2ad9f95814', 'HD200', 'Hợp đồng Elbert Horner', 'nothing', 'nothing', '1977-11-22', 'nothing', '1e4772dd-41de-1b16-ec09-a63d71b861bb', '629d287a-406b-4f35-eef6-092cdb0ab5e8'),
('708183fb-38e2-1aa9-3d29-aef25fbc82b3', 'HD467', 'Hợp đồng Alonso Ammons', 'nothing', 'nothing', '1989-11-23', 'nothing', '37bf2411-7aa3-12ca-906f-c0f6d238b936', '538eb3ed-1f4f-6709-b9b1-c1540d491251'),
('7098453c-6c74-3b9d-b645-a68677dd5ef3', 'HD056', 'Hợp đồng Bryce Overby', 'nothing', 'nothing', '2013-05-26', 'nothing', '664c835e-23cc-566d-7cd8-e07eb4c91d2d', '47fc0199-4500-4075-d2a7-99e7765afd72'),
('73cc64d5-7678-1400-23de-2f417b24e999', 'HD589', 'Hợp đồng Addie Card', 'nothing', 'nothing', '1971-11-19', 'nothing', '6e28e256-362a-49f9-c3fd-278daae7c16d', '26908de3-5b2d-58bb-f1f6-092cdb0ab5e8'),
('74c52e3b-7a7a-41e4-bf45-a68677dd5ef3', 'HD325', 'Hợp đồng Rey Rollins', 'nothing', 'nothing', '2007-01-03', 'nothing', '6e28e256-362a-49f9-c3fd-278daae7c16d', '5a80a199-54ec-1c66-d492-0ed10b503732'),
('74e7fd6f-6867-4fb8-695f-4db9ab45a18c', 'HD429', 'Hợp đồng Abby Mares', 'nothing', 'nothing', '1986-12-07', 'nothing', '5bcb39ca-52cd-6fa9-916f-c0f6d238b936', '592b006d-6335-6101-edf6-092cdb0ab5e8'),
('763f3697-1c6c-33a4-bb45-a68677dd5ef3', 'HD994', 'Hợp đồng Alonso Ammons', 'nothing', 'nothing', '1999-12-04', 'nothing', '664c835e-23cc-566d-7cd8-e07eb4c91d2d', '4d963204-46cc-538c-9d66-43a328b17837'),
('79e387c3-4e3d-5635-3a29-aef25fbc82b3', 'HD578', 'Hợp đồng Andrea Adkins', 'nothing', 'nothing', '1981-10-20', 'nothing', '57dad6d6-7d4b-7607-c4fd-278daae7c16d', '7e951f52-34a1-2e20-cda7-99e7765afd72'),
('7ab1cee7-529a-4b57-24de-2f417b24e999', 'HD054', 'Hợp đồng Dia Abbott', 'nothing', 'nothing', '2001-09-25', 'nothing', '6e28e256-362a-49f9-c3fd-278daae7c16d', '61cf5088-6432-5af3-1291-0af2c7f2a1a0'),
('7aee6b6a-2a0a-2f01-5d7d-9d97eb2e0d66', 'HD812', 'Hợp đồng Tim Amador', 'nothing', 'nothing', '1995-08-04', 'nothing', '520306c1-6198-3120-061c-777061e1fef3', '5a80a199-54ec-1c66-d492-0ed10b503732'),
('7cd25f54-3576-7faa-3d32-1fe60697734c', 'HD430', 'Hợp đồng Avril Thames', 'nothing', 'nothing', '1970-04-25', 'nothing', '6af9af24-2ded-185d-eb09-a63d71b861bb', '52865d12-2628-2164-9e66-43a328b17837');

-- 
-- Dumping data for table loaisukien
--
INSERT INTO loaisukien VALUES
('19a201e3-3c7c-6763-f7f2-8f5b24d96315', 'Thẻ vàng', 'nothing'),
('1e33e783-2a86-2cb2-2607-d7fb0652e052', 'Phạm lỗi', 'nothing'),
('1e3fea6d-4c76-3028-01e6-60ef96f96cf1', 'Ghi bàn', 'nothing'),
('3a8e2ab6-61f3-40a6-6777-fd2ea5b5f96c', 'Ra sân', 'nothing'),
('473c87d2-76c0-4e21-eb9a-e23db261d3d7', 'Phá lưới', 'nothing'),
('52776972-4378-19fb-a3b5-71773acb3ca3', 'Kiến tạo', 'nothing'),
('6791db26-20dc-4136-0f3e-0e0d0971fd2e', 'Vào sân', 'nothing'),
('6e4ad26a-2ed5-229e-bb00-f0281f63d6bc', 'Thẻ Đỏ', 'nothing');

-- 
-- Dumping data for table cauthu_doibong_trandau
--
INSERT INTO cauthu_doibong_trandau VALUES
('114b715b-430f-74cd-d5c6-21b180c0988f', False, '1cd29b36-735e-4507-4395-2c566fa88632', '15b51006-20dd-4701-f6ff-0bf8e460a224'),
('1242d680-4f02-3bbb-9d66-a58ab8ff47ca', True, '11db07ea-3a3f-169b-3c80-3a2297d01534', '2624d22e-2c79-58f3-f661-aec1e6494175'),
('13a507d0-342d-6292-6de3-2ceaa9cf3765', True, '43c28052-24df-5238-2a4a-aea48a10ed18', '15b51006-20dd-4701-f6ff-0bf8e460a224'),
('193ee03f-15cd-70e7-bd7b-a3ff9b28ff75', False, '2cca9dd5-1228-294d-3e71-153b37881afe', '2624d22e-2c79-58f3-f661-aec1e6494175'),
('1949dae3-4d44-217e-9c66-a58ab8ff47ca', True, '43c28052-24df-5238-2a4a-aea48a10ed18', '13ad0112-494a-7371-1e82-85029f2a50a2'),
('1f60e54f-196f-45f3-5498-ae38c5379e4b', True, '351a2156-165c-12c5-5726-978952f080e4', '12b28924-2015-5d35-f1ff-0bf8e460a224'),
('234be17d-3820-7daa-5698-ae38c5379e4b', True, '12ba6b8e-17e4-3d68-4a1e-21c6d80fbd76', '136493d2-1738-1f27-39cd-03b483c2e9bb'),
('23df2104-50d7-1d9c-eadb-93dede770727', False, '2cca9dd5-1228-294d-3e71-153b37881afe', '15b90510-1813-5004-29cd-03b483c2e9bb'),
('24b8283e-35c3-4fc4-73e3-2ceaa9cf3765', True, '3c0ea1ce-7cb6-4bf5-4671-153b37881afe', '27ff38f4-62d9-3911-deb4-8d4600c9080b'),
('25a1ce30-4ae1-2133-9f66-a58ab8ff47ca', False, '1954f85f-6680-5dab-6480-3a2297d01534', '1112c9b4-55c0-2384-02ad-2c73cbe1da8e'),
('26895d47-1420-68d0-9e66-a58ab8ff47ca', True, '1cd29b36-735e-4507-4395-2c566fa88632', '13ad0112-494a-7371-1e82-85029f2a50a2'),
('2ed98b4b-4f60-6e40-5798-ae38c5379e4b', True, '4529fc81-35b4-6010-19b5-c8af08a50cbf', '1d120a18-1f8d-47d7-1c82-85029f2a50a2'),
('3198e88a-43ba-6e4f-a366-a58ab8ff47ca', True, '351a2156-165c-12c5-5726-978952f080e4', '1112c9b4-55c0-2384-02ad-2c73cbe1da8e'),
('32eb6bd6-6c74-4c19-d7c6-21b180c0988f', False, '361677bd-4c00-25ea-3a1e-21c6d80fbd76', '3a14d1ad-5e5c-6bcd-0ead-2c73cbe1da8e'),
('34d489e2-6add-5426-d390-152dfadf6d0d', False, '41eda6ce-6226-1f89-02b5-c8af08a50cbf', '27ff38f4-62d9-3911-deb4-8d4600c9080b'),
('3564d2c8-2839-5bf7-851b-27d9d367aeb0', True, '1385958b-3e5b-5032-5d71-153b37881afe', '1da1f7f9-5c1a-2359-05ad-2c73cbe1da8e'),
('357ec50e-37ed-43fc-d6c6-21b180c0988f', False, '2d5a5264-2401-1af0-f469-4afe230d73a5', '1a4396a4-1ae3-1f1b-3ccd-03b483c2e9bb'),
('3650c04e-62b1-6908-5598-ae38c5379e4b', False, '12ba6b8e-17e4-3d68-4a1e-21c6d80fbd76', '12b28924-2015-5d35-f1ff-0bf8e460a224'),
('3800012e-758c-1328-861b-27d9d367aeb0', False, '2d5a5264-2401-1af0-f469-4afe230d73a5', '195d3ac2-5bc7-3c56-34cd-03b483c2e9bb'),
('399fc05a-6ef7-1a2d-3f6b-1629b83affd2', True, '6c8a5f3d-5415-6acc-6dcb-b8d37b68af4d', '1da1f7f9-5c1a-2359-05ad-2c73cbe1da8e'),
('3a0a7c7d-432b-6cf9-871b-27d9d367aeb0', False, '2bd742e7-2f5a-3eae-241e-21c6d80fbd76', '15b51006-20dd-4701-f6ff-0bf8e460a224'),
('3d5b1131-38b5-2128-ebdb-93dede770727', True, '41eda6ce-6226-1f89-02b5-c8af08a50cbf', '221062e7-5e55-3f34-6f65-a41d0e078d49'),
('3e34c4f2-3a6c-62c5-a266-a58ab8ff47ca', False, '361677bd-4c00-25ea-3a1e-21c6d80fbd76', '3744cece-2225-5408-1182-85029f2a50a2'),
('42057b24-694d-4ae8-a166-a58ab8ff47ca', True, '66d7b3f1-34e2-320e-4126-978952f080e4', '3a14d1ad-5e5c-6bcd-0ead-2c73cbe1da8e'),
('446c9f77-34e0-2453-8b1b-27d9d367aeb0', False, '42950a9c-2cfa-3933-4271-153b37881afe', '15b51006-20dd-4701-f6ff-0bf8e460a224'),
('4520aa7f-492a-3c02-a066-a58ab8ff47ca', True, '44bce587-789f-3995-2e1e-21c6d80fbd76', '234e9507-772c-1d50-5a65-a41d0e078d49'),
('45e44dc8-211f-27ef-881b-27d9d367aeb0', True, '6d5cc407-7288-2823-55cb-b8d37b68af4d', '2624d22e-2c79-58f3-f661-aec1e6494175'),
('47782bc9-1bf1-7c7b-6ee3-2ceaa9cf3765', False, '45a4e43d-553a-45b9-5c95-2c566fa88632', '12a55b3d-386e-6f07-7cb0-22cff29e2663'),
('4782d29d-4baf-7371-d290-152dfadf6d0d', True, '3c59298e-6854-4862-07b5-c8af08a50cbf', '234e9507-772c-1d50-5a65-a41d0e078d49'),
('4958949d-17c9-454d-841b-27d9d367aeb0', False, '11db07ea-3a3f-169b-3c80-3a2297d01534', '15b90510-1813-5004-29cd-03b483c2e9bb'),
('4ba825b4-6631-78d1-5998-ae38c5379e4b', False, '3a375312-1aef-42e0-444a-aea48a10ed18', '12a55b3d-386e-6f07-7cb0-22cff29e2663'),
('4c411322-7cb4-657d-6fe3-2ceaa9cf3765', False, '66d7b3f1-34e2-320e-4126-978952f080e4', '3744cece-2225-5408-1182-85029f2a50a2'),
('54878d33-29de-72c5-891b-27d9d367aeb0', False, '2d5a5264-2401-1af0-f469-4afe230d73a5', '12bada4d-7664-71a3-0100-0cf8e460a224'),
('5499db4b-17be-2f25-72e3-2ceaa9cf3765', False, '6c8a5f3d-5415-6acc-6dcb-b8d37b68af4d', '1944b6f1-133c-42bf-0fad-2c73cbe1da8e'),
('5735931e-471e-4e0a-a466-a58ab8ff47ca', False, '361677bd-4c00-25ea-3a1e-21c6d80fbd76', '36683bd3-27cd-2398-ec61-aec1e6494175'),
('592d4ad8-3675-2016-ecdb-93dede770727', False, '42950a9c-2cfa-3933-4271-153b37881afe', '13ad0112-494a-7371-1e82-85029f2a50a2'),
('6123f364-3fd4-3ffe-3e6b-1629b83affd2', True, '2070f208-22b7-41a5-3026-978952f080e4', '27ff38f4-62d9-3911-deb4-8d4600c9080b'),
('6462f381-27bb-2826-d490-152dfadf6d0d', True, '4926ab08-72bb-65f3-5c69-9f77bda75690', '1d120a18-1f8d-47d7-1c82-85029f2a50a2'),
('67cb2614-27d9-36f4-406b-1629b83affd2', False, '31142ee6-3a4d-28d1-6d71-153b37881afe', '1112c9b4-55c0-2384-02ad-2c73cbe1da8e'),
('6827e1c0-5b98-6d19-831b-27d9d367aeb0', False, '2070f208-22b7-41a5-3026-978952f080e4', '221062e7-5e55-3f34-6f65-a41d0e078d49'),
('6e0dc48e-3eac-6143-9b66-a58ab8ff47ca', False, '1385958b-3e5b-5032-5d71-153b37881afe', '1944b6f1-133c-42bf-0fad-2c73cbe1da8e'),
('6ff002a7-47b1-79ff-8a1b-27d9d367aeb0', False, '3c0ea1ce-7cb6-4bf5-4671-153b37881afe', '221062e7-5e55-3f34-6f65-a41d0e078d49'),
('7202aaab-47c8-2e5d-5898-ae38c5379e4b', True, '2bd742e7-2f5a-3eae-241e-21c6d80fbd76', '13ad0112-494a-7371-1e82-85029f2a50a2'),
('7310a7ce-72fc-6d87-55b6-94da9cd298ec', True, '3c59298e-6854-4862-07b5-c8af08a50cbf', '1a805adb-2519-2e9d-0984-9c028a2517db'),
('74ceacc3-3385-445b-5a98-ae38c5379e4b', False, '44bce587-789f-3995-2e1e-21c6d80fbd76', '1a805adb-2519-2e9d-0984-9c028a2517db'),
('75c44418-37aa-50bc-70e3-2ceaa9cf3765', False, '4529fc81-35b4-6010-19b5-c8af08a50cbf', '11c74af0-3e04-527d-e7b4-8d4600c9080b'),
('7c3b7b80-7de9-412e-54b6-94da9cd298ec', True, '6d5cc407-7288-2823-55cb-b8d37b68af4d', '15b90510-1813-5004-29cd-03b483c2e9bb'),
('7d765e2c-410d-67ac-71e3-2ceaa9cf3765', False, '66d7b3f1-34e2-320e-4126-978952f080e4', '36683bd3-27cd-2398-ec61-aec1e6494175'),
('7f333d8e-5137-568f-be7b-a3ff9b28ff75', True, '4926ab08-72bb-65f3-5c69-9f77bda75690', '11c74af0-3e04-527d-e7b4-8d4600c9080b'),
('7fa72f44-2825-2b26-d190-152dfadf6d0d', True, '12ba6b8e-17e4-3d68-4a1e-21c6d80fbd76', '1112c9b4-55c0-2384-02ad-2c73cbe1da8e');

-- 
-- Dumping data for table trongtai
--
INSERT INTO trongtai VALUES
('11cd9f82-5de4-3066-55c3-2450fa6a3f0f', 'TT346', 'Loren Abbott', '1989-02-05', '0866283812', 'Katelyn.Angel@example.com', 'Estadio Mineirao', 14, 'nothing'),
('141e1183-6697-1649-53c3-2450fa6a3f0f', 'TT646', 'Agustina Quick', '1971-04-12', '0883332923', 'Duncan_Shin664@nowhere.com', 'Arena De Sao Paulo', 6, 'nothing'),
('16656031-3d2e-6748-e80b-4ddb3f520f9b', 'TT449', 'Willa Blackburn', '1970-02-10', '0346959874', 'SantiagoARodriguez@nowhere.com', 'Arena Pernambuco', 4, 'nothing'),
('16901ac2-6754-2114-e70b-4ddb3f520f9b', 'TT305', 'Victor Lemus', '1977-04-22', '0840719761', 'Abbott@example.com', 'Estadio Do Maracana', 9, 'nothing'),
('16fe0a4f-3482-2b91-6b0e-a301df02d928', 'TT118', 'Dorsey Mccartney', '1983-10-08', '0704984025', 'vhkof0165@nowhere.com', 'Estadio Pantanal', 8, 'nothing'),
('19dc6ca9-1db8-320a-486a-5d2dfa3acc6d', 'TT069', 'Magda Croteau', '1984-10-16', '01239629327', 'Keli.OMcgraw526@example.com', 'Estadio Do Maracana', 3, 'nothing'),
('1aab1914-6163-3c68-446a-5d2dfa3acc6d', 'TT709', 'Dexter Altman', '1986-05-13', '0966834335', 'Chadwick3@nowhere.com', 'Estadio Das Dunas', 4, 'nothing'),
('1c3fcdb0-6bea-784d-4729-a0f052958fd4', 'TT268', 'Petronila Duvall', '1975-01-23', '0342596419', 'RobBinder@example.com', 'Estadio Nacional', 11, 'nothing'),
('1dec1128-6aeb-39f2-4a86-1a6b96b64d65', 'TT653', 'Dorsey Mccartney', '1970-01-02', '0818309837', 'GertrudConroy143@example.com', 'Estadio Castelao', 8, 'nothing'),
('1e42896c-2b2c-1cfe-313b-9cb9b11eb44b', 'TT012', 'Abram Lombard', '1987-08-13', '0325964542', 'OrethaPerdue2@example.com', 'Estadio Pantanal', 8, 'nothing'),
('20195f88-2048-7f20-fd56-cb8c24eaa8b4', 'TT195', 'Daniele Wasson', '1977-01-12', '0996220899', 'ogqojyxj5136@example.com', 'Arena De Sao Paulo', 11, 'nothing'),
('206acb5b-73c3-59af-4229-a0f052958fd4', 'TT153', 'Dallas Aquino', '1989-05-22', '0506727237', 'NigelLang22@example.com', 'Arena Pernambuco', 13, 'nothing'),
('22a803f4-17dd-4c83-476a-5d2dfa3acc6d', 'TT163', 'Loren Abbott', '1970-03-28', '0346446651', 'DarwinS_Jewell@example.com', 'Estadio Da Baixada', 11, 'nothing'),
('22c69f81-421f-5ff9-690e-a301df02d928', 'TT116', 'Adah Aiello', '1972-06-13', '0726213589', 'AbigailBrunner@example.com', 'Estadio Castelao', 15, 'nothing'),
('24cc8d61-3975-72be-fb56-cb8c24eaa8b4', 'TT054', 'Tim Amador', '1970-01-10', '0322493048', 'Woodworth547@example.com', 'Estadio Nacional', 8, 'nothing'),
('272b6775-53af-4680-5ab5-dbdeded26587', 'TT031', 'Victor Abney', '1989-06-25', '0361490703', 'JennifferHooker@example.com', 'Estadio Nacional', 3, 'nothing'),
('2786f42b-5723-5b86-ff56-cb8c24eaa8b4', 'TT694', 'Olene Oneill', '1973-08-04', '0525189389', 'Stanley.Carl@example.com', 'Estadio Nacional', 10, 'nothing'),
('27d0ee1e-54c8-1826-4a29-a0f052958fd4', 'TT467', 'Ahmad Tremblay', '1970-11-11', '01259736957', 'AzaleeWilhite98@example.com', 'Estadio Castelao', 11, 'nothing'),
('2804d021-6b21-7b58-4329-a0f052958fd4', 'TT723', 'Karey Hagen', '1990-11-19', '0576644151', 'Lim13@example.com', 'Estadio Castelao', 8, 'nothing'),
('28b80c59-3a57-4451-5e74-1ea2372d29ee', 'TT640', 'Albertina Browning', '1989-02-06', '0503154581', 'Kieth.Locke519@example.com', 'Estadio Do Maracana', 3, 'nothing'),
('2c321377-252e-743f-60b5-dbdeded26587', 'TT447', 'Riley Ferraro', '1970-01-07', '0847237234', 'AlcornP@example.com', 'Estadio Castelao', 9, 'nothing'),
('2ede2553-782b-6f1a-5974-1ea2372d29ee', 'TT725', 'Riley Ferraro', '1990-02-16', '0929789093', 'tixrzxca_iaeaib@example.com', 'Estadio Das Dunas', 8, 'nothing'),
('2ee5f1c4-5468-5ac0-4c86-1a6b96b64d65', 'TT626', 'Jamar Rector', '1986-12-14', '0892655667', 'ChungAbreu@example.com', 'Estadio Das Dunas', 14, 'nothing'),
('31804340-66ff-7ffd-56c3-2450fa6a3f0f', 'TT866', 'Idella Swafford', '1978-04-10', '0980587879', 'Monroe_Barraza338@nowhere.com', 'Estadio Da Baixada', 11, 'nothing'),
('31ccfe67-11bc-5256-5874-1ea2372d29ee', 'TT689', 'Loren Abbott', '1970-02-13', '0360200891', 'Camacho48@nowhere.com', 'Estadio Mineirao', 7, 'nothing'),
('32b0ab15-667f-4023-5c74-1ea2372d29ee', 'TT729', 'Abby Tuttle', '1972-02-04', '0799802381', 'Church4@example.com', 'Estadio Do Maracana', 15, 'nothing'),
('343246d6-164e-5efe-6e0e-a301df02d928', 'TT311', 'Dexter Altman', '1971-12-24', '0366034660', 'Colby126@example.com', 'Estadio Das Dunas', 12, 'nothing'),
('34f5fe41-2969-4d6f-416a-5d2dfa3acc6d', 'TT882', 'Ben Abrams', '1970-01-17', '0901003660', 'Aleida_Law@example.com', 'Estadio Beira-Rio', 8, 'nothing'),
('38b29f49-12e0-4840-6a0e-a301df02d928', 'TT550', 'Russell Lyman', '1981-11-24', '0785162294', 'DylanR_Kaufman431@example.com', 'Estadio Mineirao', 14, 'nothing'),
('39ad0e2a-32b6-6c15-436a-5d2dfa3acc6d', 'TT484', 'Ariel Albers', '1981-11-25', '01980337917', 'Gaffney@example.com', 'Estadio Da Baixada', 8, 'nothing'),
('3a4a641c-5514-36ee-353b-9cb9b11eb44b', 'TT541', 'Bradley Rickard', '1970-01-04', '0723921484', 'AbigailSweeney7@nowhere.com', 'Arena Pernambuco', 8, 'nothing'),
('3a6b8829-2a3b-7d59-5fb5-dbdeded26587', 'TT332', 'Nova Ricci', '1981-08-16', '0907851298', 'Bowens@nowhere.com', 'Estadio Mineirao', 7, 'nothing'),
('3b6ccc23-6972-7d6c-e60b-4ddb3f520f9b', 'TT232', 'Jeffry Alcala', '1979-03-15', '01980175370', 'BonitaMaples@nowhere.com', 'Estadio Mineirao', 9, 'nothing'),
('3e72ec66-42df-3ee8-e40b-4ddb3f520f9b', 'TT564', 'Ariel Albers', '1970-01-10', '0330133022', 'Richmond@nowhere.com', 'Estadio Do Maracana', 9, 'nothing'),
('3f089a0d-6d84-3f45-5b74-1ea2372d29ee', 'TT707', 'Riley Ferraro', '1970-03-07', '0790829351', 'Homer@nowhere.com', 'Estadio Castelao', 11, 'nothing'),
('3f48bcea-39ce-4257-0057-cb8c24eaa8b4', 'TT749', 'Ema Cannon', '1970-01-10', '0730657128', 'Freddie.K.Chadwick1@example.com', 'Estadio Do Maracana', 15, 'nothing'),
('413faaf3-7875-5b71-52c3-2450fa6a3f0f', 'TT634', 'Ross Folsom', '1982-04-13', '01|81006547', 'Stan.Leonard@example.com', 'Arena Pernambuco', 3, 'nothing'),
('41aa6831-7bc7-38b5-6074-1ea2372d29ee', 'TT358', 'Carlos Staton', '1980-04-23', '0872689730', 'JefferyAcker4@example.com', 'Estadio Do Maracana', 12, 'nothing'),
('42b1ac74-2693-1fbd-5db5-dbdeded26587', 'TT751', 'Alonso Ammons', '1977-08-24', '01|20976818', 'AdanWise@nowhere.com', 'Estadio Mineirao', 12, 'nothing'),
('456df03c-703b-5ff2-680e-a301df02d928', 'TT382', 'Karlene Pickard', '1970-01-09', '0814812253', 'Dickens@example.com', 'Estadio Do Maracana', 8, 'nothing'),
('498d18a7-5242-6712-59b5-dbdeded26587', 'TT939', 'Merrill Nieto', '1986-01-08', '0339832691', 'WaldoLopes@example.com', 'Estadio Castelao', 12, 'nothing'),
('49ea110b-5ecc-46cd-5d74-1ea2372d29ee', 'TT782', 'Corrine Schindler', '1971-03-08', '0396808004', 'LatriciaPappas935@example.com', 'Estadio Das Dunas', 13, 'nothing'),
('49f60368-1782-76e6-fe56-cb8c24eaa8b4', 'TT690', 'Galen Abreu', '1983-10-06', '0534281038', 'Trout@example.com', 'Arena De Sao Paulo', 4, 'nothing'),
('4c9c5e7c-57cc-7e0a-e50b-4ddb3f520f9b', 'TT312', 'Melita Rasmussen', '1970-12-27', '0919921467', 'shkfs19@nowhere.com', 'Estadio Nacional', 10, 'nothing'),
('4cdbdb55-3a3b-111b-5eb5-dbdeded26587', 'TT504', 'Elbert Horner', '1977-09-09', '0555846429', 'Keeney@example.com', 'Estadio Nacional', 12, 'nothing'),
('4d359485-6e20-2040-e30b-4ddb3f520f9b', 'TT876', 'Fidel Colvin', '1990-08-08', '0316686008', 'Thigpen@nowhere.com', 'Estadio Das Dunas', 9, 'nothing'),
('4fdca328-31b7-14ca-4929-a0f052958fd4', 'TT678', 'Agustina Quick', '1976-07-25', '0763100056', 'AikoAbrams@nowhere.com', 'Estadio Nacional', 14, 'nothing'),
('510e115b-1cb9-4d1d-5cb5-dbdeded26587', 'TT080', 'Loren Abbott', '1979-10-16', '0701106747', 'FlorentinoBriseno584@example.com', 'Arena De Sao Paulo', 13, 'nothing'),
('517f7b20-603a-53f2-50c3-2450fa6a3f0f', 'TT292', 'Rayna Amos', '1970-03-26', '0339967370', 'AundreaAllan@example.com', 'Estadio Do Maracana', 8, 'nothing'),
('51a6c43b-4740-4a8a-4529-a0f052958fd4', 'TT845', 'Victor Lemus', '1984-08-19', '0947706790', 'Bumgarner26@example.com', 'Estadio Mineirao', 6, 'nothing'),
('530551f2-4d70-7aa5-333b-9cb9b11eb44b', 'TT829', 'Garland Garris', '1970-01-04', '0345192561', 'xkynk5@example.com', 'Estadio Mineirao', 13, 'nothing'),
('5356f097-3bf7-748c-5a74-1ea2372d29ee', 'TT878', 'Dia Abbott', '1986-03-22', '0859019133', 'Hager@example.com', 'Estadio Da Baixada', 4, 'nothing'),
('55433628-771e-1497-5774-1ea2372d29ee', 'TT178', 'Dorsey Mccartney', '1970-01-03', '01801764781', 'AdaIsaac6@nowhere.com', 'Estadio Pantanal', 5, 'nothing'),
('563303ec-1b67-7130-2e3b-9cb9b11eb44b', 'TT127', 'Linda Alger', '1980-12-03', '01|45621026', 'DaraStackhouse@example.com', 'Estadio Das Dunas', 14, 'nothing'),
('56eec1b8-3f4c-406f-5bb5-dbdeded26587', 'TT670', 'Romaine Derr', '1983-06-11', '01272508377', 'Mildred.Cornelius@nowhere.com', 'Estadio Do Maracana', 11, 'nothing'),
('57c524d1-232a-1b0d-4986-1a6b96b64d65', 'TT035', 'Kristofer Mccombs', '1981-10-29', '0748461952', 'Shellie.Ledbetter196@nowhere.com', 'Arena De Sao Paulo', 10, 'nothing'),
('58c4d986-69d0-111e-6f0e-a301df02d928', 'TT581', 'Russell Lyman', '1970-01-04', '0304120400', 'kwuse4572@nowhere.com', 'Arena De Sao Paulo', 3, 'nothing'),
('5a12564e-573f-1b9d-fc56-cb8c24eaa8b4', 'TT594', 'Merrill Nieto', '1980-01-24', '0939806733', 'vjncoksh4@example.com', 'Estadio Do Maracana', 14, 'nothing'),
('5a5b63c6-3f24-695b-51c3-2450fa6a3f0f', 'TT043', 'Rey Rollins', '1989-08-07', '0318272175', 'Chase.P.Bair197@example.com', 'Arena De Sao Paulo', 10, 'nothing'),
('5c8560f8-4901-4f4c-57c3-2450fa6a3f0f', 'TT051', 'Georgene Sledge', '1983-01-31', '0937332139', 'yjpl218@example.com', 'Arena De Sao Paulo', 9, 'nothing'),
('5db8be79-24bb-5e5a-4e86-1a6b96b64d65', 'TT652', 'Alonso Ammons', '1973-06-30', '0391597306', 'BenitezY9@example.com', 'Estadio Mineirao', 13, 'nothing'),
('609e44ee-7d49-6d07-426a-5d2dfa3acc6d', 'TT259', 'Ariel Albers', '1976-03-30', '0955530726', 'Porsha.Ferraro219@nowhere.com', 'Estadio Mineirao', 15, 'nothing'),
('61a809e4-51c8-7041-4d86-1a6b96b64d65', 'TT413', 'Macy Abbott', '1979-08-11', '0961303287', 'Abel8@example.com', 'Estadio Mineirao', 6, 'nothing'),
('6211f0df-157b-4666-4429-a0f052958fd4', 'TT715', 'Andrea Carrier', '1973-04-08', '0734830403', 'Keeler@example.com', 'Estadio Das Dunas', 6, 'nothing'),
('62981b47-2968-7bf3-323b-9cb9b11eb44b', 'TT000', 'Karlene Pickard', '1972-09-10', '0314598398', 'LeonHaag2@example.com', 'Estadio Da Baixada', 14, 'nothing'),
('6312299e-39fb-2522-4b86-1a6b96b64d65', 'TT903', 'Laci Shuler', '1977-05-29', '0910194054', 'Oren_F_Chow@example.com', 'Arena De Sao Paulo', 12, 'nothing'),
('63511dd3-194d-471f-4829-a0f052958fd4', 'TT952', 'Addie Card', '1974-04-07', '0776182900', 'nfcmpf0259@nowhere.com', 'Estadio Amazonia', 3, 'nothing'),
('65b54220-49df-6e31-303b-9cb9b11eb44b', 'TT671', 'Ema Cannon', '1972-07-05', '01937387851', 'AliciaBabcock952@nowhere.com', 'Estadio Das Dunas', 6, 'nothing'),
('698565e5-74bf-4b0c-4129-a0f052958fd4', 'TT990', 'Victor Abney', '1971-04-16', '01205498246', 'JimmySales4@example.com', 'Estadio Do Maracana', 14, 'nothing'),
('6f3eaa2b-2f05-7263-2f3b-9cb9b11eb44b', 'TT837', 'Abel Harris', '1970-01-02', '0314045692', 'VanceJones46@example.com', 'Estadio Castelao', 14, 'nothing'),
('70f7a3dc-63d1-12fb-4786-1a6b96b64d65', 'TT927', 'Beckie Abraham', '1981-11-29', '0740846471', 'JewelKeeling11@example.com', 'Estadio Amazonia', 11, 'nothing'),
('722026a9-2ed9-6f2c-54c3-2450fa6a3f0f', 'TT517', 'Alonso Ammons', '1984-10-07', '0367226875', 'Kay_Khan71@nowhere.com', 'Estadio Pantanal', 7, 'nothing'),
('72b9b24a-7af0-7f37-6d0e-a301df02d928', 'TT991', 'Brooke Salerno', '1982-03-31', '0929075253', 'CristyCouch@nowhere.com', 'Estadio Da Baixada', 6, 'nothing'),
('736dda29-6e43-4ab7-5f74-1ea2372d29ee', 'TT130', 'Jetta Mckenna', '1975-09-12', '0859516581', 'Blanton57@example.com', 'Estadio Pantanal', 3, 'nothing'),
('74ea59dd-547e-6a67-343b-9cb9b11eb44b', 'TT792', 'Ezequiel Crane', '1971-12-02', '0795229617', 'GarrettArroyo@nowhere.com', 'Arena Pernambuco', 7, 'nothing'),
('79327f48-3dbe-3617-456a-5d2dfa3acc6d', 'TT174', 'Shantell Benner', '1986-01-29', '0528907674', 'ErynDonaldson931@nowhere.com', 'Arena De Sao Paulo', 11, 'nothing'),
('79cad3f2-510c-5dfc-6c0e-a301df02d928', 'TT104', 'Stan Bobbitt', '1977-09-12', '0819874671', 'StaciaRobins@example.com', 'Estadio Do Maracana', 3, 'nothing'),
('7b438bf4-3174-5f39-4629-a0f052958fd4', 'TT250', 'Karey Hagen', '1970-02-08', '01685665114', 'Francois81@nowhere.com', 'Estadio Amazonia', 8, 'nothing'),
('7c21432d-5fbf-76c7-4886-1a6b96b64d65', 'TT309', 'Garland Garris', '1970-04-20', '0785611389', 'Coley@example.com', 'Estadio Mineirao', 6, 'nothing'),
('7e585292-4919-42e0-466a-5d2dfa3acc6d', 'TT818', 'Melita Rasmussen', '1976-04-05', '01|49800339', 'Jake.BBarrett91@example.com', 'Estadio Das Dunas', 6, 'nothing');

-- 
-- Dumping data for table trongtai_tott
--
INSERT INTO trongtai_tott VALUES
('117802a5-4825-6a0d-2455-0a8a4ed2591d', 56000000, True, '4a6320b9-439e-6696-0ba4-f0dbd71bf0ad', '50a9c3e5-54de-4737-1f61-f60fc72b7de2', '272b6775-53af-4680-5ab5-dbdeded26587'),
('124930c7-228d-3bff-839b-e6a029f4a786', 54000000, False, '377a154c-4e7c-4476-9d8f-7e1f7da4ef97', '2fdae412-7f4a-6ecc-94bb-829820139dc6', '609e44ee-7d49-6d07-426a-5d2dfa3acc6d'),
('12703790-4039-730b-080a-8cd8693ac003', 44000000, True, '4a6320b9-439e-6696-0ba4-f0dbd71bf0ad', '59350888-6758-2a0a-7b70-04e73b7b03ad', '74ea59dd-547e-6a67-343b-9cb9b11eb44b'),
('1297e787-6a12-3315-2055-0a8a4ed2591d', 43000000, True, '756e18ee-7f9c-33f8-0878-3ccbef6739df', '132a0dc4-33ae-7205-93bb-829820139dc6', '517f7b20-603a-53f2-50c3-2450fa6a3f0f'),
('15a4471c-56b6-3d77-a808-a8e7d344e4bf', 58000000, False, '756e18ee-7f9c-33f8-0878-3ccbef6739df', '7a2a9d8e-3ad6-59dc-943c-b6db1b08a834', '65b54220-49df-6e31-303b-9cb9b11eb44b'),
('16d5587e-2e58-400c-8fbd-2936efac4aa6', 57000000, False, '377a154c-4e7c-4476-9d8f-7e1f7da4ef97', '50a9c3e5-54de-4737-1f61-f60fc72b7de2', '31ccfe67-11bc-5256-5874-1ea2372d29ee'),
('17288881-340a-5077-0842-26ca2480a7dc', 36500000, True, '4a6320b9-439e-6696-0ba4-f0dbd71bf0ad', '64064254-4c18-2023-6bb1-dae6d51a1f11', '1aab1914-6163-3c68-446a-5d2dfa3acc6d'),
('17d19b10-6c11-4e13-6750-68ef445c0e6d', 43500000, True, '377a154c-4e7c-4476-9d8f-7e1f7da4ef97', '132a0dc4-33ae-7205-93bb-829820139dc6', '27d0ee1e-54c8-1826-4a29-a0f052958fd4'),
('18f0a456-1903-56ab-6650-68ef445c0e6d', 35000000, False, '4a6320b9-439e-6696-0ba4-f0dbd71bf0ad', '6765d569-13ee-7c83-83fc-5898bab2b82a', '6f3eaa2b-2f05-7263-2f3b-9cb9b11eb44b'),
('1acea106-4634-535e-829b-e6a029f4a786', 51000000, False, '377a154c-4e7c-4476-9d8f-7e1f7da4ef97', '7e30f019-2be3-2ece-ff2e-b100daa09d86', '498d18a7-5242-6712-59b5-dbdeded26587'),
('1ada9d88-7287-7445-4e53-1050df853c63', 36000000, True, '377a154c-4e7c-4476-9d8f-7e1f7da4ef97', '64064254-4c18-2023-6bb1-dae6d51a1f11', '456df03c-703b-5ff2-680e-a301df02d928'),
('1bcdeec5-791b-1f4e-8ebd-2936efac4aa6', 51500000, True, '4a6320b9-439e-6696-0ba4-f0dbd71bf0ad', '7e30f019-2be3-2ece-ff2e-b100daa09d86', '58c4d986-69d0-111e-6f0e-a301df02d928'),
('1c7d9834-4bbc-15b6-1c8d-a47b091841f6', 29000000, True, '4a6320b9-439e-6696-0ba4-f0dbd71bf0ad', '3287d147-4258-7142-7970-04e73b7b03ad', '27d0ee1e-54c8-1826-4a29-a0f052958fd4'),
('1ccaad6b-7fae-39b9-070a-8cd8693ac003', 42500000, False, '4a6320b9-439e-6696-0ba4-f0dbd71bf0ad', '132a0dc4-33ae-7205-93bb-829820139dc6', '3b6ccc23-6972-7d6c-e60b-4ddb3f520f9b'),
('1ce63dae-324a-2ee1-a308-a8e7d344e4bf', 29500000, True, '756e18ee-7f9c-33f8-0878-3ccbef6739df', '3287d147-4258-7142-7970-04e73b7b03ad', '2c321377-252e-743f-60b5-dbdeded26587'),
('2129d3aa-6df1-6c70-0642-26ca2480a7dc', 26500000, True, '756e18ee-7f9c-33f8-0878-3ccbef6739df', '47e574a7-6b12-5ad9-82fc-5898bab2b82a', '22c69f81-421f-5ff9-690e-a301df02d928'),
('21be37d8-7061-61cf-2355-0a8a4ed2591d', 52000000, False, '756e18ee-7f9c-33f8-0878-3ccbef6739df', '54f3da6c-79d9-44f5-6cb1-dae6d51a1f11', '1dec1128-6aeb-39f2-4a86-1a6b96b64d65'),
('25e38662-6554-4ea5-809b-e6a029f4a786', 46500000, True, '377a154c-4e7c-4476-9d8f-7e1f7da4ef97', '58ecf563-62ca-6e47-84fc-5898bab2b82a', '272b6775-53af-4680-5ab5-dbdeded26587'),
('26dc7f88-381c-51b1-6950-68ef445c0e6d', 48500000, True, '4a6320b9-439e-6696-0ba4-f0dbd71bf0ad', '2c7039e5-73b7-2fe0-e6e3-324ff508046d', '55433628-771e-1497-5774-1ea2372d29ee'),
('27daa507-4b54-62d4-090a-8cd8693ac003', 45500000, True, '4a6320b9-439e-6696-0ba4-f0dbd71bf0ad', '59350888-6758-2a0a-7b70-04e73b7b03ad', '1aab1914-6163-3c68-446a-5d2dfa3acc6d'),
('295a4597-5ba4-669c-4b53-1050df853c63', 27000000, False, '377a154c-4e7c-4476-9d8f-7e1f7da4ef97', '47e574a7-6b12-5ad9-82fc-5898bab2b82a', '16656031-3d2e-6748-e80b-4ddb3f520f9b'),
('29f43b84-5a06-7ef1-a208-a8e7d344e4bf', 25000000, False, '756e18ee-7f9c-33f8-0878-3ccbef6739df', '2a32a549-1c73-6d78-fe2e-b100daa09d86', '517f7b20-603a-53f2-50c3-2450fa6a3f0f'),
('2c88db70-764f-6b1f-8cbd-2936efac4aa6', 37500000, False, '377a154c-4e7c-4476-9d8f-7e1f7da4ef97', '64064254-4c18-2023-6bb1-dae6d51a1f11', '41aa6831-7bc7-38b5-6074-1ea2372d29ee'),
('2e3f5af3-5644-6f6e-040a-8cd8693ac003', 26000000, True, '4a6320b9-439e-6696-0ba4-f0dbd71bf0ad', '47e574a7-6b12-5ad9-82fc-5898bab2b82a', '206acb5b-73c3-59af-4229-a0f052958fd4'),
('2f97f93f-360c-242e-0a0a-8cd8693ac003', 50500000, False, '756e18ee-7f9c-33f8-0878-3ccbef6739df', '7e30f019-2be3-2ece-ff2e-b100daa09d86', '456df03c-703b-5ff2-680e-a301df02d928'),
('31bdcb3b-2bcf-1667-4f53-1050df853c63', 49000000, True, '756e18ee-7f9c-33f8-0878-3ccbef6739df', '2c7039e5-73b7-2fe0-e6e3-324ff508046d', '2786f42b-5723-5b86-ff56-cb8c24eaa8b4'),
('31f52041-6a25-5022-0a42-26ca2480a7dc', 41000000, False, '4a6320b9-439e-6696-0ba4-f0dbd71bf0ad', '11408d06-1a15-51c7-34ac-74c1abc316fc', '1aab1914-6163-3c68-446a-5d2dfa3acc6d'),
('322ecb3e-4a19-1f63-4d53-1050df853c63', 34000000, True, '756e18ee-7f9c-33f8-0878-3ccbef6739df', '6765d569-13ee-7c83-83fc-5898bab2b82a', '49f60368-1782-76e6-fe56-cb8c24eaa8b4'),
('33eb7493-3ade-4ac4-4c53-1050df853c63', 28500000, True, '377a154c-4e7c-4476-9d8f-7e1f7da4ef97', '3287d147-4258-7142-7970-04e73b7b03ad', '32b0ab15-667f-4023-5c74-1ea2372d29ee'),
('34cd7449-4970-5a3e-89bd-2936efac4aa6', 23000000, False, '4a6320b9-439e-6696-0ba4-f0dbd71bf0ad', '2501ff37-299c-273f-e5e3-324ff508046d', '1aab1914-6163-3c68-446a-5d2dfa3acc6d'),
('39d528df-58c4-6dfd-6b50-68ef445c0e6d', 58500000, True, '377a154c-4e7c-4476-9d8f-7e1f7da4ef97', '7a2a9d8e-3ad6-59dc-943c-b6db1b08a834', '272b6775-53af-4680-5ab5-dbdeded26587'),
('3a2ce541-624a-1497-3708-929efaeda249', 49500000, False, '377a154c-4e7c-4476-9d8f-7e1f7da4ef97', '2c7039e5-73b7-2fe0-e6e3-324ff508046d', '5356f097-3bf7-748c-5a74-1ea2372d29ee'),
('3b805bff-5981-74aa-7e9b-e6a029f4a786', 33500000, False, '4a6320b9-439e-6696-0ba4-f0dbd71bf0ad', '4012c5ea-7eeb-72e4-92bb-829820139dc6', '7c21432d-5fbf-76c7-4886-1a6b96b64d65'),
('3b936abe-6aac-7708-a708-a8e7d344e4bf', 56500000, True, '756e18ee-7f9c-33f8-0878-3ccbef6739df', '50a9c3e5-54de-4737-1f61-f60fc72b7de2', '698565e5-74bf-4b0c-4129-a0f052958fd4'),
('3fc26311-343d-31dc-0b42-26ca2480a7dc', 53500000, False, '756e18ee-7f9c-33f8-0878-3ccbef6739df', '54f3da6c-79d9-44f5-6cb1-dae6d51a1f11', '11cd9f82-5de4-3066-55c3-2450fa6a3f0f'),
('43303328-43f8-2e4c-0942-26ca2480a7dc', 39500000, True, '4a6320b9-439e-6696-0ba4-f0dbd71bf0ad', '570d7a77-43bd-399a-7a70-04e73b7b03ad', '6211f0df-157b-4666-4429-a0f052958fd4'),
('45624865-7553-5f90-3608-929efaeda249', 40000000, True, '756e18ee-7f9c-33f8-0878-3ccbef6739df', '11408d06-1a15-51c7-34ac-74c1abc316fc', '24cc8d61-3975-72be-fb56-cb8c24eaa8b4'),
('469f29d4-7a3b-37f0-208d-a47b091841f6', 44500000, False, '756e18ee-7f9c-33f8-0878-3ccbef6739df', '59350888-6758-2a0a-7b70-04e73b7b03ad', '609e44ee-7d49-6d07-426a-5d2dfa3acc6d'),
('49cdd299-717c-2e15-1d55-0a8a4ed2591d', 30500000, False, '4a6320b9-439e-6696-0ba4-f0dbd71bf0ad', '27616729-411f-6fea-6ab1-dae6d51a1f11', '5a5b63c6-3f24-695b-51c3-2450fa6a3f0f'),
('4c3eecdd-5797-1c1f-0b0a-8cd8693ac003', 52500000, False, '377a154c-4e7c-4476-9d8f-7e1f7da4ef97', '54f3da6c-79d9-44f5-6cb1-dae6d51a1f11', '56eec1b8-3f4c-406f-5bb5-dbdeded26587'),
('4e4ed49a-4539-4fea-a408-a8e7d344e4bf', 34500000, True, '377a154c-4e7c-4476-9d8f-7e1f7da4ef97', '6765d569-13ee-7c83-83fc-5898bab2b82a', '7c21432d-5fbf-76c7-4886-1a6b96b64d65'),
('4e6f9494-7f0e-6ac0-1a8d-a47b091841f6', 22000000, True, '756e18ee-7f9c-33f8-0878-3ccbef6739df', '2501ff37-299c-273f-e5e3-324ff508046d', '38b29f49-12e0-4840-6a0e-a301df02d928'),
('53996913-1b14-5c55-1e8d-a47b091841f6', 37000000, True, '756e18ee-7f9c-33f8-0878-3ccbef6739df', '64064254-4c18-2023-6bb1-dae6d51a1f11', '3f089a0d-6d84-3f45-5b74-1ea2372d29ee'),
('53a2ce54-3e4a-5511-5153-1050df853c63', 57500000, True, '4a6320b9-439e-6696-0ba4-f0dbd71bf0ad', '50a9c3e5-54de-4737-1f61-f60fc72b7de2', '16901ac2-6754-2114-e70b-4ddb3f520f9b'),
('5538e124-74d1-2530-8dbd-2936efac4aa6', 46000000, False, '756e18ee-7f9c-33f8-0878-3ccbef6739df', '58ecf563-62ca-6e47-84fc-5898bab2b82a', '1c3fcdb0-6bea-784d-4729-a0f052958fd4'),
('5563aae1-427c-49df-060a-8cd8693ac003', 38500000, False, '756e18ee-7f9c-33f8-0878-3ccbef6739df', '570d7a77-43bd-399a-7a70-04e73b7b03ad', '63511dd3-194d-471f-4829-a0f052958fd4'),
('558c04f9-6f4c-2d0b-3408-929efaeda249', 33000000, True, '377a154c-4e7c-4476-9d8f-7e1f7da4ef97', '4012c5ea-7eeb-72e4-92bb-829820139dc6', '3f089a0d-6d84-3f45-5b74-1ea2372d29ee'),
('563c4e25-58b2-47de-1f55-0a8a4ed2591d', 41500000, True, '756e18ee-7f9c-33f8-0878-3ccbef6739df', '11408d06-1a15-51c7-34ac-74c1abc316fc', '141e1183-6697-1649-53c3-2450fa6a3f0f'),
('56865743-2773-44ea-6a50-68ef445c0e6d', 53000000, False, '4a6320b9-439e-6696-0ba4-f0dbd71bf0ad', '54f3da6c-79d9-44f5-6cb1-dae6d51a1f11', '510e115b-1cb9-4d1d-5cb5-dbdeded26587'),
('571c8b68-1b0f-54bd-050a-8cd8693ac003', 31000000, False, '756e18ee-7f9c-33f8-0878-3ccbef6739df', '27616729-411f-6fea-6ab1-dae6d51a1f11', '3a4a641c-5514-36ee-353b-9cb9b11eb44b'),
('57329f38-6eb5-366d-8abd-2936efac4aa6', 28000000, True, '756e18ee-7f9c-33f8-0878-3ccbef6739df', '3287d147-4258-7142-7970-04e73b7b03ad', '7e585292-4919-42e0-466a-5d2dfa3acc6d'),
('59276e23-6586-1d8c-7f9b-e6a029f4a786', 42000000, False, '377a154c-4e7c-4476-9d8f-7e1f7da4ef97', '132a0dc4-33ae-7205-93bb-829820139dc6', '206acb5b-73c3-59af-4229-a0f052958fd4'),
('598b6988-67c6-2c4e-819b-e6a029f4a786', 48000000, False, '377a154c-4e7c-4476-9d8f-7e1f7da4ef97', '2c7039e5-73b7-2fe0-e6e3-324ff508046d', '22c69f81-421f-5ff9-690e-a301df02d928'),
('5bb92c03-73d1-7634-198d-a47b091841f6', 20500000, True, '756e18ee-7f9c-33f8-0878-3ccbef6739df', '4de9363d-2588-302a-91bb-829820139dc6', '530551f2-4d70-7aa5-333b-9cb9b11eb44b'),
('5bbbe1e8-1457-7087-0c42-26ca2480a7dc', 59500000, False, '756e18ee-7f9c-33f8-0878-3ccbef6739df', '7a2a9d8e-3ad6-59dc-943c-b6db1b08a834', '11cd9f82-5de4-3066-55c3-2450fa6a3f0f'),
('5ddf16ba-470a-54b6-0742-26ca2480a7dc', 31500000, True, '377a154c-4e7c-4476-9d8f-7e1f7da4ef97', '27616729-411f-6fea-6ab1-dae6d51a1f11', '272b6775-53af-4680-5ab5-dbdeded26587'),
('61407756-725e-2b3b-3508-929efaeda249', 35500000, False, '756e18ee-7f9c-33f8-0878-3ccbef6739df', '6765d569-13ee-7c83-83fc-5898bab2b82a', '272b6775-53af-4680-5ab5-dbdeded26587'),
('615f4e28-7b71-4964-2255-0a8a4ed2591d', 47000000, False, '4a6320b9-439e-6696-0ba4-f0dbd71bf0ad', '58ecf563-62ca-6e47-84fc-5898bab2b82a', '1c3fcdb0-6bea-784d-4729-a0f052958fd4'),
('62b86094-5a6d-5fc9-218d-a47b091841f6', 55500000, True, '377a154c-4e7c-4476-9d8f-7e1f7da4ef97', '2fdae412-7f4a-6ecc-94bb-829820139dc6', '1c3fcdb0-6bea-784d-4729-a0f052958fd4'),
('638c9d10-4cbe-6c9b-8bbd-2936efac4aa6', 32000000, False, '4a6320b9-439e-6696-0ba4-f0dbd71bf0ad', '4012c5ea-7eeb-72e4-92bb-829820139dc6', '6211f0df-157b-4666-4429-a0f052958fd4'),
('63da626a-7731-3211-1f8d-a47b091841f6', 40500000, True, '377a154c-4e7c-4476-9d8f-7e1f7da4ef97', '11408d06-1a15-51c7-34ac-74c1abc316fc', '22c69f81-421f-5ff9-690e-a301df02d928'),
('642bfb89-1633-6f6a-0542-26ca2480a7dc', 23500000, True, '756e18ee-7f9c-33f8-0878-3ccbef6739df', '2501ff37-299c-273f-e5e3-324ff508046d', '7b438bf4-3174-5f39-4629-a0f052958fd4'),
('67956fa0-15a5-735f-a608-a8e7d344e4bf', 50000000, False, '4a6320b9-439e-6696-0ba4-f0dbd71bf0ad', '7e30f019-2be3-2ece-ff2e-b100daa09d86', '3e72ec66-42df-3ee8-e40b-4ddb3f520f9b'),
('67d2f22d-3e3c-73ea-6550-68ef445c0e6d', 30000000, False, '377a154c-4e7c-4476-9d8f-7e1f7da4ef97', '27616729-411f-6fea-6ab1-dae6d51a1f11', '28b80c59-3a57-4451-5e74-1ea2372d29ee'),
('68814494-56f7-2e5f-5053-1050df853c63', 54500000, True, '4a6320b9-439e-6696-0ba4-f0dbd71bf0ad', '2fdae412-7f4a-6ecc-94bb-829820139dc6', '3b6ccc23-6972-7d6c-e60b-4ddb3f520f9b'),
('6b7fe501-384f-4a66-2155-0a8a4ed2591d', 45000000, False, '377a154c-4e7c-4476-9d8f-7e1f7da4ef97', '59350888-6758-2a0a-7b70-04e73b7b03ad', '517f7b20-603a-53f2-50c3-2450fa6a3f0f'),
('6f182a55-6522-31b4-1c55-0a8a4ed2591d', 20000000, False, '4a6320b9-439e-6696-0ba4-f0dbd71bf0ad', '4de9363d-2588-302a-91bb-829820139dc6', '72b9b24a-7af0-7f37-6d0e-a301df02d928'),
('6f32bda2-330f-32de-3908-929efaeda249', 59000000, True, '4a6320b9-439e-6696-0ba4-f0dbd71bf0ad', '7a2a9d8e-3ad6-59dc-943c-b6db1b08a834', '7c21432d-5fbf-76c7-4886-1a6b96b64d65'),
('6ffbb43a-4a68-7727-a508-a8e7d344e4bf', 39000000, False, '377a154c-4e7c-4476-9d8f-7e1f7da4ef97', '570d7a77-43bd-399a-7a70-04e73b7b03ad', '16fe0a4f-3482-2b91-6b0e-a301df02d928'),
('728528c7-1de8-4233-3808-929efaeda249', 55000000, True, '756e18ee-7f9c-33f8-0878-3ccbef6739df', '2fdae412-7f4a-6ecc-94bb-829820139dc6', '5c8560f8-4901-4f4c-57c3-2450fa6a3f0f'),
('734e7fb9-39f7-61ad-6450-68ef445c0e6d', 21500000, True, '4a6320b9-439e-6696-0ba4-f0dbd71bf0ad', '4de9363d-2588-302a-91bb-829820139dc6', '1c3fcdb0-6bea-784d-4729-a0f052958fd4'),
('73d6fff4-573e-49df-3308-929efaeda249', 27500000, False, '4a6320b9-439e-6696-0ba4-f0dbd71bf0ad', '47e574a7-6b12-5ad9-82fc-5898bab2b82a', '2804d021-6b21-7b58-4329-a0f052958fd4'),
('747cd5f8-534d-3c78-6850-68ef445c0e6d', 47500000, True, '756e18ee-7f9c-33f8-0878-3ccbef6739df', '58ecf563-62ca-6e47-84fc-5898bab2b82a', '7e585292-4919-42e0-466a-5d2dfa3acc6d'),
('77b4fdbb-6301-6f77-0442-26ca2480a7dc', 21000000, True, '377a154c-4e7c-4476-9d8f-7e1f7da4ef97', '4de9363d-2588-302a-91bb-829820139dc6', '79cad3f2-510c-5dfc-6c0e-a301df02d928'),
('78aa1021-653a-69b2-7d9b-e6a029f4a786', 24000000, True, '377a154c-4e7c-4476-9d8f-7e1f7da4ef97', '2a32a549-1c73-6d78-fe2e-b100daa09d86', '1dec1128-6aeb-39f2-4a86-1a6b96b64d65'),
('78ac9451-3704-5121-1e55-0a8a4ed2591d', 38000000, False, '4a6320b9-439e-6696-0ba4-f0dbd71bf0ad', '570d7a77-43bd-399a-7a70-04e73b7b03ad', '28b80c59-3a57-4451-5e74-1ea2372d29ee'),
('794f97c8-411c-1cf8-1d8d-a47b091841f6', 32500000, True, '756e18ee-7f9c-33f8-0878-3ccbef6739df', '4012c5ea-7eeb-72e4-92bb-829820139dc6', '24cc8d61-3975-72be-fb56-cb8c24eaa8b4'),
('7a684be0-2786-7681-1b8d-a47b091841f6', 25500000, True, '377a154c-4e7c-4476-9d8f-7e1f7da4ef97', '2a32a549-1c73-6d78-fe2e-b100daa09d86', '456df03c-703b-5ff2-680e-a301df02d928'),
('7a93e6f1-3ec6-34b1-a108-a8e7d344e4bf', 22500000, True, '377a154c-4e7c-4476-9d8f-7e1f7da4ef97', '2501ff37-299c-273f-e5e3-324ff508046d', '3f48bcea-39ce-4257-0057-cb8c24eaa8b4'),
('7decabed-771b-3caf-3208-929efaeda249', 24500000, True, '4a6320b9-439e-6696-0ba4-f0dbd71bf0ad', '2a32a549-1c73-6d78-fe2e-b100daa09d86', '2ee5f1c4-5468-5ac0-4c86-1a6b96b64d65');

-- 
-- Dumping data for table trandau_hopdong
--
INSERT INTO trandau_hopdong VALUES
('00877', 3312190, False, '56087135-3040-2fc6-4651-59dcbd91f22d', '1cdab504-7452-3d8c-2f6e-a6d4684fc54d'),
('00895', 3087454, False, '635a96d9-5086-6f6e-5314-cf07c7ad0773', '76ef6511-2672-4c00-d227-35bf7b8aa411'),
('01320', 3918440, True, '1a72ef68-31f6-6771-b945-a68677dd5ef3', '1f3594d4-7131-2f44-2784-526baf198a6e'),
('02665', 3172310, True, '1e160c2f-73eb-5f31-4032-1fe60697734c', '3321dd02-3ee1-498e-462f-9f02d2e2aaff'),
('03247', 3134109, True, '56087135-3040-2fc6-4651-59dcbd91f22d', '4eca857d-6b13-4910-39cf-d01c94b12388'),
('03679', 3270352, False, '440e6e3d-66ae-376f-29de-2f417b24e999', '66494184-6653-5d44-eb72-b37060223e2b'),
('04595', 3027055, False, '48cf7b00-3fee-40c7-4451-59dcbd91f22d', '5a5e9c81-64f7-48e0-3fcf-d01c94b12388'),
('04692', 3910354, True, '37e37fe4-28b0-2855-a9fa-27d59245c5d9', '5296bd2f-5735-756c-2fe4-2051ed4a11e6'),
('05352', 3592438, False, '51e7f3cf-6de1-7384-4551-59dcbd91f22d', '78980ce8-55c8-194a-37cf-d01c94b12388'),
('05400', 3697692, False, '34632285-3a65-5f75-a6fa-27d59245c5d9', '5c33c223-38ae-306a-eb67-e4dad11e07c3'),
('06371', 3235941, False, '7ab1cee7-529a-4b57-24de-2f417b24e999', '4900728f-337d-58f1-f172-b37060223e2b'),
('06421', 3496878, True, '23becab8-73ce-4e02-2c06-db2ad9f95814', '45c4104f-6fd8-3ef8-36cf-d01c94b12388'),
('06791', 3687565, True, '59152223-3098-5bce-2f06-db2ad9f95814', '6da4dc5b-1d48-4424-e972-b37060223e2b'),
('06965', 3985643, True, '48cf7b00-3fee-40c7-4451-59dcbd91f22d', '6c5aa458-7628-5903-38cf-d01c94b12388'),
('07342', 3497256, True, '451dee76-52c4-1d37-25de-2f417b24e999', '4faef86d-61a1-193b-da27-35bf7b8aa411'),
('08241', 3438519, True, '56087135-3040-2fc6-4651-59dcbd91f22d', '51b262fa-19ea-1b45-3f2f-9f02d2e2aaff'),
('08254', 3540857, False, '59152223-3098-5bce-2f06-db2ad9f95814', '5a5e9c81-64f7-48e0-3fcf-d01c94b12388'),
('08556', 3191339, False, '1e574bb9-3294-7d53-a2fa-27d59245c5d9', '3321dd02-3ee1-498e-462f-9f02d2e2aaff'),
('09289', 3797027, False, '622f02a6-3578-18a5-4432-1fe60697734c', '7f42a452-64ec-7cd4-29e4-2051ed4a11e6'),
('10119', 3398918, False, '1998f087-5320-231d-567d-9d97eb2e0d66', '47ff9eed-71e7-2d66-346e-a6d4684fc54d'),
('10170', 3857394, False, '59152223-3098-5bce-2f06-db2ad9f95814', '4ffbf5a8-5c31-39cf-f372-b37060223e2b'),
('10651', 3556531, True, '74e7fd6f-6867-4fb8-695f-4db9ab45a18c', '689c9404-61d4-7696-ee67-e4dad11e07c3'),
('10804', 3757481, True, '5e453b39-4d0f-78a8-4232-1fe60697734c', '159cbc6d-6948-7424-1e23-282384b72b34'),
('10889', 3404423, False, '3c080cca-713e-4c4c-a3fa-27d59245c5d9', '62f7bd60-1327-5c0a-1c23-282384b72b34'),
('11161', 3371304, True, '38a77404-1724-6a3e-4a51-59dcbd91f22d', '4900728f-337d-58f1-f172-b37060223e2b'),
('11915', 3510170, False, '24e25cc5-70fc-7fe3-577d-9d97eb2e0d66', '5bb79363-3cd7-1220-ec67-e4dad11e07c3'),
('12015', 3431189, True, '74c52e3b-7a7a-41e4-bf45-a68677dd5ef3', '5bb79363-3cd7-1220-ec67-e4dad11e07c3'),
('12599', 3730057, False, '4f933a74-5c22-3d68-4d14-cf07c7ad0773', '19368d9c-5dfa-6983-ea67-e4dad11e07c3'),
('12666', 3736847, False, '451dee76-52c4-1d37-25de-2f417b24e999', '190441e1-78e9-6bcb-31e4-2051ed4a11e6'),
('13168', 3945374, False, '440e6e3d-66ae-376f-29de-2f417b24e999', '22eeedaa-4a1c-60ad-da1c-6629ed866da9'),
('14753', 3718841, False, '3b23e19e-51ef-1155-3306-db2ad9f95814', '5249ecec-3695-5493-2384-526baf198a6e'),
('14977', 3333453, True, '73cc64d5-7678-1400-23de-2f417b24e999', '4d500ec9-5573-3e45-1623-282384b72b34'),
('15505', 3100210, False, '1dea3389-4c50-2756-28de-2f417b24e999', '58c3db93-6c4d-14ce-422f-9f02d2e2aaff'),
('16149', 3063074, False, '20d25c61-7957-3a83-4b51-59dcbd91f22d', '4745ca3d-4ca3-5ee5-e967-e4dad11e07c3'),
('16545', 3392617, True, '74c52e3b-7a7a-41e4-bf45-a68677dd5ef3', '268e2355-331b-5b9b-f267-e4dad11e07c3'),
('16603', 3597786, True, '416fb62a-7aa6-6664-645f-4db9ab45a18c', '1f6d841a-5eff-2814-366e-a6d4684fc54d'),
('16801', 3192421, False, '584f63ed-5bc6-7611-655f-4db9ab45a18c', '7ca6a182-45ab-13c6-2184-526baf198a6e'),
('16803', 3069146, False, '4bcddfb6-1b23-3887-a0fa-27d59245c5d9', '414f0a74-5734-72f6-1f84-526baf198a6e'),
('19779', 3536951, True, '56087135-3040-2fc6-4651-59dcbd91f22d', '33180633-1cdc-521d-2c6e-a6d4684fc54d'),
('20291', 3925105, False, '56087135-3040-2fc6-4651-59dcbd91f22d', '4eca857d-6b13-4910-39cf-d01c94b12388'),
('21287', 3258011, False, '13855e01-6c0b-5cb9-5b7d-9d97eb2e0d66', '2893452c-67d6-3492-1d84-526baf198a6e'),
('21325', 3796037, True, '440e6e3d-66ae-376f-29de-2f417b24e999', '7ca6a182-45ab-13c6-2184-526baf198a6e'),
('21543', 3152412, False, '6a9ca5c3-1fe6-152b-4851-59dcbd91f22d', '51b262fa-19ea-1b45-3f2f-9f02d2e2aaff'),
('21555', 3997110, True, '3c080cca-713e-4c4c-a3fa-27d59245c5d9', '4a401cbe-3a2a-3847-432f-9f02d2e2aaff'),
('21753', 3698659, True, '6dd07775-49c8-51fa-2d06-db2ad9f95814', '56851062-20a1-1322-40cf-d01c94b12388'),
('22155', 3099255, False, '51b501de-1b67-1d6c-21de-2f417b24e999', '2fdc8cdc-56a4-1ac1-356e-a6d4684fc54d'),
('23430', 3860628, False, '1998f087-5320-231d-567d-9d97eb2e0d66', '4c0034b1-35c3-43df-4a2f-9f02d2e2aaff'),
('23513', 3281153, False, '74c52e3b-7a7a-41e4-bf45-a68677dd5ef3', '31c43448-530b-5742-316e-a6d4684fc54d'),
('23628', 3651853, False, '4f605b8a-4f99-167a-6a5f-4db9ab45a18c', '1d7eeb09-6e30-2549-482f-9f02d2e2aaff'),
('23752', 3109686, True, '440e6e3d-66ae-376f-29de-2f417b24e999', '769f614d-7f60-79a7-d91c-6629ed866da9'),
('24926', 3739803, True, '36284e50-7813-2d40-3929-aef25fbc82b3', '73ab455e-7f6c-2256-ee72-b37060223e2b'),
('25554', 3413884, True, '6a941ff4-43a5-234e-4951-59dcbd91f22d', '224e9854-7db0-3246-1523-282384b72b34'),
('25639', 3085796, False, '259d2b20-6192-4e5d-aafa-27d59245c5d9', '5eeb20c7-40d4-44da-2a84-526baf198a6e'),
('26367', 3652981, True, '3d991ef6-694b-425e-b545-a68677dd5ef3', '73ab455e-7f6c-2256-ee72-b37060223e2b'),
('26541', 3552199, True, '763f3697-1c6c-33a4-bb45-a68677dd5ef3', '51af3cc8-6b38-38e0-42cf-d01c94b12388'),
('27246', 3006445, False, '23becab8-73ce-4e02-2c06-db2ad9f95814', '2b088036-4f2e-4652-2484-526baf198a6e'),
('27508', 3712548, True, '4bcddfb6-1b23-3887-a0fa-27d59245c5d9', '4bebc5a9-6c38-3e92-452f-9f02d2e2aaff'),
('28385', 3451887, True, '37eecc38-17b6-2e8c-a7fa-27d59245c5d9', '37925337-469a-3547-2584-526baf198a6e'),
('28759', 3246821, False, '451dee76-52c4-1d37-25de-2f417b24e999', '2311de1e-5900-47d0-34e4-2051ed4a11e6'),
('28889', 3210779, False, '73cc64d5-7678-1400-23de-2f417b24e999', '256fabcc-1cdd-319b-492f-9f02d2e2aaff'),
('30000', 3413585, False, '1ca61012-388a-7665-4332-1fe60697734c', '689c9404-61d4-7696-ee67-e4dad11e07c3'),
('30822', 3806581, True, '33e1ea0d-501e-28d7-4751-59dcbd91f22d', '60ba4ede-62cf-67c6-1b23-282384b72b34'),
('31195', 3639451, True, '355788d5-65df-4ae7-3206-db2ad9f95814', '51af3cc8-6b38-38e0-42cf-d01c94b12388'),
('32021', 3133419, True, '20d25c61-7957-3a83-4b51-59dcbd91f22d', '7f42a452-64ec-7cd4-29e4-2051ed4a11e6'),
('32914', 3106345, False, '46313c15-7042-6c74-4129-aef25fbc82b3', '197990d8-20d7-5709-2884-526baf198a6e'),
('33467', 3976031, True, '36284e50-7813-2d40-3929-aef25fbc82b3', '508acc03-6815-1f30-d11c-6629ed866da9'),
('33710', 3554820, True, '2c3ed621-4f84-7683-bc45-a68677dd5ef3', '25897895-7235-4939-1723-282384b72b34'),
('34159', 3402621, True, '3607ada5-7e56-6e8f-4c51-59dcbd91f22d', '7ca6a182-45ab-13c6-2184-526baf198a6e'),
('35103', 3720912, False, '37ff8b06-73d5-5c6a-665f-4db9ab45a18c', '23324809-28cc-1ce2-d327-35bf7b8aa411'),
('35343', 3982037, True, '73cc64d5-7678-1400-23de-2f417b24e999', '5bb79363-3cd7-1220-ec67-e4dad11e07c3'),
('36018', 3542875, False, '4bcddfb6-1b23-3887-a0fa-27d59245c5d9', '78980ce8-55c8-194a-37cf-d01c94b12388'),
('36336', 3392894, False, '64376cea-3e8e-15d2-3b29-aef25fbc82b3', '4179d155-4764-3761-d927-35bf7b8aa411'),
('36715', 3798386, True, '3607ada5-7e56-6e8f-4c51-59dcbd91f22d', '640b419f-4bdb-6cb0-2de4-2051ed4a11e6'),
('36984', 3386951, False, '451dee76-52c4-1d37-25de-2f417b24e999', '7b4568d6-69ef-74e9-402f-9f02d2e2aaff'),
('37435', 3274643, False, '6a941ff4-43a5-234e-4951-59dcbd91f22d', '65629078-1b85-4eb7-ef67-e4dad11e07c3'),
('37510', 3508767, True, '24e25cc5-70fc-7fe3-577d-9d97eb2e0d66', '414f0a74-5734-72f6-1f84-526baf198a6e'),
('38784', 3163208, True, '39e1a5b9-5e5b-7404-557d-9d97eb2e0d66', '197990d8-20d7-5709-2884-526baf198a6e'),
('39652', 3551860, True, '1ca61012-388a-7665-4332-1fe60697734c', '159cbc6d-6948-7424-1e23-282384b72b34'),
('39728', 3002759, False, '7ab1cee7-529a-4b57-24de-2f417b24e999', '2893452c-67d6-3492-1d84-526baf198a6e'),
('39753', 3331061, True, '39e1a5b9-5e5b-7404-557d-9d97eb2e0d66', '2b088036-4f2e-4652-2484-526baf198a6e'),
('40191', 3297198, False, '56087135-3040-2fc6-4651-59dcbd91f22d', '268e2355-331b-5b9b-f267-e4dad11e07c3'),
('40595', 3368095, False, '4ef639d0-752d-20f2-6c5f-4db9ab45a18c', '640b419f-4bdb-6cb0-2de4-2051ed4a11e6'),
('40809', 3708222, False, '3b23e19e-51ef-1155-3306-db2ad9f95814', '599540fb-6a6d-5529-d61c-6629ed866da9'),
('41204', 3135936, True, '763f3697-1c6c-33a4-bb45-a68677dd5ef3', '76ef6511-2672-4c00-d227-35bf7b8aa411'),
('42171', 3247307, False, '24e25cc5-70fc-7fe3-577d-9d97eb2e0d66', '190441e1-78e9-6bcb-31e4-2051ed4a11e6'),
('43552', 3528595, True, '33cdbc49-1e22-4ec1-22de-2f417b24e999', '159cbc6d-6948-7424-1e23-282384b72b34'),
('43709', 3530553, False, '1dea3389-4c50-2756-28de-2f417b24e999', '508acc03-6815-1f30-d11c-6629ed866da9'),
('44705', 3497725, True, '7098453c-6c74-3b9d-b645-a68677dd5ef3', '4745ca3d-4ca3-5ee5-e967-e4dad11e07c3'),
('44752', 3996834, False, '44ee882f-7d40-4a4a-4c14-cf07c7ad0773', '3d54556c-1223-4d3c-d727-35bf7b8aa411'),
('45884', 3577250, True, '1c5d7244-44c2-6838-597d-9d97eb2e0d66', '689c9404-61d4-7696-ee67-e4dad11e07c3'),
('47858', 3252966, False, '1e160c2f-73eb-5f31-4032-1fe60697734c', '2fdc8cdc-56a4-1ac1-356e-a6d4684fc54d'),
('49270', 3547220, False, '51b501de-1b67-1d6c-21de-2f417b24e999', '1b653393-63bc-5c4b-cf27-35bf7b8aa411'),
('49657', 3786153, False, '48ca29f0-6bb3-30cb-2e06-db2ad9f95814', '729ffabc-3786-38c1-f167-e4dad11e07c3'),
('50002', 3622299, True, '50f6e921-3444-6bd3-5414-cf07c7ad0773', '1d7eeb09-6e30-2549-482f-9f02d2e2aaff'),
('50288', 3799192, True, '2c3ed621-4f84-7683-bc45-a68677dd5ef3', '22eeedaa-4a1c-60ad-da1c-6629ed866da9'),
('51615', 3924581, True, '3c080cca-713e-4c4c-a3fa-27d59245c5d9', '4eca857d-6b13-4910-39cf-d01c94b12388'),
('51798', 3299529, True, '1235d530-6191-4f13-4132-1fe60697734c', '7dfb2f4c-3684-7213-d827-35bf7b8aa411'),
('51803', 3651994, False, '3b23e19e-51ef-1155-3306-db2ad9f95814', '1bcbe6e6-4e69-711b-412f-9f02d2e2aaff'),
('52420', 3959382, True, '4f605b8a-4f99-167a-6a5f-4db9ab45a18c', '773e003c-2a9e-432d-3ccf-d01c94b12388'),
('52467', 3608756, True, '48cf7b00-3fee-40c7-4451-59dcbd91f22d', '1cdab504-7452-3d8c-2f6e-a6d4684fc54d'),
('52531', 3693029, True, '416fb62a-7aa6-6664-645f-4db9ab45a18c', '55a6b2aa-4add-32ae-30e4-2051ed4a11e6'),
('53052', 3766900, False, '1a72ef68-31f6-6771-b945-a68677dd5ef3', '31605693-20ac-2666-43cf-d01c94b12388'),
('53374', 3116055, False, '708183fb-38e2-1aa9-3d29-aef25fbc82b3', '7afd43c5-62c4-3d44-d527-35bf7b8aa411'),
('53996', 3373197, False, '331a96bf-139a-47a4-635f-4db9ab45a18c', '268e2355-331b-5b9b-f267-e4dad11e07c3'),
('55856', 3890084, False, '2bd0ed28-752b-6195-6b5f-4db9ab45a18c', '4680841e-14cf-181d-f272-b37060223e2b'),
('55989', 3926327, False, '44ee882f-7d40-4a4a-4c14-cf07c7ad0773', '31c43448-530b-5742-316e-a6d4684fc54d'),
('56046', 3180890, True, '6a941ff4-43a5-234e-4951-59dcbd91f22d', '2c60e19a-70c5-25a3-2ae4-2051ed4a11e6'),
('56377', 3626663, False, '39e1a5b9-5e5b-7404-557d-9d97eb2e0d66', '2967eac0-7102-2e0e-3bcf-d01c94b12388'),
('56506', 3614220, False, '763f3697-1c6c-33a4-bb45-a68677dd5ef3', '2c5dd0fe-20d6-1f51-1423-282384b72b34'),
('57448', 3420407, False, '6a941ff4-43a5-234e-4951-59dcbd91f22d', '2c5dd0fe-20d6-1f51-1423-282384b72b34'),
('57553', 3026403, False, '440e6e3d-66ae-376f-29de-2f417b24e999', '5dda7a49-4fa1-50d1-ed67-e4dad11e07c3'),
('58041', 3180460, True, '34632285-3a65-5f75-a6fa-27d59245c5d9', '33180633-1cdc-521d-2c6e-a6d4684fc54d'),
('58625', 3862834, True, '37e37fe4-28b0-2855-a9fa-27d59245c5d9', '1b653393-63bc-5c4b-cf27-35bf7b8aa411'),
('59410', 3139049, False, '3b23e19e-51ef-1155-3306-db2ad9f95814', '4d500ec9-5573-3e45-1623-282384b72b34'),
('59475', 3036668, True, '584f63ed-5bc6-7611-655f-4db9ab45a18c', '288644db-51b6-2a43-d31c-6629ed866da9'),
('60892', 3227584, False, '46313c15-7042-6c74-4129-aef25fbc82b3', '4900728f-337d-58f1-f172-b37060223e2b'),
('61878', 3780232, False, '73cc64d5-7678-1400-23de-2f417b24e999', '56851062-20a1-1322-40cf-d01c94b12388'),
('62411', 3421405, True, '25b12236-3506-2487-c045-a68677dd5ef3', '2893452c-67d6-3492-1d84-526baf198a6e'),
('63235', 3759993, True, '73cc64d5-7678-1400-23de-2f417b24e999', '38913aa0-1418-11de-306e-a6d4684fc54d'),
('63385', 3061782, False, '194814d6-1207-5f75-3e29-aef25fbc82b3', '28439498-409b-3406-d21c-6629ed866da9'),
('64093', 3366985, True, '64376cea-3e8e-15d2-3b29-aef25fbc82b3', '2967eac0-7102-2e0e-3bcf-d01c94b12388'),
('64293', 3989384, False, '622f02a6-3578-18a5-4432-1fe60697734c', '45c4104f-6fd8-3ef8-36cf-d01c94b12388'),
('64614', 3867461, True, '7ab1cee7-529a-4b57-24de-2f417b24e999', '1b6072d5-4cb5-3bec-d81c-6629ed866da9'),
('64727', 3010909, True, '74e7fd6f-6867-4fb8-695f-4db9ab45a18c', '26aa96d3-5a7d-5bd7-f067-e4dad11e07c3'),
('65492', 3100356, False, '23becab8-73ce-4e02-2c06-db2ad9f95814', '47ff9eed-71e7-2d66-346e-a6d4684fc54d'),
('65554', 3619011, True, '79e387c3-4e3d-5635-3a29-aef25fbc82b3', '3fb6a561-45eb-5b39-d427-35bf7b8aa411'),
('65954', 3604210, False, '3c080cca-713e-4c4c-a3fa-27d59245c5d9', '129def19-5eef-7c12-3ecf-d01c94b12388'),
('66005', 3154359, True, '6bff9ac2-6e11-2f19-4f14-cf07c7ad0773', '1b6072d5-4cb5-3bec-d81c-6629ed866da9'),
('66175', 3284872, False, '51e7f3cf-6de1-7384-4551-59dcbd91f22d', '28439498-409b-3406-d21c-6629ed866da9'),
('66421', 3039368, False, '39e1a5b9-5e5b-7404-557d-9d97eb2e0d66', '2fdc8cdc-56a4-1ac1-356e-a6d4684fc54d'),
('66742', 3439057, False, '33cdbc49-1e22-4ec1-22de-2f417b24e999', '1371fd31-2358-5e47-1a23-282384b72b34'),
('67292', 3738482, False, '36284e50-7813-2d40-3929-aef25fbc82b3', '2967eac0-7102-2e0e-3bcf-d01c94b12388'),
('67453', 3497687, True, '440e6e3d-66ae-376f-29de-2f417b24e999', '3940a24b-6db2-77d0-e872-b37060223e2b'),
('68205', 3543533, True, '608e257f-4efd-530f-9ffa-27d59245c5d9', '3b26d785-2bd9-1f70-2084-526baf198a6e'),
('68539', 3737433, True, '50f6e921-3444-6bd3-5414-cf07c7ad0773', '2b088036-4f2e-4652-2484-526baf198a6e'),
('68615', 3619731, True, '37eecc38-17b6-2e8c-a7fa-27d59245c5d9', '1df48f43-6f26-1ab8-2be4-2051ed4a11e6'),
('69391', 3247158, True, '73cc64d5-7678-1400-23de-2f417b24e999', '4c0034b1-35c3-43df-4a2f-9f02d2e2aaff'),
('69618', 3617384, True, '46313c15-7042-6c74-4129-aef25fbc82b3', '4eca857d-6b13-4910-39cf-d01c94b12388'),
('69858', 3943521, False, '6bff9ac2-6e11-2f19-4f14-cf07c7ad0773', '1371fd31-2358-5e47-1a23-282384b72b34'),
('69971', 3676900, True, '44ee882f-7d40-4a4a-4c14-cf07c7ad0773', '346d102f-6ce0-257d-1323-282384b72b34'),
('69978', 3574407, True, '5f6d0a72-78f4-201c-587d-9d97eb2e0d66', '5eeb20c7-40d4-44da-2a84-526baf198a6e'),
('72272', 3219225, True, '3d3d630f-5a99-6371-a4fa-27d59245c5d9', '773e003c-2a9e-432d-3ccf-d01c94b12388'),
('72332', 3245883, False, '3d991ef6-694b-425e-b545-a68677dd5ef3', '2967eac0-7102-2e0e-3bcf-d01c94b12388'),
('72499', 3839583, False, '676a0b19-3adf-6877-3c32-1fe60697734c', '6da4dc5b-1d48-4424-e972-b37060223e2b'),
('72894', 3836677, False, '73cc64d5-7678-1400-23de-2f417b24e999', '159cbc6d-6948-7424-1e23-282384b72b34'),
('73269', 3602179, False, '51b501de-1b67-1d6c-21de-2f417b24e999', '79d1eb3e-1e0d-70c4-2d6e-a6d4684fc54d'),
('73441', 3352888, True, '37e37fe4-28b0-2855-a9fa-27d59245c5d9', '4745ca3d-4ca3-5ee5-e967-e4dad11e07c3'),
('74167', 3766998, True, '30817f1e-6473-5a39-5214-cf07c7ad0773', '508acc03-6815-1f30-d11c-6629ed866da9'),
('74648', 3837241, False, '584f63ed-5bc6-7611-655f-4db9ab45a18c', '5bb79363-3cd7-1220-ec67-e4dad11e07c3'),
('76312', 3197856, False, '63a68ba7-7551-7c97-27de-2f417b24e999', '190441e1-78e9-6bcb-31e4-2051ed4a11e6'),
('76714', 3126603, False, '4f933a74-5c22-3d68-4d14-cf07c7ad0773', '7dfb2f4c-3684-7213-d827-35bf7b8aa411'),
('77891', 3889304, False, '74e7fd6f-6867-4fb8-695f-4db9ab45a18c', '256fabcc-1cdd-319b-492f-9f02d2e2aaff'),
('77983', 3570896, True, '3607ada5-7e56-6e8f-4c51-59dcbd91f22d', '7b4568d6-69ef-74e9-402f-9f02d2e2aaff'),
('78003', 3953674, False, '20d25c61-7957-3a83-4b51-59dcbd91f22d', '6c5aa458-7628-5903-38cf-d01c94b12388'),
('78047', 3301809, True, '676a0b19-3adf-6877-3c32-1fe60697734c', '7ca6a182-45ab-13c6-2184-526baf198a6e'),
('78634', 3426325, True, '11cf33c0-44f7-725b-685f-4db9ab45a18c', '79d1eb3e-1e0d-70c4-2d6e-a6d4684fc54d'),
('78920', 3147216, True, '4ef639d0-752d-20f2-6c5f-4db9ab45a18c', '689c9404-61d4-7696-ee67-e4dad11e07c3'),
('79398', 3063353, False, '4237540d-7107-1306-3006-db2ad9f95814', '4eca857d-6b13-4910-39cf-d01c94b12388'),
('79692', 3730603, False, '5e88eba9-2ccc-6101-5114-cf07c7ad0773', '1371fd31-2358-5e47-1a23-282384b72b34'),
('80467', 3619834, False, '3b23e19e-51ef-1155-3306-db2ad9f95814', '60ba4ede-62cf-67c6-1b23-282384b72b34'),
('81463', 3659104, True, '434b53e5-236b-2683-3406-db2ad9f95814', '75ea3ec8-3acc-7cea-2984-526baf198a6e'),
('81933', 3226141, True, '6b247db5-21cf-4b38-a5fa-27d59245c5d9', '7dfb2f4c-3684-7213-d827-35bf7b8aa411'),
('82426', 3100465, False, '56087135-3040-2fc6-4651-59dcbd91f22d', '731242ae-132a-35a5-2ee4-2051ed4a11e6'),
('82531', 3989858, True, '74e7fd6f-6867-4fb8-695f-4db9ab45a18c', '4bebc5a9-6c38-3e92-452f-9f02d2e2aaff'),
('82812', 3452240, True, '4bbe43c8-54c4-2288-ba45-a68677dd5ef3', '4900728f-337d-58f1-f172-b37060223e2b'),
('83320', 3849672, True, '74c52e3b-7a7a-41e4-bf45-a68677dd5ef3', '34a87410-5a2a-118f-1e84-526baf198a6e'),
('83687', 3149309, False, '5e453b39-4d0f-78a8-4232-1fe60697734c', '2afa2b1b-44e4-3204-2ce4-2051ed4a11e6'),
('85407', 3822204, True, '355788d5-65df-4ae7-3206-db2ad9f95814', '6c5aa458-7628-5903-38cf-d01c94b12388'),
('85640', 3825936, True, '5f6d0a72-78f4-201c-587d-9d97eb2e0d66', '5a5e9c81-64f7-48e0-3fcf-d01c94b12388'),
('86912', 3309598, False, '33cdbc49-1e22-4ec1-22de-2f417b24e999', '4d500ec9-5573-3e45-1623-282384b72b34'),
('88056', 3445974, False, '4f605b8a-4f99-167a-6a5f-4db9ab45a18c', '75ee1219-5bc3-412a-d71c-6629ed866da9'),
('88380', 3750675, False, '2b14ee0c-49be-4bbf-4d51-59dcbd91f22d', '256fabcc-1cdd-319b-492f-9f02d2e2aaff'),
('88529', 3665132, True, '5936ed98-4e22-6872-4b14-cf07c7ad0773', '4900728f-337d-58f1-f172-b37060223e2b'),
('89223', 3460859, False, '6a941ff4-43a5-234e-4951-59dcbd91f22d', '414f0a74-5734-72f6-1f84-526baf198a6e'),
('89830', 3372538, True, '416fb62a-7aa6-6664-645f-4db9ab45a18c', '55a6b2aa-4add-32ae-30e4-2051ed4a11e6'),
('90206', 3493569, True, '7098453c-6c74-3b9d-b645-a68677dd5ef3', '1bcbe6e6-4e69-711b-412f-9f02d2e2aaff'),
('90366', 3466076, False, '3607ada5-7e56-6e8f-4c51-59dcbd91f22d', '29decb2b-5865-4741-326e-a6d4684fc54d'),
('91021', 3461807, True, '5f593e45-1d82-4cfa-675f-4db9ab45a18c', '64375ee6-4122-2b3d-1823-282384b72b34'),
('92981', 3649030, True, '584f63ed-5bc6-7611-655f-4db9ab45a18c', '4ffbf5a8-5c31-39cf-f372-b37060223e2b'),
('93246', 3714577, True, '434b53e5-236b-2683-3406-db2ad9f95814', '2893452c-67d6-3492-1d84-526baf198a6e'),
('93581', 3413611, True, '440e6e3d-66ae-376f-29de-2f417b24e999', '4eca857d-6b13-4910-39cf-d01c94b12388'),
('93591', 3882768, True, '7098453c-6c74-3b9d-b645-a68677dd5ef3', '75ee1219-5bc3-412a-d71c-6629ed866da9'),
('93762', 3980220, False, '246d0431-1d4e-6308-3f29-aef25fbc82b3', '599540fb-6a6d-5529-d61c-6629ed866da9'),
('94863', 3928363, False, '59152223-3098-5bce-2f06-db2ad9f95814', '23324809-28cc-1ce2-d327-35bf7b8aa411'),
('96083', 3755323, False, '6a9ca5c3-1fe6-152b-4851-59dcbd91f22d', '60ba4ede-62cf-67c6-1b23-282384b72b34'),
('96710', 3924919, False, '708183fb-38e2-1aa9-3d29-aef25fbc82b3', '640b419f-4bdb-6cb0-2de4-2051ed4a11e6'),
('97206', 3037232, True, '37ff8b06-73d5-5c6a-665f-4db9ab45a18c', '5a5e9c81-64f7-48e0-3fcf-d01c94b12388'),
('97228', 3084883, True, '451dee76-52c4-1d37-25de-2f417b24e999', '414f0a74-5734-72f6-1f84-526baf198a6e'),
('97562', 3123992, False, '3d991ef6-694b-425e-b545-a68677dd5ef3', '66494184-6653-5d44-eb72-b37060223e2b'),
('97694', 3275781, False, '30817f1e-6473-5a39-5214-cf07c7ad0773', '233df00d-7409-7591-ed72-b37060223e2b'),
('98111', 3972358, False, '73cc64d5-7678-1400-23de-2f417b24e999', '7dfb2f4c-3684-7213-d827-35bf7b8aa411'),
('98282', 3461619, True, '3b23e19e-51ef-1155-3306-db2ad9f95814', '1dda8a67-234d-736f-1923-282384b72b34'),
('98502', 3938744, True, '79e387c3-4e3d-5635-3a29-aef25fbc82b3', '23324809-28cc-1ce2-d327-35bf7b8aa411'),
('98511', 3483288, False, '63ec3b6f-46c2-1e0f-26de-2f417b24e999', '1f3594d4-7131-2f44-2784-526baf198a6e'),
('98760', 3695208, True, '79e387c3-4e3d-5635-3a29-aef25fbc82b3', '4c0034b1-35c3-43df-4a2f-9f02d2e2aaff'),
('98995', 3575337, False, '2acbee3a-5c89-66ff-abfa-27d59245c5d9', '1b653393-63bc-5c4b-cf27-35bf7b8aa411'),
('99262', 3360688, False, '4bcddfb6-1b23-3887-a0fa-27d59245c5d9', '4bebc5a9-6c38-3e92-452f-9f02d2e2aaff'),
('99306', 3218032, False, '37ff8b06-73d5-5c6a-665f-4db9ab45a18c', '23324809-28cc-1ce2-d327-35bf7b8aa411'),
('99734', 3791789, False, '13855e01-6c0b-5cb9-5b7d-9d97eb2e0d66', '1b6072d5-4cb5-3bec-d81c-6629ed866da9'),
('99852', 3109671, False, '50f6e921-3444-6bd3-5414-cf07c7ad0773', '4900728f-337d-58f1-f172-b37060223e2b');

-- 
-- Dumping data for table sukien
--
INSERT INTO sukien VALUES
('113fb346-174d-61f8-19bd-551d06d2881f', 104, '1', '74ceacc3-3385-445b-5a98-ae38c5379e4b', '6791db26-20dc-4136-0f3e-0e0d0971fd2e'),
('13142c5d-4728-42f6-b2b2-149e4975e1d5', 67, '1', '3a0a7c7d-432b-6cf9-871b-27d9d367aeb0', '1e3fea6d-4c76-3028-01e6-60ef96f96cf1'),
('137e5fad-7f60-7b42-6b40-c5efa1df0570', 68, '1', '3800012e-758c-1328-861b-27d9d367aeb0', '1e3fea6d-4c76-3028-01e6-60ef96f96cf1'),
('13c4f778-1519-144c-838b-43a186779f89', 18, '1', '45e44dc8-211f-27ef-881b-27d9d367aeb0', '52776972-4378-19fb-a3b5-71773acb3ca3'),
('148179a3-7c63-5acf-69b9-9f229d266762', 17, '1', '114b715b-430f-74cd-d5c6-21b180c0988f', '6791db26-20dc-4136-0f3e-0e0d0971fd2e'),
('155621eb-5f52-7f89-6e72-9845c0e70fbd', 21, '1', '3a0a7c7d-432b-6cf9-871b-27d9d367aeb0', '52776972-4378-19fb-a3b5-71773acb3ca3'),
('1569bc83-1ce6-180b-c2fd-924f2e0d7bef', 86, '1', '7c3b7b80-7de9-412e-54b6-94da9cd298ec', '1e3fea6d-4c76-3028-01e6-60ef96f96cf1'),
('157bc5ae-1fae-4178-a7b2-149e4975e1d5', 4, '1', '4782d29d-4baf-7371-d290-152dfadf6d0d', '52776972-4378-19fb-a3b5-71773acb3ca3'),
('1637a4e7-6a9f-2a61-15bd-551d06d2881f', 80, '1', '47782bc9-1bf1-7c7b-6ee3-2ceaa9cf3765', '1e3fea6d-4c76-3028-01e6-60ef96f96cf1'),
('16dcdc64-6cc9-2b07-566e-2171b88ecd48', 69, '1', '3564d2c8-2839-5bf7-851b-27d9d367aeb0', '1e3fea6d-4c76-3028-01e6-60ef96f96cf1'),
('19e1a986-7353-3c15-6bb9-9f229d266762', 59, '1', '234be17d-3820-7daa-5698-ae38c5379e4b', '3a8e2ab6-61f3-40a6-6777-fd2ea5b5f96c'),
('1b056153-5c60-7297-0772-d76b213aef05', 107, '1', '592d4ad8-3675-2016-ecdb-93dede770727', '1e3fea6d-4c76-3028-01e6-60ef96f96cf1'),
('1c0895ef-5d11-26bc-798b-43a186779f89', 66, '1', '3800012e-758c-1328-861b-27d9d367aeb0', '52776972-4378-19fb-a3b5-71773acb3ca3'),
('1db1b503-57f7-5b5e-536e-2171b88ecd48', 21, '1', '1949dae3-4d44-217e-9c66-a58ab8ff47ca', '52776972-4378-19fb-a3b5-71773acb3ca3'),
('1ea13b13-3031-195f-5027-1a94db4f76a3', 35, '1', '1f60e54f-196f-45f3-5498-ae38c5379e4b', '1e3fea6d-4c76-3028-01e6-60ef96f96cf1'),
('1f095cb2-4572-5ca1-20bd-551d06d2881f', 14, '1', '3800012e-758c-1328-861b-27d9d367aeb0', '52776972-4378-19fb-a3b5-71773acb3ca3'),
('1f68a205-7cc9-6da2-818b-43a186779f89', 85, '1', '45e44dc8-211f-27ef-881b-27d9d367aeb0', '3a8e2ab6-61f3-40a6-6777-fd2ea5b5f96c'),
('1f7f3d11-4593-7b05-0472-d76b213aef05', 27, '1', '45e44dc8-211f-27ef-881b-27d9d367aeb0', '1e3fea6d-4c76-3028-01e6-60ef96f96cf1'),
('1fe8c27f-5f65-170e-6540-c5efa1df0570', 60, '1', '1949dae3-4d44-217e-9c66-a58ab8ff47ca', '1e3fea6d-4c76-3028-01e6-60ef96f96cf1'),
('202876c6-1a4b-6c94-6240-c5efa1df0570', 4, '1', '3650c04e-62b1-6908-5598-ae38c5379e4b', '6791db26-20dc-4136-0f3e-0e0d0971fd2e'),
('2159e050-370c-26b9-4e27-1a94db4f76a3', 57, '1', '67cb2614-27d9-36f4-406b-1629b83affd2', '1e3fea6d-4c76-3028-01e6-60ef96f96cf1'),
('216228f1-2928-3bb7-4d27-1a94db4f76a3', 119, '1', '6ff002a7-47b1-79ff-8a1b-27d9d367aeb0', '1e3fea6d-4c76-3028-01e6-60ef96f96cf1'),
('21bd113f-6abb-13e6-5927-1a94db4f76a3', 69, '1', '23df2104-50d7-1d9c-eadb-93dede770727', '1e3fea6d-4c76-3028-01e6-60ef96f96cf1'),
('21e3cef8-7c93-5520-7a8b-43a186779f89', 97, '1', '25a1ce30-4ae1-2133-9f66-a58ab8ff47ca', '6791db26-20dc-4136-0f3e-0e0d0971fd2e'),
('22010922-2000-380b-acb2-149e4975e1d5', 95, '1', '4958949d-17c9-454d-841b-27d9d367aeb0', '1e3fea6d-4c76-3028-01e6-60ef96f96cf1'),
('234334a6-41e5-6133-5527-1a94db4f76a3', 74, '1', '23df2104-50d7-1d9c-eadb-93dede770727', '52776972-4378-19fb-a3b5-71773acb3ca3'),
('234e4e31-21ea-52ec-0572-d76b213aef05', 71, '1', '3800012e-758c-1328-861b-27d9d367aeb0', '1e3fea6d-4c76-3028-01e6-60ef96f96cf1'),
('23dbe8b2-6e55-28ea-7072-9845c0e70fbd', 92, '1', '7202aaab-47c8-2e5d-5898-ae38c5379e4b', '1e3fea6d-4c76-3028-01e6-60ef96f96cf1'),
('240bf9ee-5633-3f33-1abd-551d06d2881f', 102, '1', '3d5b1131-38b5-2128-ebdb-93dede770727', '1e3fea6d-4c76-3028-01e6-60ef96f96cf1'),
('241c2c89-3fef-3331-546e-2171b88ecd48', 50, '1', '42057b24-694d-4ae8-a166-a58ab8ff47ca', '1e3fea6d-4c76-3028-01e6-60ef96f96cf1'),
('24773c31-79ad-1c09-aab2-149e4975e1d5', 17, '1', '7310a7ce-72fc-6d87-55b6-94da9cd298ec', '1e3fea6d-4c76-3028-01e6-60ef96f96cf1'),
('24aa130c-3ad6-40cd-808b-43a186779f89', 93, '1', '114b715b-430f-74cd-d5c6-21b180c0988f', '1e3fea6d-4c76-3028-01e6-60ef96f96cf1'),
('24ee5155-6693-2af4-6340-c5efa1df0570', 95, '1', '4520aa7f-492a-3c02-a066-a58ab8ff47ca', '1e3fea6d-4c76-3028-01e6-60ef96f96cf1'),
('2675391d-3f46-5e89-6640-c5efa1df0570', 56, '1', '26895d47-1420-68d0-9e66-a58ab8ff47ca', '1e3fea6d-4c76-3028-01e6-60ef96f96cf1'),
('268fac13-4f07-433d-4f6e-2171b88ecd48', 31, '1', '45e44dc8-211f-27ef-881b-27d9d367aeb0', '1e3fea6d-4c76-3028-01e6-60ef96f96cf1'),
('271a2c9b-662a-5cf7-5727-1a94db4f76a3', 112, '1', '26895d47-1420-68d0-9e66-a58ab8ff47ca', '3a8e2ab6-61f3-40a6-6777-fd2ea5b5f96c'),
('284fd5f7-2931-32e1-fd71-d76b213aef05', 77, '1', '3e34c4f2-3a6c-62c5-a266-a58ab8ff47ca', '1e3fea6d-4c76-3028-01e6-60ef96f96cf1'),
('28c68279-1f17-5e9e-738b-43a186779f89', 105, '1', '7d765e2c-410d-67ac-71e3-2ceaa9cf3765', '1e3fea6d-4c76-3028-01e6-60ef96f96cf1'),
('2917add2-288e-3909-c5fd-924f2e0d7bef', 98, '1', '399fc05a-6ef7-1a2d-3f6b-1629b83affd2', '1e3fea6d-4c76-3028-01e6-60ef96f96cf1'),
('29dc3b21-7c51-1381-70b9-9f229d266762', 42, '1', '3e34c4f2-3a6c-62c5-a266-a58ab8ff47ca', '52776972-4378-19fb-a3b5-71773acb3ca3'),
('29e68a1e-3d05-4b97-ff71-d76b213aef05', 113, '1', '7fa72f44-2825-2b26-d190-152dfadf6d0d', '3a8e2ab6-61f3-40a6-6777-fd2ea5b5f96c'),
('2b328c04-672f-6ee9-5b40-c5efa1df0570', 12, '1', '3800012e-758c-1328-861b-27d9d367aeb0', '6791db26-20dc-4136-0f3e-0e0d0971fd2e'),
('2b531fbb-6979-3a72-6740-c5efa1df0570', 98, '1', '2ed98b4b-4f60-6e40-5798-ae38c5379e4b', '3a8e2ab6-61f3-40a6-6777-fd2ea5b5f96c'),
('2d734add-56ac-7625-778b-43a186779f89', 2, '1', '592d4ad8-3675-2016-ecdb-93dede770727', '6791db26-20dc-4136-0f3e-0e0d0971fd2e'),
('2f786e04-4904-6c2c-5427-1a94db4f76a3', 35, '1', '357ec50e-37ed-43fc-d6c6-21b180c0988f', '52776972-4378-19fb-a3b5-71773acb3ca3'),
('3076be06-7560-3eb5-6840-c5efa1df0570', 14, '1', '3800012e-758c-1328-861b-27d9d367aeb0', '1e3fea6d-4c76-3028-01e6-60ef96f96cf1'),
('31060ace-32dc-3365-fe71-d76b213aef05', 30, '1', '3198e88a-43ba-6e4f-a366-a58ab8ff47ca', '1e3fea6d-4c76-3028-01e6-60ef96f96cf1'),
('31696d66-1b1c-298c-17bd-551d06d2881f', 41, '1', '592d4ad8-3675-2016-ecdb-93dede770727', '52776972-4378-19fb-a3b5-71773acb3ca3'),
('32cc84c6-237e-496b-7e8b-43a186779f89', 15, '1', '6462f381-27bb-2826-d490-152dfadf6d0d', '1e3fea6d-4c76-3028-01e6-60ef96f96cf1'),
('334359f4-49af-4d7a-1cbd-551d06d2881f', 10, '1', '4c411322-7cb4-657d-6fe3-2ceaa9cf3765', '6791db26-20dc-4136-0f3e-0e0d0971fd2e'),
('33c75bb2-61da-5090-4e6e-2171b88ecd48', 75, '1', '446c9f77-34e0-2453-8b1b-27d9d367aeb0', '1e3fea6d-4c76-3028-01e6-60ef96f96cf1'),
('33ecb6df-423e-4085-b9fd-924f2e0d7bef', 118, '1', '1949dae3-4d44-217e-9c66-a58ab8ff47ca', '3a8e2ab6-61f3-40a6-6777-fd2ea5b5f96c'),
('340406b2-21fd-39c8-0672-d76b213aef05', 103, '1', '3650c04e-62b1-6908-5598-ae38c5379e4b', '52776972-4378-19fb-a3b5-71773acb3ca3'),
('340a7f3a-1bd7-3bdc-0372-d76b213aef05', 6, '1', '45e44dc8-211f-27ef-881b-27d9d367aeb0', '52776972-4378-19fb-a3b5-71773acb3ca3'),
('34ccbf59-2fa1-2baf-5b6e-2171b88ecd48', 97, '1', '6462f381-27bb-2826-d490-152dfadf6d0d', '1e3fea6d-4c76-3028-01e6-60ef96f96cf1'),
('37b69873-6560-1eac-5227-1a94db4f76a3', 113, '1', '193ee03f-15cd-70e7-bd7b-a3ff9b28ff75', '1e3fea6d-4c76-3028-01e6-60ef96f96cf1'),
('3858fc1b-35b5-281a-0072-d76b213aef05', 116, '1', '1f60e54f-196f-45f3-5498-ae38c5379e4b', '1e3fea6d-4c76-3028-01e6-60ef96f96cf1'),
('39112b19-743d-5129-6a40-c5efa1df0570', 72, '1', '7310a7ce-72fc-6d87-55b6-94da9cd298ec', '1e3fea6d-4c76-3028-01e6-60ef96f96cf1'),
('3942f2f5-59c4-20fb-bafd-924f2e0d7bef', 30, '1', '3198e88a-43ba-6e4f-a366-a58ab8ff47ca', '1e3fea6d-4c76-3028-01e6-60ef96f96cf1'),
('39974110-788f-765f-c1fd-924f2e0d7bef', 76, '1', '3d5b1131-38b5-2128-ebdb-93dede770727', '1e3fea6d-4c76-3028-01e6-60ef96f96cf1'),
('3aeeec14-5631-43ee-6d72-9845c0e70fbd', 82, '1', '193ee03f-15cd-70e7-bd7b-a3ff9b28ff75', '1e3fea6d-4c76-3028-01e6-60ef96f96cf1'),
('3af8e6ae-4e9a-2f94-18bd-551d06d2881f', 74, '1', '24b8283e-35c3-4fc4-73e3-2ceaa9cf3765', '1e3fea6d-4c76-3028-01e6-60ef96f96cf1'),
('3b0c6e58-22f5-60a4-1fbd-551d06d2881f', 3, '1', '234be17d-3820-7daa-5698-ae38c5379e4b', '1e3fea6d-4c76-3028-01e6-60ef96f96cf1'),
('3b1d8a1d-5815-5012-6572-9845c0e70fbd', 59, '1', '7c3b7b80-7de9-412e-54b6-94da9cd298ec', '52776972-4378-19fb-a3b5-71773acb3ca3'),
('3daeb7c4-1f08-5bad-6f72-9845c0e70fbd', 86, '1', '3d5b1131-38b5-2128-ebdb-93dede770727', '52776972-4378-19fb-a3b5-71773acb3ca3'),
('3de25aae-611b-7620-5327-1a94db4f76a3', 83, '1', '5735931e-471e-4e0a-a466-a58ab8ff47ca', '1e3fea6d-4c76-3028-01e6-60ef96f96cf1'),
('3df4b821-7cb8-2b94-5127-1a94db4f76a3', 40, '1', '3198e88a-43ba-6e4f-a366-a58ab8ff47ca', '1e3fea6d-4c76-3028-01e6-60ef96f96cf1'),
('3f428c7f-5ff0-481d-7272-9845c0e70fbd', 7, '1', '4ba825b4-6631-78d1-5998-ae38c5379e4b', '52776972-4378-19fb-a3b5-71773acb3ca3'),
('402cd7b4-55a2-2eea-7f8b-43a186779f89', 54, '1', '3d5b1131-38b5-2128-ebdb-93dede770727', '1e3fea6d-4c76-3028-01e6-60ef96f96cf1'),
('40d712e5-35ab-1c87-c6fd-924f2e0d7bef', 18, '1', '3a0a7c7d-432b-6cf9-871b-27d9d367aeb0', '6791db26-20dc-4136-0f3e-0e0d0971fd2e'),
('421b6133-1238-7645-0172-d76b213aef05', 67, '1', '4782d29d-4baf-7371-d290-152dfadf6d0d', '1e3fea6d-4c76-3028-01e6-60ef96f96cf1'),
('42505db7-502c-701c-5a27-1a94db4f76a3', 48, '1', '13a507d0-342d-6292-6de3-2ceaa9cf3765', '1e3fea6d-4c76-3028-01e6-60ef96f96cf1'),
('428dfd61-6b3d-2f2d-aeb2-149e4975e1d5', 26, '1', '24b8283e-35c3-4fc4-73e3-2ceaa9cf3765', '1e3fea6d-4c76-3028-01e6-60ef96f96cf1'),
('42eb6136-28ed-1b56-67b9-9f229d266762', 110, '1', '6462f381-27bb-2826-d490-152dfadf6d0d', '1e3fea6d-4c76-3028-01e6-60ef96f96cf1'),
('44d855c7-348e-423e-516e-2171b88ecd48', 96, '1', '24b8283e-35c3-4fc4-73e3-2ceaa9cf3765', '3a8e2ab6-61f3-40a6-6777-fd2ea5b5f96c'),
('451cc699-54fe-61cc-6940-c5efa1df0570', 3, '1', '3198e88a-43ba-6e4f-a366-a58ab8ff47ca', '1e3fea6d-4c76-3028-01e6-60ef96f96cf1'),
('45ec3aec-28d5-7267-7d8b-43a186779f89', 15, '1', '7fa72f44-2825-2b26-d190-152dfadf6d0d', '1e3fea6d-4c76-3028-01e6-60ef96f96cf1'),
('4774f8a6-5807-5e9b-1dbd-551d06d2881f', 20, '1', '67cb2614-27d9-36f4-406b-1629b83affd2', '6791db26-20dc-4136-0f3e-0e0d0971fd2e'),
('47786e18-4aeb-3ad6-6a72-9845c0e70fbd', 69, '1', '5735931e-471e-4e0a-a466-a58ab8ff47ca', '52776972-4378-19fb-a3b5-71773acb3ca3'),
('47e84e8e-6469-49e4-6db9-9f229d266762', 42, '1', '1f60e54f-196f-45f3-5498-ae38c5379e4b', '1e3fea6d-4c76-3028-01e6-60ef96f96cf1'),
('48f1bf74-2e75-2ee7-6ab9-9f229d266762', 20, '1', '7fa72f44-2825-2b26-d190-152dfadf6d0d', '1e3fea6d-4c76-3028-01e6-60ef96f96cf1'),
('490e6274-3d5c-5a91-5627-1a94db4f76a3', 76, '1', '193ee03f-15cd-70e7-bd7b-a3ff9b28ff75', '52776972-4378-19fb-a3b5-71773acb3ca3'),
('493be5b9-1115-7eee-1ebd-551d06d2881f', 11, '1', '4958949d-17c9-454d-841b-27d9d367aeb0', '6791db26-20dc-4136-0f3e-0e0d0971fd2e'),
('49df31fe-5e51-7e82-68b9-9f229d266762', 3, '1', '4ba825b4-6631-78d1-5998-ae38c5379e4b', '6791db26-20dc-4136-0f3e-0e0d0971fd2e'),
('4af1e59a-70d1-17db-6eb9-9f229d266762', 23, '1', '1949dae3-4d44-217e-9c66-a58ab8ff47ca', '1e3fea6d-4c76-3028-01e6-60ef96f96cf1'),
('4b90104e-376d-6d36-a5b2-149e4975e1d5', 39, '1', '2ed98b4b-4f60-6e40-5798-ae38c5379e4b', '52776972-4378-19fb-a3b5-71773acb3ca3'),
('4bf3e2b0-336d-46ec-4d6e-2171b88ecd48', 66, '1', '357ec50e-37ed-43fc-d6c6-21b180c0988f', '1e3fea6d-4c76-3028-01e6-60ef96f96cf1'),
('4c483a8c-3afe-72f5-a6b2-149e4975e1d5', 34, '1', '4958949d-17c9-454d-841b-27d9d367aeb0', '1e3fea6d-4c76-3028-01e6-60ef96f96cf1'),
('4c4f77ac-6a4b-6f67-748b-43a186779f89', 38, '1', '3e34c4f2-3a6c-62c5-a266-a58ab8ff47ca', '6791db26-20dc-4136-0f3e-0e0d0971fd2e'),
('50596adc-5e5a-4841-526e-2171b88ecd48', 16, '1', '193ee03f-15cd-70e7-bd7b-a3ff9b28ff75', '6791db26-20dc-4136-0f3e-0e0d0971fd2e'),
('506dbdac-5cb0-329d-758b-43a186779f89', 113, '1', '32eb6bd6-6c74-4c19-d7c6-21b180c0988f', '6791db26-20dc-4136-0f3e-0e0d0971fd2e'),
('5085f055-37ca-1356-6672-9845c0e70fbd', 38, '1', '193ee03f-15cd-70e7-bd7b-a3ff9b28ff75', '1e3fea6d-4c76-3028-01e6-60ef96f96cf1'),
('51035e53-5849-171e-a9b2-149e4975e1d5', 99, '1', '5735931e-471e-4e0a-a466-a58ab8ff47ca', '1e3fea6d-4c76-3028-01e6-60ef96f96cf1'),
('52f88070-72ac-5dcf-71b9-9f229d266762', 5, '1', '5499db4b-17be-2f25-72e3-2ceaa9cf3765', '6791db26-20dc-4136-0f3e-0e0d0971fd2e'),
('5439cd13-2590-5825-4b6e-2171b88ecd48', 101, '1', '4520aa7f-492a-3c02-a066-a58ab8ff47ca', '3a8e2ab6-61f3-40a6-6777-fd2ea5b5f96c'),
('546a599d-61c7-288b-bffd-924f2e0d7bef', 24, '1', '6827e1c0-5b98-6d19-831b-27d9d367aeb0', '6791db26-20dc-4136-0f3e-0e0d0971fd2e'),
('55066688-40b6-4858-6972-9845c0e70fbd', 5, '1', '6e0dc48e-3eac-6143-9b66-a58ab8ff47ca', '6791db26-20dc-4136-0f3e-0e0d0971fd2e'),
('55e03030-34d0-53da-4f27-1a94db4f76a3', 30, '1', '23df2104-50d7-1d9c-eadb-93dede770727', '52776972-4378-19fb-a3b5-71773acb3ca3'),
('5828bb46-44c2-46f0-c0fd-924f2e0d7bef', 40, '1', '446c9f77-34e0-2453-8b1b-27d9d367aeb0', '6791db26-20dc-4136-0f3e-0e0d0971fd2e'),
('586106b2-4a8a-52db-5827-1a94db4f76a3', 45, '1', '3d5b1131-38b5-2128-ebdb-93dede770727', '1e3fea6d-4c76-3028-01e6-60ef96f96cf1'),
('587c7a36-4af1-438e-a4b2-149e4975e1d5', 66, '1', '4958949d-17c9-454d-841b-27d9d367aeb0', '52776972-4378-19fb-a3b5-71773acb3ca3'),
('59074868-372f-2fda-6c72-9845c0e70fbd', 49, '1', '6ff002a7-47b1-79ff-8a1b-27d9d367aeb0', '52776972-4378-19fb-a3b5-71773acb3ca3'),
('59236018-266d-1692-5c40-c5efa1df0570', 55, '1', '1f60e54f-196f-45f3-5498-ae38c5379e4b', '1e3fea6d-4c76-3028-01e6-60ef96f96cf1'),
('5afbb651-760f-7b72-b0b2-149e4975e1d5', 16, '1', '54878d33-29de-72c5-891b-27d9d367aeb0', '6791db26-20dc-4136-0f3e-0e0d0971fd2e'),
('5b05e41e-19a7-4b3f-5e40-c5efa1df0570', 92, '1', '357ec50e-37ed-43fc-d6c6-21b180c0988f', '1e3fea6d-4c76-3028-01e6-60ef96f96cf1'),
('5bfe9668-7a5d-2710-5d40-c5efa1df0570', 94, '1', '5499db4b-17be-2f25-72e3-2ceaa9cf3765', '1e3fea6d-4c76-3028-01e6-60ef96f96cf1'),
('5c63d96e-7c8f-1791-bbfd-924f2e0d7bef', 16, '1', '1949dae3-4d44-217e-9c66-a58ab8ff47ca', '52776972-4378-19fb-a3b5-71773acb3ca3'),
('5c99ad08-1986-22fc-506e-2171b88ecd48', 27, '1', '54878d33-29de-72c5-891b-27d9d367aeb0', '1e3fea6d-4c76-3028-01e6-60ef96f96cf1'),
('5d08ec70-2d93-2899-828b-43a186779f89', 37, '1', '45e44dc8-211f-27ef-881b-27d9d367aeb0', '1e3fea6d-4c76-3028-01e6-60ef96f96cf1'),
('5d6a7fbb-3c01-16e3-abb2-149e4975e1d5', 73, '1', '357ec50e-37ed-43fc-d6c6-21b180c0988f', '1e3fea6d-4c76-3028-01e6-60ef96f96cf1'),
('5ee412be-2317-3b6f-788b-43a186779f89', 25, '1', '7202aaab-47c8-2e5d-5898-ae38c5379e4b', '52776972-4378-19fb-a3b5-71773acb3ca3'),
('5f722b6b-7339-2e4e-66b9-9f229d266762', 108, '1', '34d489e2-6add-5426-d390-152dfadf6d0d', '1e3fea6d-4c76-3028-01e6-60ef96f96cf1'),
('5f973c88-6884-7702-1bbd-551d06d2881f', 58, '1', '114b715b-430f-74cd-d5c6-21b180c0988f', '1e3fea6d-4c76-3028-01e6-60ef96f96cf1'),
('5fb84c8e-2239-666b-72b9-9f229d266762', 33, '1', '357ec50e-37ed-43fc-d6c6-21b180c0988f', '52776972-4378-19fb-a3b5-71773acb3ca3'),
('62d291e2-4198-3896-596e-2171b88ecd48', 2, '1', '1949dae3-4d44-217e-9c66-a58ab8ff47ca', '1e3fea6d-4c76-3028-01e6-60ef96f96cf1'),
('63cc2ce9-3251-3faf-5f40-c5efa1df0570', 69, '1', '399fc05a-6ef7-1a2d-3f6b-1629b83affd2', '1e3fea6d-4c76-3028-01e6-60ef96f96cf1'),
('63ff3ef2-151b-7a70-4c6e-2171b88ecd48', 79, '1', '6462f381-27bb-2826-d490-152dfadf6d0d', '52776972-4378-19fb-a3b5-71773acb3ca3'),
('64125655-439b-1b96-5a6e-2171b88ecd48', 76, '1', '34d489e2-6add-5426-d390-152dfadf6d0d', '1e3fea6d-4c76-3028-01e6-60ef96f96cf1'),
('65135962-3263-7859-0272-d76b213aef05', 10, '1', '6462f381-27bb-2826-d490-152dfadf6d0d', '52776972-4378-19fb-a3b5-71773acb3ca3'),
('667932b9-1fa3-1a66-586e-2171b88ecd48', 15, '1', '6ff002a7-47b1-79ff-8a1b-27d9d367aeb0', '6791db26-20dc-4136-0f3e-0e0d0971fd2e'),
('690c5e09-448b-1cc5-afb2-149e4975e1d5', 81, '1', '6827e1c0-5b98-6d19-831b-27d9d367aeb0', '1e3fea6d-4c76-3028-01e6-60ef96f96cf1'),
('697ed0a0-1df4-69c2-6772-9845c0e70fbd', 51, '1', '6ff002a7-47b1-79ff-8a1b-27d9d367aeb0', '52776972-4378-19fb-a3b5-71773acb3ca3'),
('69bf2a80-6a3b-56fc-6872-9845c0e70fbd', 86, '1', '3564d2c8-2839-5bf7-851b-27d9d367aeb0', '1e3fea6d-4c76-3028-01e6-60ef96f96cf1'),
('6b0d2d2b-4d30-511a-64b9-9f229d266762', 82, '1', '3e34c4f2-3a6c-62c5-a266-a58ab8ff47ca', '1e3fea6d-4c76-3028-01e6-60ef96f96cf1'),
('6b795290-465c-4141-14bd-551d06d2881f', 17, '1', '357ec50e-37ed-43fc-d6c6-21b180c0988f', '6791db26-20dc-4136-0f3e-0e0d0971fd2e'),
('6c18e97c-64dc-13df-6040-c5efa1df0570', 58, '1', '7202aaab-47c8-2e5d-5898-ae38c5379e4b', '1e3fea6d-4c76-3028-01e6-60ef96f96cf1'),
('6caff8e1-3b71-2f84-6140-c5efa1df0570', 35, '1', '193ee03f-15cd-70e7-bd7b-a3ff9b28ff75', '52776972-4378-19fb-a3b5-71773acb3ca3'),
('6dc477a6-5ff9-2907-556e-2171b88ecd48', 75, '1', '3a0a7c7d-432b-6cf9-871b-27d9d367aeb0', '1e3fea6d-4c76-3028-01e6-60ef96f96cf1'),
('6e631138-2501-6d55-768b-43a186779f89', 24, '1', '23df2104-50d7-1d9c-eadb-93dede770727', '6791db26-20dc-4136-0f3e-0e0d0971fd2e'),
('6ecc4dc0-3899-269d-adb2-149e4975e1d5', 53, '1', '34d489e2-6add-5426-d390-152dfadf6d0d', '6791db26-20dc-4136-0f3e-0e0d0971fd2e'),
('6f34122f-69d0-7568-c3fd-924f2e0d7bef', 49, '1', '234be17d-3820-7daa-5698-ae38c5379e4b', '1e3fea6d-4c76-3028-01e6-60ef96f96cf1'),
('71bb0a9b-474e-1cba-c7fd-924f2e0d7bef', 9, '1', '47782bc9-1bf1-7c7b-6ee3-2ceaa9cf3765', '6791db26-20dc-4136-0f3e-0e0d0971fd2e'),
('72be6a63-6c4c-7d5e-c4fd-924f2e0d7bef', 65, '1', '6827e1c0-5b98-6d19-831b-27d9d367aeb0', '52776972-4378-19fb-a3b5-71773acb3ca3'),
('73053be1-6840-25df-16bd-551d06d2881f', 119, '1', '4ba825b4-6631-78d1-5998-ae38c5379e4b', '1e3fea6d-4c76-3028-01e6-60ef96f96cf1'),
('73f8fe27-55ac-5629-6fb9-9f229d266762', 73, '1', '3198e88a-43ba-6e4f-a366-a58ab8ff47ca', '1e3fea6d-4c76-3028-01e6-60ef96f96cf1'),
('741648a9-4fa2-6f92-73b9-9f229d266762', 48, '1', '7202aaab-47c8-2e5d-5898-ae38c5379e4b', '52776972-4378-19fb-a3b5-71773acb3ca3'),
('754de6a9-3875-7345-7c8b-43a186779f89', 119, '1', '4ba825b4-6631-78d1-5998-ae38c5379e4b', '1e3fea6d-4c76-3028-01e6-60ef96f96cf1'),
('7551dcc9-418f-6925-7b8b-43a186779f89', 37, '1', '7310a7ce-72fc-6d87-55b6-94da9cd298ec', '52776972-4378-19fb-a3b5-71773acb3ca3'),
('757782fc-7b3f-2222-6cb9-9f229d266762', 52, '1', '357ec50e-37ed-43fc-d6c6-21b180c0988f', '52776972-4378-19fb-a3b5-71773acb3ca3'),
('76874e5e-35c7-60b5-bcfd-924f2e0d7bef', 62, '1', '2ed98b4b-4f60-6e40-5798-ae38c5379e4b', '1e3fea6d-4c76-3028-01e6-60ef96f96cf1'),
('7843723d-163b-2dba-6440-c5efa1df0570', 81, '1', '23df2104-50d7-1d9c-eadb-93dede770727', '1e3fea6d-4c76-3028-01e6-60ef96f96cf1'),
('79bc0e61-40c1-5103-befd-924f2e0d7bef', 67, '1', '6ff002a7-47b1-79ff-8a1b-27d9d367aeb0', '1e3fea6d-4c76-3028-01e6-60ef96f96cf1'),
('7a7a7a64-2a24-4f5b-fc71-d76b213aef05', 106, '1', '7310a7ce-72fc-6d87-55b6-94da9cd298ec', '3a8e2ab6-61f3-40a6-6777-fd2ea5b5f96c'),
('7a81b696-768c-4603-6b72-9845c0e70fbd', 45, '1', '399fc05a-6ef7-1a2d-3f6b-1629b83affd2', '52776972-4378-19fb-a3b5-71773acb3ca3'),
('7bd472c6-2945-30c2-7172-9845c0e70fbd', 18, '1', '5735931e-471e-4e0a-a466-a58ab8ff47ca', '6791db26-20dc-4136-0f3e-0e0d0971fd2e'),
('7c19b63f-6e90-6501-a8b2-149e4975e1d5', 118, '1', '32eb6bd6-6c74-4c19-d7c6-21b180c0988f', '1e3fea6d-4c76-3028-01e6-60ef96f96cf1'),
('7c63e706-166d-6eec-bdfd-924f2e0d7bef', 87, '1', '7c3b7b80-7de9-412e-54b6-94da9cd298ec', '1e3fea6d-4c76-3028-01e6-60ef96f96cf1'),
('7cca28b6-58fb-6609-65b9-9f229d266762', 75, '1', '3d5b1131-38b5-2128-ebdb-93dede770727', '52776972-4378-19fb-a3b5-71773acb3ca3'),
('7e4d89a6-6d6b-3a09-b1b2-149e4975e1d5', 119, '1', '3564d2c8-2839-5bf7-851b-27d9d367aeb0', '1e3fea6d-4c76-3028-01e6-60ef96f96cf1'),
('7e7a16a7-24ab-7e4d-576e-2171b88ecd48', 57, '1', '7d765e2c-410d-67ac-71e3-2ceaa9cf3765', '6791db26-20dc-4136-0f3e-0e0d0971fd2e');

-- 
-- Dumping data for table hoadonluongtt
--
INSERT INTO hoadonluongtt VALUES
('11d633ac-53cd-68d4-53dc-43b45f7141d5', 'HDL908', 64932491, '2021-11-01 01:39:01', 'Đã thanh toán', 'nothing', '6e28e256-362a-49f9-c3fd-278daae7c16d', '79327f48-3dbe-3617-456a-5d2dfa3acc6d'),
('1ceb3546-543f-24d3-1fcf-aa51525c979b', 'HDL530', 17349749, '2021-11-01 00:01:17', 'Chưa thanh toán', 'nothing', '6af9af24-2ded-185d-eb09-a63d71b861bb', '6211f0df-157b-4666-4429-a0f052958fd4'),
('284430f3-17ef-1a80-52dc-43b45f7141d5', 'HDL067', 26724290, '2021-11-12 01:35:15', 'Đã thanh toán', 'nothing', '7cf4a79f-43d5-5d92-a9ba-3ea8b7d05250', '3e72ec66-42df-3ee8-e40b-4ddb3f520f9b'),
('28b1edec-15f7-56b3-20cf-aa51525c979b', 'HDL116', 21639632, '2021-11-14 02:31:32', 'Đã thanh toán', 'nothing', '6e28e256-362a-49f9-c3fd-278daae7c16d', '2804d021-6b21-7b58-4329-a0f052958fd4'),
('31d52611-19e0-2b1d-7719-62931b35e58e', 'HDL446', 64586890, '2021-11-18 02:38:20', 'Chưa thanh toán', 'nothing', '57dad6d6-7d4b-7607-c4fd-278daae7c16d', '2c321377-252e-743f-60b5-dbdeded26587'),
('3724c9f9-7988-3589-8d58-bd6978804317', 'HDL248', 21255001, '2021-11-12 00:05:27', 'Đã thanh toán', 'nothing', '664c835e-23cc-566d-7cd8-e07eb4c91d2d', '28b80c59-3a57-4451-5e74-1ea2372d29ee'),
('4009bb34-5048-7296-a5a3-3b1b5d18dd30', 'HDL474', 30990754, '2021-11-18 16:12:38', 'Chưa thanh toán', 'nothing', '7cf4a79f-43d5-5d92-a9ba-3ea8b7d05250', '2786f42b-5723-5b86-ff56-cb8c24eaa8b4'),
('4384d46f-428b-156c-f730-8060ecec875e', 'HDL407', 34196716, '2021-11-15 19:59:23', 'Đã thanh toán', 'nothing', '6af9af24-2ded-185d-eb09-a63d71b861bb', '272b6775-53af-4680-5ab5-dbdeded26587'),
('522f0ead-227e-4713-5ece-e3e1369d4b75', 'HDL693', 51795059, '2021-11-08 22:17:56', 'Đã thanh toán', 'nothing', '2c385729-3945-69f9-926f-c0f6d238b936', '41aa6831-7bc7-38b5-6074-1ea2372d29ee'),
('5463cdb9-3140-7448-381a-290337f430b5', 'HDL991', 59894530, '2021-11-04 20:50:41', 'Chưa thanh toán', 'nothing', '22877e36-553c-5e68-638d-62cdcf318413', '6211f0df-157b-4666-4429-a0f052958fd4'),
('5ae0805e-78c3-68ad-8b58-bd6978804317', 'HDL489', 69049228, '2021-11-16 22:24:42', 'Chưa thanh toán', 'nothing', '5bcb39ca-52cd-6fa9-916f-c0f6d238b936', '5db8be79-24bb-5e5a-4e86-1a6b96b64d65'),
('5d17e34b-2ed9-681b-a7a3-3b1b5d18dd30', 'HDL939', 29800496, '2021-11-23 10:25:42', 'Chưa thanh toán', 'nothing', '6e28e256-362a-49f9-c3fd-278daae7c16d', '19dc6ca9-1db8-320a-486a-5d2dfa3acc6d'),
('5dd61bb1-30e8-4365-a4a3-3b1b5d18dd30', 'HDL666', 24302129, '2021-11-01 00:48:02', 'Đã thanh toán', 'nothing', '22877e36-553c-5e68-638d-62cdcf318413', '1c3fcdb0-6bea-784d-4729-a0f052958fd4'),
('61669386-6609-13f7-8c58-bd6978804317', 'HDL631', 48966871, '2021-11-12 07:03:00', 'Đã thanh toán', 'nothing', '79cf0141-1844-2fa0-c2fd-278daae7c16d', '456df03c-703b-5ff2-680e-a301df02d928'),
('6a254ec9-22c8-5318-8e58-bd6978804317', 'HDL826', 21208301, '2021-11-05 12:22:56', 'Chưa thanh toán', 'nothing', '520306c1-6198-3120-061c-777061e1fef3', '1dec1128-6aeb-39f2-4a86-1a6b96b64d65'),
('6bc44b64-584c-3a69-5fce-e3e1369d4b75', 'HDL547', 19158575, '2021-11-01 00:00:29', 'Đã thanh toán', 'nothing', '22877e36-553c-5e68-638d-62cdcf318413', '51a6c43b-4740-4a8a-4529-a0f052958fd4'),
('6bcc7dd8-787a-1df3-a8a3-3b1b5d18dd30', 'HDL316', 15441981, '2021-11-15 23:35:33', 'Chưa thanh toán', 'nothing', '37bf2411-7aa3-12ca-906f-c0f6d238b936', '24cc8d61-3975-72be-fb56-cb8c24eaa8b4'),
('6fd89268-16fd-5076-a6a3-3b1b5d18dd30', 'HDL900', 20690421, '2021-11-18 09:27:36', 'Đã thanh toán', 'nothing', '6af9af24-2ded-185d-eb09-a63d71b861bb', '39ad0e2a-32b6-6c15-436a-5d2dfa3acc6d'),
('6fda79b6-5e46-45f1-8f58-bd6978804317', 'HDL727', 47040410, '2021-11-01 00:00:02', 'Đã thanh toán', 'nothing', '7cf4a79f-43d5-5d92-a9ba-3ea8b7d05250', '3a6b8829-2a3b-7d59-5fb5-dbdeded26587'),
('75eff582-6217-7650-6827-c2654409dbee', 'HDL286', 60739736, '2021-11-16 18:14:52', 'Chưa thanh toán', 'nothing', '664c835e-23cc-566d-7cd8-e07eb4c91d2d', '272b6775-53af-4680-5ab5-dbdeded26587');

-- 
-- Restore previous SQL mode
-- 
/*!40101 SET SQL_MODE=@OLD_SQL_MODE */;

-- 
-- Enable foreign keys
-- 
/*!40014 SET FOREIGN_KEY_CHECKS = @OLD_FOREIGN_KEY_CHECKS */;